ALZ20,2020-12-24,2022.75,2022.75,2022.75,2022.75,0,193
ALZ20,2020-12-28,2022.75,2022.75,2022.75,2022.75,0,193
ALF21,2020-12-29,2012.5,2012.5,2012.5,2012.5,70,173
ALF21,2020-12-30,2024.5,2024.5,2024.5,2024.5,0,173
ALF21,2020-12-31,1990,1990,1990,1990,0,170
ALF21,2021-01-04,2023.25,2023.25,2023.25,2023.25,100,179
ALF21,2021-01-05,2042,2055,2042,2050,242,236
ALF21,2021-01-06,2038,2038,2038,2038,423,313
ALF21,2021-01-07,2039.25,2039.25,2039.25,2039.25,427,298
ALF21,2021-01-08,2022.25,2022.25,2022.25,2022.25,425,317
ALF21,2021-01-11,2000.75,2000.75,2000.75,2000.75,170,309
ALF21,2021-01-12,2015.5,2015.5,2015.5,2015.5,66,320
ALF21,2021-01-13,2007.5,2007.5,2007.5,2007.5,20,320
ALF21,2021-01-14,1997.75,1997.75,1997.75,1997.75,52,304
ALF21,2021-01-15,1973.25,1973.25,1973.25,1973.25,88,285
ALF21,2021-01-19,1953.25,1953.25,1953.25,1953.25,153,280
ALF21,2021-01-20,1929.5,1929.5,1929.5,1929.5,116,308
ALF21,2021-01-21,2000.25,2000.25,2000.25,2000.25,97,296
ALF21,2021-01-22,1993.5,1993.5,1993.5,1993.5,40,306
ALF21,2021-01-25,2015.5,2015.5,2015.5,2015.5,45,306
ALF21,2021-01-26,2020.25,2020.25,2020.25,2020.25,12,306
ALG21,2021-01-27,1993.75,1993.75,1993.75,1993.75,10,239
ALG21,2021-01-28,1984.75,1984.75,1984.75,1984.75,0,239
ALG21,2021-01-29,1982,1982,1982,1982,0,239
ALG21,2021-02-01,1963,1963,1963,1963,167,210
ALG21,2021-02-02,1966.5,1966.5,1966.5,1966.5,115,208
ALG21,2021-02-03,1973.25,1973.25,1973.25,1973.25,90,219
ALG21,2021-02-04,1994,1994,1994,1994,124,196
ALG21,2021-02-05,2018.75,2018.75,2018.75,2018.75,90,210
ALG21,2021-02-08,2035.5,2035.5,2035.5,2035.5,115,235
ALG21,2021-02-09,2063.5,2063.5,2063.5,2063.5,57,239
ALG21,2021-02-10,2080.75,2080.75,2080.75,2080.75,155,239
ALG21,2021-02-11,2084,2084,2084,2084,45,239
ALG21,2021-02-12,2091.75,2091.75,2091.75,2091.75,10,239
ALG21,2021-02-16,2083,2083,2083,2083,25,239
ALG21,2021-02-17,2116.25,2116.25,2116.25,2116.25,55,244
ALG21,2021-02-18,2141.5,2141.5,2141.5,2141.5,89,244
ALG21,2021-02-19,2132,2132,2132,2132,60,249
ALG21,2021-02-22,2167,2167,2167,2167,95,249
ALG21,2021-02-23,2156.25,2156.25,2156.25,2156.25,51,244
ALH21,2021-02-24,2205.25,2205.25,2205.25,2205.25,12,163
ALH21,2021-02-25,2253.25,2253.25,2253.25,2253.25,10,173
ALH21,2021-02-26,2182.5,2182.5,2182.5,2182.5,6,170
ALH21,2021-03-01,2146.25,2146.25,2146.25,2146.25,153,181
ALH21,2021-03-02,2231.25,2231.25,2231.25,2231.25,330,199
ALH21,2021-03-03,2221,2221,2221,2221,307,215
ALH21,2021-03-04,2186,2186,2186,2186,275,187
ALH21,2021-03-05,2194.75,2194.75,2194.75,2194.75,235,192
ALH21,2021-03-08,2190.5,2190.5,2190.5,2190.5,94,192
ALH21,2021-03-09,2185,2185,2185,2185,512,124
ALH21,2021-03-10,2187.25,2187.25,2187.25,2187.25,564,86
ALH21,2021-03-11,2195.75,2195.75,2195.75,2195.75,1116,87
ALH21,2021-03-12,2187.5,2187.5,2187.5,2187.5,58,86
ALH21,2021-03-15,2233.5,2233.5,2233.5,2233.5,444,118
ALH21,2021-03-16,2211.5,2211.5,2211.5,2211.5,324,118
ALH21,2021-03-17,2249.5,2249.5,2249.5,2249.5,738,137
ALH21,2021-03-18,2232.5,2232.5,2232.5,2232.5,289,172
ALH21,2021-03-19,2256.25,2256.25,2256.25,2256.25,793,98
ALH21,2021-03-22,2283.5,2283.5,2283.5,2283.5,296,68
ALH21,2021-03-23,2240,2240,2240,2240,797,113
ALH21,2021-03-24,2248.5,2248.5,2248.5,2248.5,160,130
ALH21,2021-03-25,2247.25,2247.25,2247.25,2247.25,366,167
ALH21,2021-03-26,2295.75,2295.75,2295.75,2295.75,14,167
ALJ21,2021-03-29,2277.5,2277.5,2277.5,2277.5,49,168
ALJ21,2021-03-30,2237.25,2237.25,2237.25,2237.25,2,167
ALJ21,2021-03-31,2215,2215,2215,2215,0,167
ALJ21,2021-04-01,2234.5,2234.5,2234.5,2234.5,1150,152
ALJ21,2021-04-05,2234.5,2234.5,2234.5,2234.5,0,152
ALJ21,2021-04-06,2273.75,2273.75,2273.75,2273.75,832,150
ALJ21,2021-04-07,2266.25,2266.25,2266.25,2266.25,495,170
ALJ21,2021-04-08,2290.5,2290.5,2290.5,2290.5,695,177
ALJ21,2021-04-09,2266.75,2266.75,2266.75,2266.75,80,175
ALJ21,2021-04-12,2270,2270,2270,2270,1229,179
ALJ21,2021-04-13,2304.5,2304.5,2304.5,2304.5,1117,175
ALJ21,2021-04-14,2336.5,2336.5,2336.5,2336.5,227,179
ALJ21,2021-04-15,2347.25,2347.25,2347.25,2347.25,713,180
ALJ21,2021-04-16,2327.5,2327.5,2327.5,2327.5,1254,190
ALJ21,2021-04-19,2340.75,2340.75,2340.75,2340.75,234,182
ALJ21,2021-04-20,2320.25,2320.25,2320.25,2320.25,386,190
ALJ21,2021-04-21,2377.25,2377.25,2377.25,2377.25,189,213
ALJ21,2021-04-22,2368,2368,2368,2368,309,193
ALJ21,2021-04-23,2372.5,2372.5,2372.5,2372.5,706,181
ALJ21,2021-04-26,2406.25,2406.25,2406.25,2406.25,26,181
ALJ21,2021-04-27,2398,2398,2398,2398,223,214
ALK21,2021-04-28,2405,2405,2405,2405,99,242
ALK21,2021-04-29,2419,2419,2419,2419,79,249
ALK21,2021-04-30,2413,2413,2413,2413,3,249
ALK21,2021-05-03,2413,2413,2413,2413,0,249
ALK21,2021-05-04,2436,2436,2436,2436,158,246
ALK21,2021-05-05,2456.75,2456.75,2456.75,2456.75,1686,251
ALK21,2021-05-06,2504.75,2504.75,2504.75,2504.75,1587,254
ALK21,2021-05-07,2555.25,2555.25,2555.25,2555.25,914,255
ALK21,2021-05-10,2549,2549,2549,2549,524,258
ALK21,2021-05-11,2542.75,2542.75,2542.75,2542.75,1518,274
ALK21,2021-05-12,2513.75,2513.75,2513.75,2513.75,1406,283
ALK21,2021-05-13,2474.5,2474.5,2474.5,2474.5,390,259
ALK21,2021-05-14,2475.75,2475.75,2475.75,2475.75,143,265
ALK21,2021-05-17,2525.75,2525.75,2525.75,2525.75,453,280
ALK21,2021-05-18,2499.75,2499.75,2499.75,2499.75,1043,273
ALK21,2021-05-19,2434.75,2434.75,2434.75,2434.75,1056,296
ALK21,2021-05-20,2424.5,2424.5,2424.5,2424.5,844,290
ALK21,2021-05-21,2388.5,2388.5,2388.5,2388.5,311,304
ALK21,2021-05-24,2406.5,2406.5,2406.5,2406.5,1178,262
ALK21,2021-05-25,2393.5,2393.5,2393.5,2393.5,366,274
ALM21,2021-05-26,2429.5,2429.5,2429.5,2429.5,61,271
ALM21,2021-05-27,2501.25,2501.25,2501.25,2501.25,135,305
ALM21,2021-05-28,2519.5,2519.5,2519.5,2519.5,57,305
ALM21,2021-06-01,2493,2493,2493,2493,361,328
ALM21,2021-06-02,2465.25,2465.25,2465.25,2465.25,1345,308
ALM21,2021-06-03,2427.75,2427.75,2427.75,2427.75,1705,338
ALM21,2021-06-04,2478.25,2478.25,2478.25,2478.25,566,336
ALM21,2021-06-07,2452.75,2452.75,2452.75,2452.75,90,177
ALM21,2021-06-08,2470.75,2470.75,2470.75,2470.75,39,176
ALM21,2021-06-09,2475.25,2475.25,2475.25,2475.25,527,167
ALM21,2021-06-10,2500.75,2500.75,2500.75,2500.75,1138,198
ALM21,2021-06-11,2488.75,2488.75,2488.75,2488.75,246,188
ALM21,2021-06-14,2518,2518,2518,2518,284,190
ALM21,2021-06-15,2479.75,2479.75,2479.75,2479.75,733,192
ALM21,2021-06-16,2488.25,2488.25,2488.25,2488.25,818,218
ALM21,2021-06-17,2420,2420,2420,2420,488,224
ALM21,2021-06-18,2401.75,2401.75,2401.75,2401.75,378,240
ALM21,2021-06-21,2420.5,2420.5,2420.5,2420.5,1617,216
ALM21,2021-06-22,2439.25,2439.25,2439.25,2439.25,402,229
ALM21,2021-06-23,2447.25,2447.25,2447.25,2447.25,942,250
ALM21,2021-06-24,2454,2454,2454,2454,131,276
ALM21,2021-06-25,2502,2502,2502,2502,104,286
ALN21,2021-06-28,2514,2514,2514,2514,111,299
ALN21,2021-06-29,2569,2569,2569,2569,345,341
ALN21,2021-06-30,2548.75,2548.75,2548.75,2548.75,191,384
ALN21,2021-07-01,2534.75,2534.75,2534.75,2534.75,944,452
ALN21,2021-07-02,2585.75,2585.75,2585.75,2585.75,431,448
ALN21,2021-07-06,2556,2556,2556,2556,648,492
ALN21,2021-07-07,2524,2524,2524,2524,855,481
ALN21,2021-07-08,2467,2467,2467,2467,419,483
ALN21,2021-07-09,2521.75,2521.75,2521.75,2521.75,397,476
ALN21,2021-07-12,2511.25,2511.25,2511.25,2511.25,884,456
ALN21,2021-07-13,2559.25,2559.25,2559.25,2559.25,1091,482
ALN21,2021-07-14,2542.5,2542.5,2542.5,2542.5,1883,474
ALN21,2021-07-15,2534.75,2534.75,2534.75,2534.75,393,490
ALN21,2021-07-16,2506.25,2506.25,2506.25,2506.25,252,483
ALN21,2021-07-19,2440,2440,2440,2440,423,476
ALN21,2021-07-20,2485.25,2485.25,2485.25,2485.25,3108,472
ALN21,2021-07-21,2478,2478,2478,2478,1481,541
ALN21,2021-07-22,2508.75,2508.75,2508.75,2508.75,196,529
ALN21,2021-07-23,2531.25,2531.25,2531.25,2531.25,67,524
ALN21,2021-07-26,2542,2542,2542,2542,372,515
ALN21,2021-07-27,2515.25,2515.25,2515.25,2515.25,197,438
ALQ21,2021-07-28,2559.75,2559.75,2559.75,2559.75,102,440
ALQ21,2021-07-29,2620.75,2620.75,2620.75,2620.75,164,458
ALQ21,2021-07-30,2624.25,2624.25,2624.25,2624.25,117,420
ALQ21,2021-08-02,2647,2647,2647,2647,1905,422
ALQ21,2021-08-03,2607.75,2607.75,2607.75,2607.75,2527,483
ALQ21,2021-08-04,2589.25,2589.25,2589.25,2589.25,2100,472
ALQ21,2021-08-05,2610.25,2610.25,2610.25,2610.25,2352,472
ALQ21,2021-08-06,2601.25,2601.25,2601.25,2601.25,2398,470
ALQ21,2021-08-09,2570.75,2570.75,2570.75,2570.75,629,466
ALQ21,2021-08-10,2596.75,2596.75,2596.75,2596.75,2188,474
ALQ21,2021-08-11,2607.75,2607.75,2607.75,2607.75,1665,476
ALQ21,2021-08-12,2593.5,2593.5,2593.5,2593.5,1811,533
ALQ21,2021-08-13,2618,2618,2618,2618,1788,552
ALQ21,2021-08-16,2616.25,2616.25,2616.25,2616.25,222,552
ALQ21,2021-08-17,2613.75,2613.75,2613.75,2613.75,163,546
ALQ21,2021-08-18,2572.5,2572.5,2572.5,2572.5,1033,568
ALQ21,2021-08-19,2562.75,2562.75,2562.75,2562.75,786,560
ALQ21,2021-08-20,2566.5,2566.5,2566.5,2566.5,386,569
ALQ21,2021-08-23,2620,2620,2620,2620,131,510
ALQ21,2021-08-24,2647.5,2647.5,2647.5,2647.5,85,515
ALQ21,2021-08-25,2648.5,2648.5,2648.5,2648.5,7,515
ALQ21,2021-08-26,2655.5,2655.5,2655.5,2655.5,55,515
ALU21,2021-08-27,2673,2673,2673,2673,145,516
ALU21,2021-08-30,2673,2673,2673,2673,0,516
ALU21,2021-08-31,2746.25,2746.25,2746.25,2746.25,103,507
ALU21,2021-09-01,2717.5,2717.5,2717.5,2717.5,155,513
ALU21,2021-09-02,2723.25,2723.25,2723.25,2723.25,334,517
ALU21,2021-09-03,2753.75,2753.75,2753.75,2753.75,1234,507
ALU21,2021-09-07,2787.75,2787.75,2787.75,2787.75,1164,491
ALU21,2021-09-08,2818.5,2818.5,2818.5,2818.5,1747,492
ALU21,2021-09-09,2864.25,2864.25,2864.25,2948,1853,512
ALU21,2021-09-10,2948,2948,2948,2948,234,477
ALU21,2021-09-13,2929.5,2929.5,2929.5,2929.5,298,465
ALU21,2021-09-14,2866.5,2866.5,2866.5,2866.5,1143,454
ALU21,2021-09-15,2928.25,2928.25,2928.25,2928.25,341,470
ALU21,2021-09-16,2918,2918,2918,2919.5,1310,563
ALU21,2021-09-17,2919.5,2919.5,2919.5,2919.5,402,568
ALU21,2021-09-20,2896.5,2896.5,2896.5,2896.5,325,495
ALU21,2021-09-21,2883.5,2883.5,2883.5,2883.5,2144,521
ALU21,2021-09-22,2976,2976,2976,2976,1063,507
ALU21,2021-09-23,2987.5,2987.5,2987.5,2987.5,788,514
ALU21,2021-09-24,2958,2958,2958,2958,316,648
ALU21,2021-09-27,2923.25,2923.25,2923.25,2923.25,885,536
ALV21,2021-09-28,2991.75,2991.75,2991.75,2991.75,277,549
ALV21,2021-09-29,2965.25,2965.25,2965.25,2965.25,191,513
ALV21,2021-09-30,2903,2903,2903,2903,86,513
ALV21,2021-10-01,2902.25,2902.25,2902.25,2902.25,391,544
ALV21,2021-10-04,2957.25,2957.25,2957.25,2957.25,1707,541
ALV21,2021-10-05,2966.5,2966.5,2966.5,2966.5,1508,542
ALV21,2021-10-06,2942,2942,2942,2942,1027,545
ALV21,2021-10-07,2991,2991,2991,2991,1012,537
ALV21,2021-10-08,3011.25,3011.25,3011.25,3011.25,1174,533
ALV21,2021-10-11,3111.5,3111.5,3111.5,3111.5,1137,460
ALV21,2021-10-12,3108.75,3108.75,3108.75,3108.75,614,254
ALV21,2021-10-13,3038.75,3038.75,3038.75,3038.75,740,257
ALV21,2021-10-14,3130.5,3130.5,3130.5,3130.5,41,245
ALV21,2021-10-15,3171,3171,3171,3171,126,250
ALV21,2021-10-18,3202.5,3206.5,3202.5,3202.5,47,245
ALV21,2021-10-19,3138.25,3138.25,3138.25,3138.25,691,254
ALV21,2021-10-20,3108.75,3108.75,3108.75,3108.75,792,256
ALV21,2021-10-21,2935.5,2935.5,2935.5,2935.5,198,254
ALV21,2021-10-22,2905.75,2907.75,2907.75,2907.75,204,246
ALV21,2021-10-25,2908,2908,2908,2908,477,250
ALV21,2021-10-26,2860.75,2866.5,2866.5,2866.5,604,233
ALX21,2021-10-27,2723,2723,2723,2723,1385,233
ALX21,2021-10-28,2794.5,2794.5,2794.5,2794.5,101,234
ALX21,2021-10-29,2758.5,2758.5,2758.5,2758.5,1019,223
ALX21,2021-11-01,2776.25,2776.25,2776.25,2776.25,1207,261
ALX21,2021-11-02,2754.75,2754.75,2754.75,2754.75,1311,254
ALX21,2021-11-03,2712.5,2712.5,2712.5,2712.5,815,262
ALX21,2021-11-04,2616.25,2616.25,2616.25,2616.25,1024,258
ALX21,2021-11-05,2595.75,2595.75,2595.75,2595.75,1409,268
ALX21,2021-11-08,2604.75,2604.75,2604.75,2604.75,898,275
ALX21,2021-11-09,2560.5,2560.5,2560.5,2560.5,823,266
ALX21,2021-11-10,2567,2567,2567,2567,1060,342
ALX21,2021-11-11,2634,2634,2634,2645.25,47,240
ALX21,2021-11-12,2645.25,2645.25,2645.25,2645.25,57,227
ALX21,2021-11-15,2607.75,2607.75,2607.75,2607.75,134,230
ALX21,2021-11-16,2540.5,2540.5,2540.5,2540.5,66,207
ALX21,2021-11-17,2598.5,2598.5,2598.5,2598.5,995,228
ALX21,2021-11-18,2603,2603,2603,2662.75,1156,227
ALX21,2021-11-19,2662.75,2662.75,2662.75,2662.75,1425,216
ALX21,2021-11-22,2657.5,2657.5,2657.5,2657.5,24,216
ALX21,2021-11-23,2648,2648,2648,2648,834,206
ALX21,2021-11-24,2664.5,2664.5,2664.5,2664.5,542,206
ALZ21,2021-11-26,2585.5,2585.5,2585.5,2585.5,34,208
ALZ21,2021-11-29,2596,2596,2596,2596,7,210
ALZ21,2021-11-30,2591.25,2591.25,2591.25,2591.25,54,152
ALZ21,2021-12-01,2628.5,2628.5,2628.5,2628.5,1401,154
ALZ21,2021-12-02,2585.25,2585.25,2585.25,2596.25,1243,150
ALZ21,2021-12-03,2596.25,2596.25,2596.25,2596.25,1441,141
ALZ21,2021-12-06,2566.75,2566.75,2566.75,2566.75,84,145
ALZ21,2021-12-07,2601.75,2601.75,2601.75,2601.75,1540,141
ALZ21,2021-12-08,2576.25,2576.25,2576.25,2576.25,1588,201
ALZ21,2021-12-09,2579.5,2579.5,2579.5,2579.5,1673,183
ALZ21,2021-12-10,2550.75,2550.75,2550.75,2550.75,56,183
ALZ21,2021-12-13,2601.75,2601.75,2601.75,2601.75,10,184
ALZ21,2021-12-14,2569,2569,2569,2569,6,184
ALZ21,2021-12-15,2540,2540,2540,2540,38,185
ALZ21,2021-12-16,2611.25,2611.25,2611.25,2653.75,837,185
ALZ21,2021-12-17,2653.75,2653.75,2653.75,2653.75,1122,182
ALZ21,2021-12-20,2602,2602,2602,2602,1872,201
ALZ21,2021-12-21,2716.75,2716.75,2716.75,2716.75,978,249
ALZ21,2021-12-22,2803.75,2803.75,2803.75,2808,1276,234
ALZ21,2021-12-23,2808,2808,2808,2808,3,233
ALZ21,2021-12-27,2808,2808,2808,2808,0,233
ALZ21,2021-12-28,2808,2808,2808,2808,0,233
ALF22,2021-12-29,2740,2777,2740,2777,15,238
ALF22,2021-12-30,2782.5,2782.5,2782.5,2782.5,12,240
ALF22,2021-12-31,2752.5,2752.5,2752.5,2752.5,1,239
ALF22,2022-01-03,2752.5,2752.5,2752.5,2752.5,0,239
ALF22,2022-01-04,2802.75,2802.75,2802.75,2802.75,930,249
ALF22,2022-01-05,2876,2876,2876,2876,1167,184
ALF22,2022-01-06,2890,2890,2890,2890,943,169
ALF22,2022-01-07,2884.5,2884.5,2884.5,2884.5,1183,173
ALF22,2022-01-10,2898.75,2898.75,2898.75,2898.75,913,173
ALF22,2022-01-11,2951,2951,2951,2951,130,230
ALF22,2022-01-12,2973.75,2973.75,2973.75,2973.75,152,240
ALF22,2022-01-13,2944,2944,2944,2962.75,3,242
ALF22,2022-01-14,2962.75,2962.75,2962.75,2962.75,0,242
ALF22,2022-01-18,3001,3001,3001,3001,51,243
ALF22,2022-01-19,3038.25,3038.25,3038.25,3038.25,151,266
ALF22,2022-01-20,3102.25,3102.25,3102.25,3102.25,2099,269
ALF22,2022-01-21,3026,3026,3026,3026,1370,278
ALF22,2022-01-24,3015.5,3015.5,3015.5,3015.5,1043,277
ALF22,2022-01-25,3077.75,3077.75,3077.75,3077.75,363,278
ALF22,2022-01-26,3078,3078,3078,3078,1912,280
ALG22,2022-01-27,3144.25,3144.25,3144.25,3144.25,44,277
ALG22,2022-01-28,3128.25,3128.25,3128.25,3128.25,0,277
ALG22,2022-01-31,3078.25,3078.25,3078.25,3078.25,36,247
ALG22,2022-02-01,3077.5,3077.5,3077.5,3077.5,280,219
ALG22,2022-02-02,3029,3029,3029,3029,1875,211
ALG22,2022-02-03,3080,3080,3080,3080,1502,189
ALG22,2022-02-04,3114.25,3119.5,3114.25,3114.25,613,240
ALG22,2022-02-07,3167.75,3167.75,3167.75,3167.75,1312,232
ALG22,2022-02-08,3240.25,3240.25,3240.25,3240.25,1632,229
ALG22,2022-02-09,3313,3313,3313,3313,1118,230
ALG22,2022-02-10,3319,3319,3319,3319,503,280
ALG22,2022-02-11,3282.25,3282.25,3282.25,3282.25,104,276
ALG22,2022-02-14,3272,3272,3272,3272,2,276
ALG22,2022-02-15,3240,3272.5,3240,3272.5,510,285
ALG22,2022-02-16,3320,3320,3320,3320,199,268
ALG22,2022-02-17,3315.75,3315.75,3315.75,3315.75,589,364
ALG22,2022-02-18,3304.5,3304.5,3304.5,3304.5,1727,411
ALG22,2022-02-22,3342,3342,3342,3342,560,413
ALG22,2022-02-23,3345.75,3345.75,3345.75,3345.75,834,416
ALH22,2022-02-24,3450,3450,3450,3450,777,484
ALH22,2022-02-25,3400,3406,3400,3406,462,470
ALH22,2022-02-28,3417,3417,3417,3417,383,476
ALH22,2022-03-01,3516,3516,3516,3516,440,535
ALH22,2022-03-02,3615.5,3615.5,3615.5,3615.5,177,522
ALH22,2022-03-03,3767.75,3767.75,3767.75,3767.75,2825,573
ALH22,2022-03-04,3873,3873,3873,3873,62,604
ALH22,2022-03-07,3745.5,3745.5,3745.5,3745.5,42,499
ALH22,2022-03-08,3485.5,3485.5,3485.5,3485.5,728,471
ALH22,2022-03-09,3286.5,3286.5,3286.5,3286.5,131,469
ALH22,2022-03-10,3361.25,3361.25,3361.25,3361.25,31,472
ALH22,2022-03-11,3446.5,3446.5,3446.5,3446.5,21,472
ALH22,2022-03-14,3321.5,3321.5,3321.5,3321.5,213,434
ALH22,2022-03-15,3204.5,3204.5,3204.5,3204.5,140,403
ALH22,2022-03-16,3238.75,3238.75,3238.75,3238.75,60,401
ALH22,2022-03-17,3316.25,3316.25,3316.25,3316.25,72,392
ALH22,2022-03-18,3357.25,3357.25,3357.25,3357.25,13,395
ALH22,2022-03-21,3469.75,3469.75,3469.75,3469.75,75,391
ALH22,2022-03-22,3460.25,3460.25,3460.25,3460.25,161,381
ALH22,2022-03-23,3572.75,3572.75,3572.75,3572.75,15,381
ALH22,2022-03-24,3593.5,3593.5,3593.5,3593.5,617,401
ALH22,2022-03-25,3571.5,3571.5,3571.5,3571.5,2,399
ALH22,2022-03-28,3585.5,3585.5,3585.5,3585.5,12,397
ALJ22,2022-03-29,3447,3447,3447,3447,16,391
ALJ22,2022-03-30,3553.5,3553.5,3553.5,3553.5,12,388
ALJ22,2022-03-31,3500,3500,3500,3500,7,388
ALJ22,2022-04-01,3466.5,3466.5,3466.5,3466.5,1464,388
ALJ22,2022-04-04,3441.5,3441.5,3441.5,3441.5,2540,404
ALJ22,2022-04-05,3430.5,3430.5,3430.5,3430.5,2265,411
ALJ22,2022-04-06,3405,3405,3405,3405,1518,436
ALJ22,2022-04-07,3352.75,3352.75,3352.75,3352.75,2672,302
ALJ22,2022-04-08,3340.75,3340.75,3340.75,3340.75,46,300
ALJ22,2022-04-11,3209.75,3209.75,3209.75,3209.75,1155,299
ALJ22,2022-04-12,3229.5,3229.5,3229.5,3229.5,12,291
ALJ22,2022-04-13,3206.75,3206.75,3206.75,3206.75,70,269
ALJ22,2022-04-14,3250.5,3250.5,3250.5,3250.5,14,269
ALJ22,2022-04-18,3250.5,3250.5,3250.5,3250.5,0,269
ALJ22,2022-04-19,3212.5,3212.5,3212.5,3212.5,4884,348
ALJ22,2022-04-20,3237.5,3237.5,3237.5,3237.5,676,342
ALJ22,2022-04-21,3264,3264,3264,3264,34,313
ALJ22,2022-04-22,3203,3203,3203,3203,61,302
ALJ22,2022-04-25,3054.5,3054.5,3054.5,3054.5,150,312
ALJ22,2022-04-26,3040.25,3040.25,3040.25,3040.25,48,314
ALK22,2022-04-27,3083.5,3083.5,3083.5,3083.5,91,296
ALK22,2022-04-28,2997.75,2997.75,2997.75,2997.75,616,285
ALK22,2022-04-29,3049.75,3049.75,3049.75,3049.75,33,299
ALK22,2022-05-02,3049.75,3049.75,3049.75,3049.75,0,299
ALK22,2022-05-03,2900,2900,2900,2900,1985,299
ALK22,2022-05-04,2958.5,2958.5,2958.5,2958.5,5172,353
ALK22,2022-05-05,2896.5,2896.5,2896.5,2896.5,5157,435
ALK22,2022-05-06,2831,2831,2831,2831,2107,539
ALK22,2022-05-09,2740.75,2740.75,2740.75,2740.75,4627,520
ALK22,2022-05-10,2743.25,2743.25,2743.25,2743.25,5004,465
ALK22,2022-05-11,2769.25,2769.25,2769.25,2769.25,193,478
ALK22,2022-05-12,2730.75,2730.75,2730.75,2730.75,798,452
ALK22,2022-05-13,2774,2774,2774,2774,471,471
ALK22,2022-05-16,2808.75,2808.75,2808.75,2808.75,480,422
ALK22,2022-05-17,2860,2860,2860,2860,615,420
ALK22,2022-05-18,2831.25,2831.25,2831.25,2831.25,2387,527
ALK22,2022-05-19,2884,2884,2884,2884,1652,442
ALK22,2022-05-20,2927.25,2927.25,2927.25,2927.25,508,520
ALK22,2022-05-23,2933.25,2933.25,2933.25,2933.25,1335,465
ALK22,2022-05-24,2874.5,2874.5,2874.5,2874.5,650,460
ALK22,2022-05-25,2848.5,2848.5,2848.5,2848.5,472,444
ALM22,2022-05-26,2850,2850,2838.75,2838.75,254,451
ALM22,2022-05-27,2850,2850,2850,2850,132,471
ALM22,2022-05-31,2763.5,2763.5,2763.5,2763.5,584,501
ALM22,2022-06-01,2692.25,2692.25,2692.25,2692.25,3231,570
ALM22,2022-06-02,2692,2692,2692,2692,14,576
ALM22,2022-06-03,2692,2692,2692,2692,2707,572
ALM22,2022-06-06,2747.5,2747.5,2747.5,2747.5,2422,570
ALM22,2022-06-07,2742.5,2742.5,2742.5,2742.5,5105,562
ALM22,2022-06-08,2786.75,2786.75,2786.75,2786.75,1146,570
ALM22,2022-06-09,2727.75,2727.75,2727.75,2727.75,1288,586
ALM22,2022-06-10,2638.75,2638.75,2638.75,2638.75,705,563
ALM22,2022-06-13,2601,2601,2601,2601,502,567
ALM22,2022-06-14,2531.25,2531.25,2531.25,2531.25,1645,518
ALM22,2022-06-15,2562.25,2562.25,2562.25,2562.25,1391,517
ALM22,2022-06-16,2474.25,2474.25,2474.25,2474.25,2793,537
ALM22,2022-06-17,2461,2461,2461,2461,2744,523
ALM22,2022-06-21,2490,2490,2490,2490,2771,641
ALM22,2022-06-22,2434.75,2434.75,2434.75,2434.75,712,636
ALM22,2022-06-23,2436,2436,2436,2436,925,659
ALM22,2022-06-24,2411.5,2411.5,2411.5,2411.5,1942,648
ALM22,2022-06-27,2460.75,2460.75,2460.75,2460.75,1501,768
ALN22,2022-06-28,2444.25,2444.25,2444.25,2444.25,212,638
ALN22,2022-06-29,2422.75,2422.75,2422.75,2422.75,306,682
ALN22,2022-06-30,2401.5,2401.5,2401.5,2401.5,431,570
ALN22,2022-07-01,2389.25,2389.25,2389.25,2389.25,1954,526
ALN22,2022-07-05,2342,2342,2342,2342,4960,513
ALN22,2022-07-06,2354.75,2354.75,2354.75,2354.75,4849,523
ALN22,2022-07-07,2386.75,2386.75,2386.75,2386.75,4401,661
ALN22,2022-07-08,2383.75,2383.75,2383.75,2383.75,1107,752
ALN22,2022-07-11,2341.25,2341.25,2341.25,2341.25,5631,965
ALN22,2022-07-12,2321.75,2321.75,2321.75,2321.75,3039,888
ALN22,2022-07-13,2330.75,2330.75,2330.75,2330.75,5773,706
ALN22,2022-07-14,2367,2367,2367,2367,261,696
ALN22,2022-07-15,2380,2380,2380,2380,692,697
ALN22,2022-07-18,2461.5,2461.5,2461.5,2461.5,1869,756
ALN22,2022-07-19,2397.5,2397.5,2397.5,2397.5,2757,785
ALN22,2022-07-20,2435.25,2435.25,2435.25,2435.25,2861,810
ALN22,2022-07-21,2427.5,2427.5,2427.5,2427.5,2075,840
ALN22,2022-07-22,2483,2483,2483,2483,1050,874
ALN22,2022-07-25,2426.25,2426.25,2426.25,2426.25,2886,854
ALN22,2022-07-26,2435.5,2435.5,2435.5,2435.5,1262,824
ALQ22,2022-07-27,2427.75,2427.75,2427,2427.75,3491,890
ALQ22,2022-07-28,2370.5,2457,2370.5,2457,739,906
ALQ22,2022-07-29,2463.5,2463.5,2455,2463.5,1518,892
ALQ22,2022-08-01,2407.25,2407.25,2407.25,2407.25,3209,851
ALQ22,2022-08-02,2386.5,2386.5,2386.5,2386.5,2541,881
ALQ22,2022-08-03,2349.5,2349.5,2349.5,2349.5,1579,883
ALQ22,2022-08-04,2372.75,2372.75,2372.75,2372.75,5137,1125
ALQ22,2022-08-05,2396.75,2396.75,2396.75,2396.75,3128,1119
ALQ22,2022-08-08,2427.5,2427.5,2427.5,2427.5,1779,1020
ALQ22,2022-08-09,2470.75,2470.75,2470.75,2470.75,2412,1087
ALQ22,2022-08-10,2472.75,2472.75,2472.75,2472.75,4140,961
ALQ22,2022-08-11,2505.25,2505.25,2505.25,2505.25,749,944
ALQ22,2022-08-12,2421.75,2421.75,2421.75,2421.75,1818,936
ALQ22,2022-08-15,2377,2377,2377,2377,1653,954
ALQ22,2022-08-16,2381,2381,2381,2381,2218,934
ALQ22,2022-08-17,2397.75,2397.75,2397.75,2397.75,768,975
ALQ22,2022-08-18,2393.5,2393.5,2393.5,2393.5,2243,937
ALQ22,2022-08-19,2371.75,2371.75,2371.75,2371.75,1689,946
ALQ22,2022-08-22,2377.25,2377.25,2377.25,2377.25,1172,933
ALQ22,2022-08-23,2412.5,2412.5,2412.5,2412.5,560,916
ALQ22,2022-08-24,2420.25,2420.25,2420.25,2420.25,994,887
ALQ22,2022-08-25,2422.5,2422.5,2422.5,2422.5,1369,861
ALQ22,2022-08-26,2484,2484,2484,2484,1468,961
ALU22,2022-08-29,2478.25,2478.25,2478.25,2478.25,83,970
ALU22,2022-08-30,2373.5,2373.5,2373.5,2373.5,775,922
ALU22,2022-08-31,2341.75,2341.75,2341.75,2341.75,351,913
ALU22,2022-09-01,2277.25,2277.25,2277.25,2277.25,2570,900
ALU22,2022-09-02,2276.5,2276.5,2276.5,2276.5,4102,1083
ALU22,2022-09-06,2248,2248,2248,2248,1936,910
ALU22,2022-09-07,2221,2221,2221,2221,5399,1001
ALU22,2022-09-08,2240.25,2240.25,2240.25,2240.25,3211,1038
ALU22,2022-09-09,2275.75,2275.75,2275.75,2275.75,5882,889
ALU22,2022-09-12,2272.5,2272.5,2272.5,2272.5,1698,897
ALU22,2022-09-13,2299.5,2299.5,2299.5,2299.5,1806,844
ALU22,2022-09-14,2259.25,2259.25,2259.25,2259.25,6709,888
ALU22,2022-09-15,2290.75,2290.75,2290.75,2290.75,1927,868
ALU22,2022-09-16,2264.25,2264.25,2264.25,2264.25,1497,877
ALU22,2022-09-19,2235.5,2235.5,2235.5,2235.5,3544,802
ALU22,2022-09-20,2228.25,2228.25,2228.25,2228.25,3449,848
ALU22,2022-09-21,2179.75,2179.75,2179.75,2179.75,2604,898
ALU22,2022-09-22,2207.75,2207.75,2207.75,2207.75,2055,862
ALU22,2022-09-23,2157.5,2157.5,2157.5,2157.5,1080,844
ALU22,2022-09-26,2126.25,2126.25,2126.25,2126.25,1172,849
ALU22,2022-09-27,2098.75,2098.75,2098.75,2098.75,456,880
ALV22,2022-09-28,2109.5,2109.5,2109.5,2109.5,2733,954
ALV22,2022-09-29,2192.75,2192.75,2192.75,2192.75,847,955
ALV22,2022-09-30,2157.25,2157.25,2157.25,2157.25,799,897
ALV22,2022-10-03,2213,2213,2213,2213,4043,968
ALV22,2022-10-04,2347.25,2347.25,2347.25,2347.25,5889,1262
ALV22,2022-10-05,2359.25,2359.25,2359.25,2359.25,7929,1321
ALV22,2022-10-06,2355,2355,2355,2355,3460,1282
ALV22,2022-10-07,2295.75,2295.75,2295.75,2295.75,2543,1253
ALV22,2022-10-10,2258,2258,2258,2258,1077,1201
ALV22,2022-10-11,2245.25,2245.25,2245.25,2245.25,4380,1191
ALV22,2022-10-12,2312.25,2312.25,2312.25,2312.25,4003,1319
ALV22,2022-10-13,2388,2388,2388,2388,300,1230
ALV22,2022-10-14,2337.75,2337.75,2337.75,2337.75,156,1212
ALV22,2022-10-17,2259.75,2259.75,2259.75,2259.75,5104,1350
ALV22,2022-10-18,2204.5,2204.5,2204.5,2204.5,1738,1399
ALV22,2022-10-19,2187,2187,2187,2187,1090,1411
ALV22,2022-10-20,2228.25,2228.25,2228.25,2228.25,1236,1338
ALV22,2022-10-21,2223.5,2223.5,2223.5,2223.5,1064,1330
ALV22,2022-10-24,2192.75,2192.75,2192.75,2192.75,2055,1308
ALV22,2022-10-25,2228.5,2228.5,2228.5,2228.5,856,1303
ALV22,2022-10-26,2352.5,2352.5,2352.5,2352.5,1273,1277
ALX22,2022-10-27,2307.25,2307.25,2307.25,2307.25,1333,1315
ALX22,2022-10-28,2270,2270,2210.75,2210.75,1175,1354
ALX22,2022-10-31,2229,2229,2229,2229,1937,1335
ALX22,2022-11-01,2259.5,2259.5,2259.5,2259.5,5978,1235
ALX22,2022-11-02,2266.5,2266.5,2266.5,2266.5,2929,1303
ALX22,2022-11-03,2282.25,2282.25,2282.25,2282.25,1902,1325
ALX22,2022-11-04,2380.25,2380.25,2380.25,2380.25,4980,1299
ALX22,2022-11-07,2354.5,2354.5,2354.5,2354.5,3597,1343
ALX22,2022-11-08,2391.25,2391.25,2391.25,2391.25,3174,1228
ALX22,2022-11-09,2329.75,2329.75,2329.75,2329.75,1846,1260
ALX22,2022-11-10,2351.5,2351.5,2351.5,2351.5,2690,1222
ALX22,2022-11-11,2475,2475,2475,2475,2394,1195
ALX22,2022-11-14,2460.75,2460.75,2460.75,2460.75,2534,1149
ALX22,2022-11-15,2437,2437,2437,2437,796,1126
ALX22,2022-11-16,2412.5,2412.5,2412.5,2412.5,590,1102
ALX22,2022-11-17,2393,2393,2393,2393,1143,1039
ALX22,2022-11-18,2428,2428,2428,2428,934,1040
ALX22,2022-11-21,2379.5,2379.5,2379.5,2379.5,2010,1122
ALX22,2022-11-22,2428.75,2428.75,2428.75,2428.75,2651,1067
ALX22,2022-11-23,2392,2392,2392,2392,1293,1029
ALX22,2022-11-25,2367.25,2367.25,2367.25,2367.25,615,1066
ALZ22,2022-11-28,2353.75,2353.75,2353.75,2353.75,775,1060
ALZ22,2022-11-29,2365.25,2365.25,2365.25,2365.25,1418,1108
ALZ22,2022-11-30,2460.5,2460.5,2460.5,2460.5,439,1050
ALZ22,2022-12-01,2472.25,2472.25,2472.25,2472.25,2347,1193
ALZ22,2022-12-02,2535,2535,2535,2535,2235,1263
ALZ22,2022-12-05,2509,2509,2509,2509,3586,1208
ALZ22,2022-12-06,2503.5,2503.5,2503.5,2503.5,4728,1294
ALZ22,2022-12-07,2484.25,2484.25,2484.25,2484.25,5639,1203
ALZ22,2022-12-08,2496.5,2496.5,2496.5,2496.5,1573,1283
ALZ22,2022-12-09,2465.25,2465.25,2465.25,2465.25,3628,1391
ALZ22,2022-12-12,2409.25,2409.25,2409.25,2409.25,7952,1601
ALZ22,2022-12-13,2458.25,2458.25,2458.25,2458.25,4074,1582
ALZ22,2022-12-14,2431,2431,2431,2431,1357,1509
ALZ22,2022-12-15,2383,2383,2383,2383,1585,1443
ALZ22,2022-12-16,2388.5,2388.5,2388.5,2388.5,2128,1431
ALZ22,2022-12-19,2364.25,2364.25,2364.25,2364.25,1113,1376
ALZ22,2022-12-20,2377,2377,2377,2377,3286,1402
ALZ22,2022-12-21,2402,2402,2402,2402,2074,1530
ALZ22,2022-12-22,2421.5,2421.5,2421.5,2421.5,391,1511
ALZ22,2022-12-23,2413.5,2413.5,2413.5,2413.5,1068,1452
ALZ22,2022-12-27,2411.25,2411.25,2411.25,2411.25,158,1322
ALF23,2022-12-28,2375,2394.75,2375,2394.75,502,1320
ALF23,2022-12-29,2426.5,2426.5,2426.5,2426.5,3395,1300
ALF23,2022-12-30,2418,2418,2410.25,2410.25,728,1174
ALF23,2023-01-03,2325.25,2325.25,2325.25,2325.25,6743,1339
ALF23,2023-01-04,2270,2270,2270,2270,4860,1240
ALF23,2023-01-05,2262.75,2262.75,2262.75,2262.75,1926,1289
ALF23,2023-01-06,2285.25,2300,2285.25,2285.25,3436,1317
ALF23,2023-01-09,2443.25,2443.25,2443.25,2443.25,3443,1291
ALF23,2023-01-10,2465,2465,2465,2465,757,1322
ALF23,2023-01-11,2506.25,2506.25,2506.25,2506.25,3255,1422
ALF23,2023-01-12,2551,2551,2551,2551,2495,1513
ALF23,2023-01-13,2602,2602,2602,2602,2772,1702
ALF23,2023-01-17,2628.25,2628.25,2628.25,2628.25,1526,1678
ALF23,2023-01-18,2643.75,2643.75,2643.75,2643.75,2846,1780
ALF23,2023-01-19,2589.75,2589.75,2589.75,2589.75,4455,1778
ALF23,2023-01-20,2608.75,2608.75,2608.75,2608.75,5408,1864
ALF23,2023-01-23,2650.5,2650.5,2650.5,2650.5,2093,1968
ALF23,2023-01-24,2665,2665,2665,2665,2847,1924
ALF23,2023-01-25,2670.75,2670.75,2670.75,2670.75,2808,1803
ALF23,2023-01-26,2656.5,2656.5,2656.5,2656.5,1915,1904
ALG23,2023-01-27,2638.75,2638.75,2638.75,2638.75,2658,1950
ALG23,2023-01-30,2595,2595,2595,2595,1490,2013
ALG23,2023-01-31,2639,2639,2639,2639,1753,2001
ALG23,2023-02-01,2608.5,2608.5,2608.5,2608.5,6721,2121
ALG23,2023-02-02,2605.5,2605.5,2605.5,2605.5,5728,2271
ALG23,2023-02-03,2550,2550,2550,2550,2422,2545
ALG23,2023-02-06,2515.75,2515.75,2515.75,2515.75,5207,2564
ALG23,2023-02-07,2518.5,2518.5,2518.5,2518.5,3719,2616
ALG23,2023-02-08,2468.25,2468.25,2468.25,2468.25,2036,2594
ALG23,2023-02-09,2487.5,2487.5,2487.5,2487.5,2045,2642
ALG23,2023-02-10,2429,2429,2429,2429,2334,2658
ALG23,2023-02-13,2389,2389,2389,2389,5069,2662
ALG23,2023-02-14,2381,2381,2381,2381,1485,2646
ALG23,2023-02-15,2354.75,2354.75,2354.75,2354.75,1591,2692
ALG23,2023-02-16,2362.5,2362.5,2362.5,2362.5,4681,2681
ALG23,2023-02-17,2343.75,2343.75,2343.75,2343.75,1976,2481
ALG23,2023-02-21,2411.5,2411.5,2411.5,2411.5,4140,2511
ALG23,2023-02-22,2361.5,2361.5,2361.5,2361.5,6135,2573
ALG23,2023-02-23,2339.75,2339.75,2339.75,2339.75,2016,2582
ALH23,2023-02-24,2314.75,2315,2298.5,2298.5,640,2561
ALH23,2023-02-27,2327,2327,2327,2327,1673,2505
ALH23,2023-02-28,2323.5,2323.5,2323.5,2323.5,426,2505
ALH23,2023-03-01,2379.25,2379.25,2379.25,2379.25,5658,2513
ALH23,2023-03-02,2367.25,2367.25,2367.25,2367.25,4652,2521
ALH23,2023-03-03,2369.75,2369.75,2369.75,2369.75,2143,2556
ALH23,2023-03-06,2368.75,2368.75,2368.75,2368.75,4515,2740
ALH23,2023-03-07,2328.75,2328.75,2328.75,2328.75,5366,2720
ALH23,2023-03-08,2327.5,2327.5,2327.5,2327.5,3126,2671
ALH23,2023-03-09,2306,2306,2306,2306,3223,2657
ALH23,2023-03-10,2291.75,2291.75,2291.75,2291.75,1172,2650
ALH23,2023-03-13,2299.5,2299.5,2299.5,2299.5,3496,2520
ALH23,2023-03-14,2316.75,2316.75,2316.75,2316.75,2676,2552
ALH23,2023-03-15,2234,2242.5,2233.5,2242.5,958,2490
ALH23,2023-03-16,2233.25,2233.25,2233.25,2233.25,4201,2583
ALH23,2023-03-17,2229.25,2229.25,2229.25,2229.25,2270,2544
ALH23,2023-03-20,2261,2261,2240.5,2240.5,3096,2548
ALH23,2023-03-21,2243.75,2243.75,2243.75,2243.75,4021,2360
ALH23,2023-03-22,2266.25,2266.25,2266.25,2266.25,4289,2405
ALH23,2023-03-23,2298.5,2298.5,2298.5,2298.5,4324,2410
ALH23,2023-03-24,2308,2308,2308,2308,2399,2367
ALH23,2023-03-27,2341.75,2341.75,2341.75,2341.75,5676,2685
ALH23,2023-03-28,2370.25,2370.25,2370.25,2370.25,3755,2854
ALJ23,2023-03-29,2360,2360,2360,2360,1936,2886
ALJ23,2023-03-30,2363.5,2363.5,2363.5,2363.5,2212,2940
ALJ23,2023-03-31,2383.75,2383.75,2383.75,2383.75,3097,2882
ALJ23,2023-04-03,2378.75,2378.75,2378.75,2378.75,3828,2842
ALJ23,2023-04-04,2348.25,2348.25,2348.25,2348.25,4917,2728
ALJ23,2023-04-05,2315.5,2315.5,2315.5,2315.5,3073,2869
ALJ23,2023-04-06,2325,2325,2325,2325,3077,2749
ALJ23,2023-04-10,2324.75,2324.75,2324.75,2324.75,4462,2816
ALJ23,2023-04-11,2295.25,2295.25,2295.25,2295.25,3783,2906
ALJ23,2023-04-12,2316,2316,2316,2316,2190,3011
ALJ23,2023-04-13,2365.75,2365.75,2365.75,2365.75,9126,3199
ALJ23,2023-04-14,2379,2379,2379,2379,2753,3365
ALJ23,2023-04-17,2375,2377.75,2374,2377.75,2496,3358
ALJ23,2023-04-18,2428.75,2428.75,2428.75,2428.75,6500,3533
ALJ23,2023-04-19,2442.5,2442.5,2442.5,2442.5,1669,3626
ALJ23,2023-04-20,2422.25,2422.25,2422.25,2422.25,7005,3585
ALJ23,2023-04-21,2386.75,2386.75,2386.75,2386.75,4974,3498
ALJ23,2023-04-24,2375.25,2375.25,2375.25,2375.25,7351,3552
ALJ23,2023-04-25,2329.25,2329.25,2329.25,2329.25,2466,3430
ALK23,2023-04-26,2319,2319,2319,2319,6666,3464
ALK23,2023-04-27,2311.5,2311.5,2311.5,2311.5,4304,3558
ALK23,2023-04-28,2314.75,2380.25,2314.75,2359.75,1177,3537
ALK23,2023-05-01,2390.75,2390.75,2390.75,2390.75,31,3534
ALK23,2023-05-02,2382.75,2382.75,2382.75,2382.75,7907,3594
ALK23,2023-05-03,2355,2355,2330.75,2330.75,6079,3435
ALK23,2023-05-04,2300.5,2300.5,2300.5,2300.5,4349,3463
ALK23,2023-05-05,2329.5,2329.5,2329.5,2329.5,6262,3382
ALK23,2023-05-08,2314.25,2314.25,2314.25,2314.25,1539,3396
ALK23,2023-05-09,2333.75,2333.75,2333.75,2333.75,3907,3469
ALK23,2023-05-10,2284.75,2284.75,2284.75,2284.75,3501,3355
ALK23,2023-05-11,2216.5,2216.5,2216.5,2216.5,3882,3374
ALK23,2023-05-12,2238.25,2238.25,2238.25,2238.25,1180,3374
ALK23,2023-05-15,2254.5,2254.5,2250.25,2250.25,1867,3389
ALK23,2023-05-16,2260,2260,2260,2260,5280,3399
ALK23,2023-05-17,2295.75,2295.75,2295.75,2295.75,7550,3295
ALK23,2023-05-18,2286.75,2286.75,2286.75,2286.75,2465,3202
ALK23,2023-05-19,2287,2300,2287,2300,2729,3111
ALK23,2023-05-22,2290.5,2290.5,2290.5,2290.5,3166,3301
ALK23,2023-05-23,2240.5,2255,2240,2255,4118,3374
ALK23,2023-05-24,2228.5,2231.25,2228.5,2230,3880,3504
ALK23,2023-05-25,2231.5,2233.25,2231.5,2233.25,7301,3403
ALM23,2023-05-26,2260.25,2260.25,2233.5,2243.5,4398,3478
ALM23,2023-05-30,2227.75,2227.75,2227.75,2227.75,2873,3386
ALM23,2023-05-31,2255.5,2255.5,2255.5,2255.5,3695,3094
ALM23,2023-06-01,2299.25,2299.25,2299.25,2299.25,7192,3833
ALM23,2023-06-02,2269.5,2269.5,2269.5,2269.5,6523,3773
ALM23,2023-06-05,2240.5,2240.5,2240.5,2240.5,3736,3777
ALM23,2023-06-06,2204.75,2204.75,2204.75,2204.75,5209,3825
ALM23,2023-06-07,2209.25,2209.25,2197,2207.25,3702,3876
ALM23,2023-06-08,2240.75,2240.75,2240.75,2240.75,3519,3860
ALM23,2023-06-09,2254.25,2254.25,2254.25,2254.25,3325,3801
ALM23,2023-06-12,2211.25,2211.25,2211.25,2211.25,4942,3798
ALM23,2023-06-13,2220.75,2220.75,2220.75,2220.75,2792,3574
ALM23,2023-06-14,2243.75,2243.75,2243.75,2243.75,2866,3440
ALM23,2023-06-15,2227.75,2227.75,2227.75,2227.75,2861,3640
ALM23,2023-06-16,2252.5,2252.5,2252.5,2252.5,4534,3686
ALM23,2023-06-20,2217.5,2217.5,2217.5,2217.5,5481,3748
ALM23,2023-06-21,2223,2223,2223,2223,3696,3886
ALM23,2023-06-22,2203,2203,2203,2203,1755,3775
ALM23,2023-06-23,2168.25,2168.25,2168.25,2168.25,2592,3620
ALM23,2023-06-26,2149.5,2149.5,2149.5,2149.5,2843,3659
ALM23,2023-06-27,2166.25,2173,2159.5,2170,4582,3503
ALN23,2023-06-28,2154,2154,2154,2154,2519,3274
ALN23,2023-06-29,2135.25,2140,2126,2126,1499,3163
ALN23,2023-06-30,2097,2129.25,2097,2114.75,5218,3209
ALN23,2023-07-03,2111.5,2114,2111.5,2112.75,1926,3139
ALN23,2023-07-05,2120,2120.75,2119.25,2119.25,7573,2826
ALN23,2023-07-06,2111,2111,2103,2103,6745,2727
ALN23,2023-07-07,2111.25,2111.25,2111.25,2111.25,4340,2829
ALN23,2023-07-10,2115.5,2115.5,2115.5,2115.5,3953,2805
ALN23,2023-07-11,2127.5,2127.5,2127.5,2127.5,6018,2844
ALN23,2023-07-12,2193.75,2193.75,2193.75,2193.75,4758,2997
ALN23,2023-07-13,2242,2242,2242,2242,6878,2814
ALN23,2023-07-14,2235,2235,2235,2235,616,2801
ALN23,2023-07-17,2207,2207,2207,2207,1140,2808
ALN23,2023-07-18,2164.25,2164.25,2164.25,2164.25,5532,2778
ALN23,2023-07-19,2137.25,2137.25,2137.25,2137.25,4115,2909
ALN23,2023-07-20,2143.25,2143.25,2143.25,2143.25,3265,3040
ALN23,2023-07-21,2148,2148,2148,2148,4543,3051
ALN23,2023-07-24,2153.75,2153.75,2153.75,2153.75,3873,2986
ALN23,2023-07-25,2184,2184,2184,2184,2800,2985
ALN23,2023-07-26,2155.5,2155.5,2155.5,2155.5,2222,2996
ALQ23,2023-07-27,2155.25,2162.75,2155.25,2157.75,1256,3075
ALQ23,2023-07-28,2177.5,2184.5,2156,2178.5,1124,3202
ALQ23,2023-07-31,2230.5,2230.5,2230.5,2230.5,7312,3004
ALQ23,2023-08-01,2198.5,2198.5,2198.5,2198.5,9669,3045
ALQ23,2023-08-02,2150.5,2150.5,2150.5,2150.5,6066,2923
ALQ23,2023-08-03,2168.25,2168.25,2168.25,2168.25,4630,2905
ALQ23,2023-08-04,2172,2172,2172,2172,4375,2902
ALQ23,2023-08-07,2166.75,2166.75,2166.75,2166.75,6789,2922
ALQ23,2023-08-08,2133,2133,2133,2133,8195,2858
ALQ23,2023-08-09,2122.75,2122.75,2122.75,2122.75,5324,2840
ALQ23,2023-08-10,2134.25,2165,2134.25,2154.75,4948,2840
ALQ23,2023-08-11,2115.25,2115.25,2115.25,2115.25,3871,2823
ALQ23,2023-08-14,2081,2081,2081,2081,2182,2777
ALQ23,2023-08-15,2075.5,2075.5,2075.5,2075.5,858,2821
ALQ23,2023-08-16,2073.25,2073.25,2073.25,2073.25,2856,2798
ALQ23,2023-08-17,2090.5,2090.5,2090.5,2090.5,7097,3219
ALQ23,2023-08-18,2081,2081,2081,2081,3103,4118
ALQ23,2023-08-21,2082.75,2082.75,2082.75,2082.75,2106,4117
ALQ23,2023-08-22,2114.25,2114.25,2114.25,2114.25,5452,3986
ALQ23,2023-08-23,2131,2131,2131,2131,4342,4179
ALQ23,2023-08-24,2111.25,2111.25,2111.25,2111.25,1768,4130
ALQ23,2023-08-25,2108.75,2108.75,2108.75,2108.75,3196,4099
ALQ23,2023-08-28,2139.25,2139.25,2139.25,2139.25,680,3562
ALU23,2023-08-29,2123,2139.25,2119,2131.25,1886,3513
ALU23,2023-08-30,2143.5,2171,2143.5,2165.25,745,3546
ALU23,2023-08-31,2175.5,2175.5,2175.5,2175.5,814,3651
ALU23,2023-09-01,2189.5,2216.5,2189.5,2216.25,9518,4025
ALU23,2023-09-05,2173.5,2180,2172.5,2180,11400,4116
ALU23,2023-09-06,2193.5,2199.5,2173,2175.5,10646,3486
ALU23,2023-09-07,2173.5,2173.5,2168.5,2171.25,8139,3366
ALU23,2023-09-08,2154.75,2154.75,2154.75,2154.75,3750,3233
ALU23,2023-09-11,2179.25,2179.25,2179.25,2179.25,8845,3125
ALU23,2023-09-12,2182,2192.25,2172,2192.25,2314,3059
ALU23,2023-09-13,2198.5,2203.5,2188.25,2201.25,5642,3095
ALU23,2023-09-14,2208,2208,2202.25,2202.25,3900,2967
ALU23,2023-09-15,2166.75,2167.25,2160,2167.25,5359,3152
ALU23,2023-09-18,2202,2202,2202,2202,5732,3251
ALU23,2023-09-19,2188.75,2188.75,2188.75,2188.75,2333,3123
ALU23,2023-09-20,2236,2236,2236,2236,5336,3356
ALU23,2023-09-21,2188.75,2188.75,2188.75,2188.75,4647,3291
ALU23,2023-09-22,2215.5,2215.5,2215.5,2215.5,3149,3312
ALU23,2023-09-25,2209,2209,2209,2209,9568,3297
ALU23,2023-09-26,2228.25,2228.25,2228.25,2228.25,4382,3469
ALV23,2023-09-27,2232.25,2232.25,2232.25,2232.25,5655,3316
ALV23,2023-09-28,2262.5,2271.75,2262.5,2271.75,10561,3942
ALV23,2023-09-29,2339,2340,2329.5,2329.5,1474,3883
ALV23,2023-10-02,2310.25,2310.25,2310.25,2310.25,11547,3842
ALV23,2023-10-03,2274.75,2287,2273,2287,12279,3850
ALV23,2023-10-04,2242.25,2242.25,2242.25,2242.25,12257,3917
ALV23,2023-10-05,2224.5,2224.5,2224.5,2224.5,2503,4128
ALV23,2023-10-06,2227.25,2227.25,2227.25,2227.25,3204,3964
ALV23,2023-10-09,2224.75,2224.75,2224.75,2224.75,4796,3970
ALV23,2023-10-10,2202.25,2202.25,2198,2198,5874,4104
ALV23,2023-10-11,2196.25,2196.25,2196.25,2196.25,7407,4404
ALV23,2023-10-12,2185.5,2185.5,2185.5,2185.5,5754,4318
ALV23,2023-10-13,2181.5,2181.5,2181.5,2181.5,3187,4232
ALV23,2023-10-16,2169.25,2169.25,2169.25,2169.25,10090,4499
ALV23,2023-10-17,2166.5,2166.5,2166.5,2166.5,3771,4500
ALV23,2023-10-18,2175.75,2175.75,2175.75,2175.75,8146,4623
ALV23,2023-10-19,2184,2184,2184,2184,7153,4653
ALV23,2023-10-20,2177,2177,2177,2177,5309,4815
ALV23,2023-10-23,2174.25,2174.25,2174.25,2174.25,5693,4851
ALV23,2023-10-24,2184,2184,2184,2184,2303,4908
ALV23,2023-10-25,2213.25,2213.25,2213.25,2213.25,4495,5074
ALV23,2023-10-26,2193.5,2193.5,2193.5,2193.5,3626,5071
ALX23,2023-10-27,2207.75,2219,2207.75,2218.75,1309,5041
ALX23,2023-10-30,2246.5,2266,2245.5,2263.75,5855,5320
ALX23,2023-10-31,2257,2257,2251.5,2251.5,2571,4975
ALX23,2023-11-01,2235.25,2235.25,2235.25,2235.25,8080,4901
ALX23,2023-11-02,2221.25,2221.25,2221.25,2221.25,14429,4696
ALX23,2023-11-03,2246,2246,2246,2246,14661,5396
ALX23,2023-11-06,2271.75,2282.25,2271.75,2275.5,3381,5366
ALX23,2023-11-07,2250.75,2251.5,2250.75,2251.5,6309,5174
ALX23,2023-11-08,2251.25,2251.25,2251.25,2251.25,9706,5246
ALX23,2023-11-09,2232,2232,2232,2232,5062,5341
ALX23,2023-11-10,2206,2206,2206,2206,3349,5285
ALX23,2023-11-13,2216.5,2216.5,2216.5,2216.5,7703,5065
ALX23,2023-11-14,2202,2209,2191.25,2204,9222,4903
ALX23,2023-11-15,2199.75,2199.75,2199.75,2199.75,9712,4413
ALX23,2023-11-16,2179.75,2179.75,2179.75,2179.75,6472,4277
ALX23,2023-11-17,2177.5,2177.5,2177.5,2177.5,5813,4456
ALX23,2023-11-20,2205.5,2208,2205.5,2208,3761,4620
ALX23,2023-11-21,2219.25,2219.25,2219.25,2219.25,2893,4600
ALX23,2023-11-22,2188,2188,2188,2188,4321,4377
ALX23,2023-11-24,2191,2200.25,2191,2200.25,3060,4293
ALX23,2023-11-27,2209.5,2209.5,2175.5,2184.75,7105,4385
ALZ23,2023-11-28,2179.25,2179.25,2179.25,2179.25,9855,4246
ALZ23,2023-11-29,2171.5,2171.5,2171.5,2171.5,14062,4293
ALZ23,2023-11-30,2160.25,2160.25,2160.25,2160.25,12401,4193
ALZ23,2023-12-01,2174.5,2174.5,2174.5,2174.5,27385,4354
ALZ23,2023-12-04,2148.75,2148.75,2148.75,2148.75,9529,4410
ALZ23,2023-12-05,2126,2126,2126,2126,16366,4400
ALZ23,2023-12-06,2109.75,2109.75,2109.75,2109.75,11624,4419
ALZ23,2023-12-07,2092.5,2092.5,2092.5,2092.5,14054,4968
ALZ23,2023-12-08,2133,2133,2109,2109,15760,5032
ALZ23,2023-12-11,2093.5,2093.5,2082.75,2093.25,6657,4323
ALZ23,2023-12-12,2093.25,2093.25,2093.25,2093.25,9948,4113
ALZ23,2023-12-13,2094.5,2113.5,2094.5,2113.5,20912,4171
ALZ23,2023-12-14,2175,2175,2175,2175,10809,3981
ALZ23,2023-12-15,2207.5,2207.5,2207.5,2207.5,4244,4041
ALZ23,2023-12-18,2237.75,2237.75,2237.75,2237.75,13933,4126
ALZ23,2023-12-19,2224.25,2224.25,2209.75,2211.25,2548,3915
ALZ23,2023-12-20,2187.75,2187.75,2187.75,2187.75,4798,3833
ALZ23,2023-12-21,2184.25,2184.25,2184.25,2184.25,4905,4164
ALZ23,2023-12-22,2268,2268,2268,2268,1978,4298
ALZ23,2023-12-26,2251.5,2251.5,2251.5,2251.5,45,4248
ALF24,2023-12-27,2250,2335,2250,2334.5,7003,4186
ALF24,2023-12-28,2317,2327,2313,2319,7022,3973
ALF24,2023-12-29,2332.5,2346.5,2332.25,2332.25,2190,3717
ALF24,2024-01-02,2284.5,2284.5,2278.75,2278.75,13517,3951
ALF24,2024-01-03,2251,2251,2251,2251,3844,3857
ALF24,2024-01-04,2218.75,2218.75,2218.25,2218.25,9649,4058
ALF24,2024-01-05,2203,2203,2203,2203,7961,3779
ALF24,2024-01-08,2168.5,2168.5,2168.5,2168.5,15373,3063
ALF24,2024-01-09,2180.25,2189,2180.25,2182.5,10706,3216
ALF24,2024-01-10,2181.75,2181.75,2178.5,2178.5,7534,3312
ALF24,2024-01-11,2179.75,2179.75,2179.75,2179.75,1661,3383
ALF24,2024-01-12,2167.5,2167.5,2167.5,2167.5,2470,3405
ALF24,2024-01-16,2161.75,2161.75,2161.75,2161.75,3611,3544
ALF24,2024-01-17,2148.75,2148.75,2148.75,2148.75,7985,3388
ALF24,2024-01-18,2136.5,2136.5,2136.5,2136.5,7772,3509
ALF24,2024-01-19,2127.5,2127.5,2127.5,2127.5,7316,3746
ALF24,2024-01-22,2127.5,2127.5,2127.5,2127.5,10049,3568
ALF24,2024-01-23,2184.25,2184.25,2184.25,2184.25,12719,3495
ALF24,2024-01-24,2186.25,2186.25,2186.25,2186.25,21029,3464
ALF24,2024-01-25,2194.5,2194.5,2194.5,2194.5,16116,3297
ALF24,2024-01-26,2226,2226,2226,2226,14876,3201
ALG24,2024-01-29,2219.25,2219.25,2219.25,2219.25,3558,3152
ALG24,2024-01-30,2227.5,2227.5,2227.5,2227.5,17467,3236
ALG24,2024-01-31,2234.5,2246,2234.5,2235.5,1322,3037
ALG24,2024-02-01,2215,2215,2203.5,2209.25,9977,3041
ALG24,2024-02-02,2196.75,2196.75,2196.75,2196.75,6083,3105
ALG24,2024-02-05,2176.75,2176.75,2176.75,2176.75,12771,3230
ALG24,2024-02-06,2199,2199,2199,2199,8023,2909
ALG24,2024-02-07,2188.5,2188.5,2188.5,2188.5,12854,2916
ALG24,2024-02-08,2189.75,2189.75,2189.75,2189.75,14310,3091
ALG24,2024-02-09,2182,2182,2182,2182,13801,2947
ALG24,2024-02-12,2191.25,2191.25,2191.25,2191.25,3003,2915
ALG24,2024-02-13,2186,2186,2186,2186,1625,2932
ALG24,2024-02-14,2202,2202,2202,2202,2332,2869
ALG24,2024-02-15,2186.5,2186.5,2186.5,2186.5,5383,2877
ALG24,2024-02-16,2176.25,2176.25,2176.25,2176.25,12671,2800
ALG24,2024-02-20,2148.5,2148.5,2148.5,2148.5,30149,3161
ALG24,2024-02-21,2175.5,2175.5,2175.5,2175.5,13733,3289
ALG24,2024-02-22,2144.25,2144.25,2144.25,2144.25,6381,3438
ALG24,2024-02-23,2131.25,2131.25,2131.25,2131.25,7787,3533
ALG24,2024-02-26,2129.25,2129.25,2129.25,2129.25,4908,3521
ALH24,2024-02-27,2137.25,2137.25,2135.75,2135.75,3777,3482
ALH24,2024-02-28,2129,2132,2128,2132,2079,3603
ALH24,2024-02-29,2164.5,2167.5,2164,2167.5,2408,3303
ALH24,2024-03-01,2177,2188.5,2150,2188.5,7353,3385
ALH24,2024-03-04,2173,2174.75,2159,2174.75,8942,3246
ALH24,2024-03-05,2168,2176.5,2164,2166.25,4917,3363
ALH24,2024-03-06,2167.5,2200,2163,2189.75,9303,3521
ALH24,2024-03-07,2201.5,2201.5,2201.5,2201.5,6252,3243
ALH24,2024-03-08,2200,2204,2193.5,2193.5,7392,3100
ALH24,2024-03-11,2210.5,2210.5,2210.5,2210.5,4820,2979
ALH24,2024-03-12,2216.5,2216.5,2216.5,2216.5,3284,2870
ALH24,2024-03-13,2207.5,2218,2202.25,2211,2834,2866
ALH24,2024-03-14,2193,2193,2193,2193,3278,2858
ALH24,2024-03-15,2214,2214,2214,2214,5687,2971
ALH24,2024-03-18,2213.5,2213.5,2213.5,2213.5,4149,3011
ALH24,2024-03-19,2203.5,2203.5,2203.5,2203.5,8285,2979
ALH24,2024-03-20,2212.75,2212.75,2212.75,2212.75,9425,3263
ALH24,2024-03-21,2237,2237,2237,2237,6891,3170
ALH24,2024-03-22,2251.25,2251.25,2251.25,2251.25,5220,3227
ALH24,2024-03-25,2268,2268,2268,2268,7133,3186
ALJ24,2024-03-26,2257,2257,2257,2257,6449,3115
ALJ24,2024-03-27,2245,2247,2243.25,2247,2144,3089
ALJ24,2024-03-28,2284.25,2284.25,2284.25,2284.25,4288,3018
ALJ24,2024-04-01,2289.25,2289.25,2289.25,2289.25,59,2977
ALJ24,2024-04-02,2326.5,2326.5,2326.5,2326.5,9785,3338
ALJ24,2024-04-03,2352.25,2372,2352.25,2372,14759,3090
ALJ24,2024-04-04,2386.75,2386.75,2386.75,2386.75,14921,3091
ALJ24,2024-04-05,2395.25,2395.25,2395.25,2395.25,13483,3274
ALJ24,2024-04-08,2405.5,2405.5,2405.5,2405.5,10728,3180
ALJ24,2024-04-09,2401.5,2407.25,2400.75,2407.25,7813,2924
ALJ24,2024-04-10,2428.25,2428.25,2397.25,2397.25,11482,2895
ALJ24,2024-04-11,2398.75,2398.75,2398.75,2398.75,12470,2987
ALJ24,2024-04-12,2436.25,2436.25,2436.25,2436.25,8715,2997
ALJ24,2024-04-15,2492,2560.5,2492,2521.25,6897,3702
ALJ24,2024-04-16,2497.5,2515.75,2497.5,2515.75,13284,3688
ALJ24,2024-04-17,2545.25,2591,2545.25,2590.5,7607,4176
ALJ24,2024-04-18,2601.5,2601.5,2601.5,2601.5,4765,4454
ALJ24,2024-04-19,2681.75,2682,2680,2680,6367,4776
ALJ24,2024-04-22,2663.5,2673.25,2660.75,2660.75,4294,4601
ALJ24,2024-04-23,2572,2572,2572,2572,4106,4717
ALJ24,2024-04-24,2601.75,2601.75,2599.75,2600.75,3611,4741
ALJ24,2024-04-25,2593.75,2593.75,2526,2526,3438,4356
ALK24,2024-04-26,2570,2570,2552,2559.5,1209,4406
ALK24,2024-04-29,2566,2566,2535.5,2566,1255,4357
ALK24,2024-04-30,2561.25,2561.25,2541,2561.25,440,4256
ALK24,2024-05-01,2537.75,2537.75,2537.5,2537.75,2599,4303
ALK24,2024-05-02,2491.75,2491.75,2491.75,2491.75,4215,4319
ALK24,2024-05-03,2512.25,2512.25,2512.25,2512.25,4035,4319
ALK24,2024-05-06,2554.25,2554.25,2554.25,2554.25,730,4258
ALK24,2024-05-07,2527,2527,2510,2527,6150,4075
ALK24,2024-05-08,2503.75,2503.75,2479,2503.75,4645,3912
ALK24,2024-05-09,2510.5,2510.5,2510.5,2510.5,2084,3878
ALK24,2024-05-10,2488.25,2488.25,2488.25,2488.25,6114,4050
ALK24,2024-05-13,2493.75,2493.75,2493.75,2493.75,4391,4093
ALK24,2024-05-14,2491.5,2491.5,2491.5,2491.5,5430,3866
ALK24,2024-05-15,2533.5,2533.5,2533.5,2533.5,8973,3994
ALK24,2024-05-16,2529,2529,2529,2529,27220,4237
ALK24,2024-05-17,2533.5,2533.5,2533.5,2533.5,3830,4499
ALK24,2024-05-20,2557.5,2557.5,2557.5,2557.5,7046,4467
ALK24,2024-05-21,2651,2651,2651,2651,12776,4417
ALK24,2024-05-22,2568,2568,2568,2568,5702,4543
ALK24,2024-05-23,2550.25,2550.25,2550.25,2550.25,6470,4498
ALK24,2024-05-24,2588.25,2588.25,2588.25,2588.25,3650,4571
ALK24,2024-05-28,2654.75,2654.75,2654.75,2654.75,6885,4809
ALM24,2024-05-29,2700,2711.75,2700,2711.75,5450,4955
ALM24,2024-05-30,2648,2648,2648,2648,1908,4891
ALM24,2024-05-31,2591.5,2591.5,2591.5,2591.5,1581,4728
ALM24,2024-06-03,2601.75,2620.5,2601.75,2601.75,6460,4771
ALM24,2024-06-04,2599.5,2619,2582,2599.5,9488,5241
ALM24,2024-06-05,2563,2563,2558.25,2558.25,11395,5183
ALM24,2024-06-06,2592.75,2592.75,2592.75,2592.75,6279,5137
ALM24,2024-06-07,2507.75,2507.75,2507.75,2507.75,3212,5275
ALM24,2024-06-10,2499.5,2499.5,2499.5,2499.5,8369,5261
ALM24,2024-06-11,2459.25,2459.25,2459.25,2459.25,5622,5101
ALM24,2024-06-12,2496.75,2496.75,2496.75,2496.75,3261,4858
ALM24,2024-06-13,2477,2477,2477,2477,3245,4915
ALM24,2024-06-14,2440.75,2440.75,2440.75,2440.75,2608,4896
ALM24,2024-06-17,2425.5,2425.5,2425.5,2425.5,10835,4683
ALM24,2024-06-18,2416.5,2416.5,2416.5,2416.5,11174,4712
ALM24,2024-06-20,2441.75,2441.75,2441.75,2441.75,10832,4816
ALM24,2024-06-21,2432.25,2432.25,2432.25,2432.25,4116,4992
ALM24,2024-06-24,2423,2440,2423,2423,3415,5086
ALM24,2024-06-25,2421.25,2421.25,2421.25,2421.25,1599,5064
ALN24,2024-06-26,2442.75,2442.75,2442.75,2442.75,6015,5169
ALN24,2024-06-27,2434.75,2436,2434.75,2436,826,5186
ALN24,2024-06-28,2457.25,2457.25,2457.25,2457.25,833,5178
ALN24,2024-07-01,2457.25,2457.25,2439.75,2444.25,9989,5123
ALN24,2024-07-02,2450,2450,2450,2450,15589,4917
ALN24,2024-07-03,2483.75,2483.75,2483.75,2483.75,8832,5005
ALN24,2024-07-05,2457.5,2457.5,2457.5,2457.5,7267,4932
ALN24,2024-07-08,2457,2458,2456.25,2456.25,7554,5126
ALN24,2024-07-09,2419.25,2420.25,2419.25,2420.25,3376,5478
ALN24,2024-07-10,2409,2410,2400,2400,2760,5349
ALN24,2024-07-11,2390.25,2390.25,2390.25,2390.25,3715,5101
ALN24,2024-07-12,2388.25,2388.25,2388.25,2388.25,4892,5110
ALN24,2024-07-15,2362,2362,2362,2362,17123,5349
ALN24,2024-07-16,2314.5,2314.5,2314.5,2314.5,11371,5062
ALN24,2024-07-17,2313.25,2313.25,2313.25,2313.25,8235,4994
ALN24,2024-07-18,2292.75,2292.75,2292.75,2292.75,34832,4789
ALN24,2024-07-19,2263.5,2263.5,2263.5,2263.5,2071,4410
ALN24,2024-07-22,2210.5,2210.5,2210.5,2210.5,3717,4353
ALN24,2024-07-23,2211.5,2211.5,2211.5,2211.5,2465,4072
ALN24,2024-07-24,2219,2219,2219,2219,21089,4007
ALN24,2024-07-25,2188,2188,2188,2188,1877,4070
ALN24,2024-07-26,2212,2212,2212,2212,1890,4145
ALQ24,2024-07-29,2155.75,2155.75,2155.75,2155.75,2371,4212
ALQ24,2024-07-30,2125,2125,2125,2125,2078,4278
ALQ24,2024-07-31,2189,2210.75,2189,2189,1909,4001
ALQ24,2024-08-01,2176.25,2176.25,2151.75,2176.25,3841,4224
ALQ24,2024-08-02,2155,2155,2155,2155,8728,3854
ALQ24,2024-08-05,2134.75,2134.75,2134.75,2134.75,2762,3693
ALQ24,2024-08-06,2181,2181,2181,2181,8368,3830
ALQ24,2024-08-07,2177.25,2177.25,2177.25,2177.25,6430,3743
ALQ24,2024-08-08,2167,2167,2167,2167,2946,3771
ALQ24,2024-08-09,2181.75,2182.25,2181.75,2182.25,4632,3837
ALQ24,2024-08-12,2199,2199,2199,2199,2982,3737
ALQ24,2024-08-13,2211,2211,2211,2211,2302,3623
ALQ24,2024-08-14,2211,2211,2211,2211,4117,3620
ALQ24,2024-08-15,2237,2237,2237,2237,3286,3617
ALQ24,2024-08-16,2235.5,2235.5,2235.5,2235.5,10116,3569
ALQ24,2024-08-19,2308.75,2308.75,2308.75,2308.75,4456,3454
ALQ24,2024-08-20,2357,2357,2357,2357,4556,3406
ALQ24,2024-08-21,2346.75,2346.75,2346.75,2346.75,34386,3381
ALQ24,2024-08-22,2350.25,2350.25,2350.25,2350.25,7192,3349
ALQ24,2024-08-23,2419.5,2419.5,2419.5,2419.5,1718,3429
ALQ24,2024-08-26,2412.5,2412.5,2412.5,2412.5,43,3425
ALQ24,2024-08-27,2418.25,2418.25,2418.25,2418.25,3173,3265
ALU24,2024-08-28,2415,2415,2369,2371,1136,3227
ALU24,2024-08-29,2344.75,2344.75,2344.75,2344.75,2205,3371
ALU24,2024-08-30,2367.5,2367.5,2342.5,2342.5,1312,2938
ALU24,2024-09-03,2294.5,2294.5,2294.5,2294.5,3425,2782
ALU24,2024-09-04,2288,2309.25,2279.25,2293,6525,2844
ALU24,2024-09-05,2269.5,2269.5,2269.5,2269.5,5092,2840
ALU24,2024-09-06,2269.25,2289.5,2258,2258,2157,2941
ALU24,2024-09-09,2257.5,2257.5,2257.5,2257.5,2479,2924
ALU24,2024-09-10,2259.5,2259.5,2259.5,2259.5,3786,3041
ALU24,2024-09-11,2297.5,2300,2297.5,2300,5641,3085
ALU24,2024-09-12,2334.5,2334.5,2334.5,2334.5,1811,3015
ALU24,2024-09-13,2380,2380,2380,2380,3496,2960
ALU24,2024-09-16,2437.25,2437.5,2432,2437.5,2945,3213
ALU24,2024-09-17,2430.25,2430.25,2430.25,2430.25,20219,2948
ALU24,2024-09-18,2437.5,2437.5,2418.5,2437.5,21843,3186
ALU24,2024-09-19,2463.25,2463.25,2463.25,2463.25,2566,3527
ALU24,2024-09-20,2402.25,2402.25,2402.25,2402.25,2935,3269
ALU24,2024-09-23,2408,2408,2408,2408,2319,3207
ALU24,2024-09-24,2484.5,2484.5,2484.5,2484.5,24091,3056
ALU24,2024-09-25,2458.5,2465,2451.75,2451.75,9356,2644
ALV24,2024-09-26,2525,2551,2525,2549,7799,2966
ALV24,2024-09-27,2579,2580.75,2579,2579,1536,2758
ALV24,2024-09-30,2534.25,2534.25,2534.25,2534.25,1005,2656
ALV24,2024-10-01,2564.75,2564.75,2564.75,2564.75,2599,1928
ALV24,2024-10-02,2580.5,2580.5,2580.5,2580.5,3354,1914
ALV24,2024-10-03,2551.25,2551.25,2549,2551.25,2675,1898
ALV24,2024-10-04,2583.75,2583.75,2583.75,2583.75,2036,1850
ALV24,2024-10-07,2590.5,2590.5,2590.5,2590.5,2918,1808
ALV24,2024-10-08,2496.25,2496.25,2496.25,2496.25,3030,1703
ALV24,2024-10-09,2463,2463,2463,2463,3184,1628
ALV24,2024-10-10,2520.75,2520.75,2520.75,2520.75,4079,1646
ALV24,2024-10-11,2569.75,2569.75,2569.75,2569.75,4884,1727
ALV24,2024-10-14,2533.75,2533.75,2533.75,2533.75,4188,1651
ALV24,2024-10-15,2508,2515.5,2500,2515.5,2725,1710
ALV24,2024-10-16,2525.25,2525.25,2525.25,2525.25,3338,1674
ALV24,2024-10-17,2503.75,2503.75,2503.75,2503.75,13128,1718
ALV24,2024-10-18,2566.25,2566.25,2566.25,2566.25,7451,1604
ALV24,2024-10-21,2541.5,2541.5,2541.5,2541.5,4015,1544
ALV24,2024-10-22,2574.5,2574.5,2574.5,2574.5,6889,1585
ALV24,2024-10-23,2612.25,2612.25,2612.25,2612.25,3057,1613
ALV24,2024-10-24,2597.25,2597.25,2597.25,2597.25,6863,1556
ALV24,2024-10-25,2629,2629,2629,2629,1396,1573
ALV24,2024-10-28,2590.5,2590.5,2590.5,2590.5,3069,1572
ALX24,2024-10-29,2618.5,2618.5,2591,2609.5,731,1456
ALX24,2024-10-30,2594.5,2594.5,2563,2563,2647,1486
ALX24,2024-10-31,2560.5,2560.5,2560.5,2560.5,681,1417
ALX24,2024-11-01,2535.25,2546.25,2524.5,2546.25,3954,1443
ALX24,2024-11-04,2543.75,2560.75,2542.75,2560.75,1862,1478
ALX24,2024-11-05,2616.75,2616.75,2616.75,2616.75,6202,1552
ALX24,2024-11-06,2548.75,2548.75,2548.75,2548.75,4697,1533
ALX24,2024-11-07,2653,2654.5,2652,2654.5,3653,1760
ALX24,2024-11-08,2561.75,2561.75,2561.75,2561.75,5983,1607
ALX24,2024-11-11,2502.5,2502.5,2502.5,2502.5,5745,1579
ALX24,2024-11-12,2473,2473,2471,2471,5537,1531
ALX24,2024-11-13,2462,2465,2452.25,2452.25,4070,1520
ALX24,2024-11-14,2428.5,2428.5,2428.5,2428.5,1889,1376
ALX24,2024-11-15,2566.75,2566.75,2566.75,2566.75,2388,1529
ALX24,2024-11-18,2535.5,2535.5,2535.5,2535.5,3289,1510
ALX24,2024-11-19,2574.25,2575.25,2548,2575.25,2898,1447
ALX24,2024-11-20,2573.25,2573.25,2573.25,2573.25,3996,1551
ALX24,2024-11-21,2570.5,2570.5,2570.5,2570.5,3184,1485
ALX24,2024-11-22,2556,2556,2556,2556,2502,1492
ALX24,2024-11-25,2580.75,2580.75,2580.75,2580.75,1218,1469
ALZ24,2024-11-26,2557,2560.75,2551,2560.75,1023,1440
ALZ24,2024-11-27,2556.5,2556.5,2556.5,2556.5,3073,1440
ALZ24,2024-11-29,2526,2562,2526,2562,636,1358
ALZ24,2024-12-02,2559,2559,2559,2559,1702,1418
ALZ24,2024-12-03,2590.5,2590.5,2590.5,2590.5,3562,1409
ALZ24,2024-12-04,2625.25,2625.25,2625.25,2625.25,3084,1452
ALZ24,2024-12-05,2614.25,2614.25,2614.25,2614.25,2623,1531
ALZ24,2024-12-06,2549,2549,2549,2549,4732,1633
ALZ24,2024-12-09,2524.5,2524.5,2524.5,2524.5,4659,1612
ALZ24,2024-12-10,2518.25,2518.25,2518.25,2518.25,3625,1394
ALZ24,2024-12-11,2535,2535,2535,2535,5514,1244
ALZ24,2024-12-12,2535.5,2535.5,2535.5,2535.5,4987,1197
ALZ24,2024-12-13,2521.25,2521.25,2521.25,2521.25,1732,1250
ALZ24,2024-12-16,2488.75,2488.75,2488.75,2488.75,1588,1293
ALZ24,2024-12-17,2464,2464,2464,2464,5320,1273
ALZ24,2024-12-18,2467,2467,2467,2467,5417,1549
ALZ24,2024-12-19,2448.25,2448.25,2448.25,2448.25,2670,1405
ALZ24,2024-12-20,2481,2481,2481,2481,2660,1402
ALZ24,2024-12-23,2477.25,2477.25,2477.25,2477.25,4640,1400
ALZ24,2024-12-24,2520.25,2532,2520.25,2532,694,1402
ALZ24,2024-12-26,2507,2507,2507,2507,6,1406
ALF25,2024-12-27,2541.5,2541.5,2541.5,2541.5,5506,1376
ALF25,2024-12-30,2528.25,2545.25,2492,2545.25,2202,1420
ALF25,2024-12-31,2538.5,2538.5,2505.5,2521.75,371,1431
ALF25,2025-01-02,2498.25,2498.25,2498.25,2498.25,1915,1606
ALF25,2025-01-03,2473.75,2473.75,2458,2458,1097,1639
ALF25,2025-01-06,2469.25,2469.25,2469.25,2469.25,1762,1639
ALF25,2025-01-07,2491.75,2491.75,2491.75,2491.75,2122,1656
ALF25,2025-01-08,2467,2467,2467,2467,1199,1637
ALF25,2025-01-09,2504.25,2507.5,2501.25,2507.5,1915,1797
ALF25,2025-01-10,2549.25,2549.25,2549.25,2549.25,1209,1778
ALF25,2025-01-13,2568.5,2568.5,2568.5,2568.5,1835,1712
ALF25,2025-01-14,2571.75,2571.75,2571.75,2571.75,2137,1637
ALF25,2025-01-15,2608.25,2608.25,2608.25,2608.25,1663,1585
ALF25,2025-01-16,2655.5,2655.5,2655.5,2655.5,4064,1583
ALF25,2025-01-17,2686.75,2686.75,2686.75,2686.75,2314,1680
ALF25,2025-01-21,2663.5,2663.5,2663.5,2663.5,4144,1675
ALF25,2025-01-22,2638.5,2638.5,2638.5,2638.5,4583,1644
ALF25,2025-01-23,2634.5,2634.5,2634.5,2634.5,3691,1670
ALF25,2025-01-24,2648.5,2657.75,2648.5,2657.75,4909,1676
ALF25,2025-01-27,2602.75,2602.75,2602.75,2602.75,1687,1667
ALF25,2025-01-28,2563,2563,2563,2563,4538,1622
ALG25,2025-01-29,2617.75,2617.75,2617.75,2617.75,492,1422
ALG25,2025-01-30,2618.75,2618.75,2618.75,2618.75,456,1391
ALG25,2025-01-31,2586,2586,2586,2586,329,1297
ALG25,2025-02-03,2597.25,2617,2597.25,2617,2852,1234
ALG25,2025-02-04,2631,2631,2631,2631,4798,1332
ALG25,2025-02-05,2601.5,2601.5,2601.5,2601.5,9276,1374
ALG25,2025-02-06,2615,2620.75,2613,2620.75,4714,1338
ALG25,2025-02-07,2632.75,2632.75,2623.75,2623.75,4649,1319
ALG25,2025-02-10,2637,2645.25,2634.75,2636.25,10222,1482
ALG25,2025-02-11,2616.5,2622,2604,2620.75,9180,1598
ALG25,2025-02-12,2559.25,2587.5,2559.25,2587.5,4717,1704
ALG25,2025-02-13,2571.75,2571.75,2571.75,2571.75,3917,1736
ALG25,2025-02-14,2633,2633,2599.5,2612.25,1713,1777
ALG25,2025-02-18,2638.25,2638.25,2638.25,2638.25,7410,1896
ALG25,2025-02-19,2663.75,2663.75,2643.5,2652.5,2807,1959
ALG25,2025-02-20,2677.75,2692.25,2677.75,2692.25,8701,2093
ALG25,2025-02-21,2654.5,2694,2654.5,2694,2012,2028
ALG25,2025-02-24,2620.25,2620.25,2620.25,2620.25,4642,2046
ALG25,2025-02-25,2585.5,2585.5,2585.5,2585.5,1582,2062
ALH25,2025-02-26,2604.25,2625,2604.25,2604.25,6427,1883
ALH25,2025-02-27,2596.25,2596.25,2596.25,2596.25,704,1896
ALH25,2025-02-28,2561.5,2561.5,2561.5,2561.5,809,1845
ALH25,2025-03-03,2567.75,2567.75,2567.75,2567.75,2076,1819
ALH25,2025-03-04,2575.75,2575.75,2575.75,2575.75,4039,1822
ALH25,2025-03-05,2610,2610,2610,2610,5829,1903
ALH25,2025-03-06,2656.75,2656.75,2656.75,2656.75,3765,2083
ALH25,2025-03-07,2661.5,2661.5,2661.5,2661.5,9981,2076
ALH25,2025-03-10,2651,2651,2651,2651,6208,2129
ALH25,2025-03-11,2649,2649,2649,2649,5278,2143
ALH25,2025-03-12,2648.75,2648.75,2648.75,2648.75,4994,2151
ALH25,2025-03-13,2645.25,2645.25,2645.25,2645.25,4227,2115
ALH25,2025-03-14,2624.5,2624.5,2624.5,2624.5,2414,2037
ALH25,2025-03-17,2633.25,2633.25,2633.25,2633.25,2741,2119
ALH25,2025-03-18,2596.75,2596.75,2596.75,2596.75,2310,2102
ALH25,2025-03-19,2604,2604,2604,2604,5068,2188
ALH25,2025-03-20,2597.5,2597.5,2597.5,2597.5,3839,2148
ALH25,2025-03-21,2553.5,2553.5,2553.5,2553.5,1644,2181
ALH25,2025-03-24,2538.5,2538.5,2538.5,2538.5,1612,2112
ALH25,2025-03-25,2526.75,2526.75,2526.75,2526.75,8383,2212
ALH25,2025-03-26,2533.5,2533.5,2533.5,2533.5,2617,2113
ALJ25,2025-03-27,2484.75,2484.75,2484.75,2484.75,1127,2111
ALJ25,2025-03-28,2459.5,2459.5,2459.5,2459.5,651,2190
ALJ25,2025-03-31,2432.25,2432.25,2432.25,2432.25,563,2141
ALJ25,2025-04-01,2400.5,2400.5,2400.5,2400.5,2043,2249
ALJ25,2025-04-02,2366.5,2366.5,2366.5,2366.5,5348,2355
ALJ25,2025-04-03,2296.25,2296.25,2296.25,2296.25,2272,2516
ALJ25,2025-04-04,2209.5,2209.5,2209.5,2209.5,1517,2260
ALJ25,2025-04-07,2199.25,2199.25,2199.25,2199.25,3103,2224
ALJ25,2025-04-08,2197,2230.5,2177.25,2190.75,6995,2258
ALJ25,2025-04-09,2164.25,2170,2155,2166.25,2524,2364
ALJ25,2025-04-10,2248.75,2264.5,2248.75,2251,1546,2233
ALJ25,2025-04-11,2322.5,2370,2300,2300,1394,2246
ALJ25,2025-04-14,2322.5,2328.75,2306.75,2306.75,1351,2013
ALJ25,2025-04-15,2317.5,2317.5,2317.5,2317.5,6259,2010
ALJ25,2025-04-16,2310.5,2310.5,2310.5,2310.5,1195,1960
ALJ25,2025-04-17,2307.5,2307.5,2307.5,2307.5,4361,1945
ALJ25,2025-04-21,2330.5,2330.5,2330.5,2330.5,106,1949
ALJ25,2025-04-22,2303.25,2303.25,2303.25,2303.25,12821,1911
ALJ25,2025-04-23,2345.75,2345.75,2345.75,2345.75,19386,1978
ALJ25,2025-04-24,2390,2390,2390,2390,5086,1701
ALJ25,2025-04-25,2351.25,2351.25,2351.25,2351.25,4670,1736
ALK25,2025-04-28,2335.25,2335.25,2335.25,2335.25,1306,1893
ALK25,2025-04-29,2345,2354,2345,2354,3470,1870
ALK25,2025-04-30,2292.75,2292.75,2292.75,2292.75,677,1751
ALK25,2025-05-01,2293.25,2293.25,2293.25,2293.25,1660,1907
ALK25,2025-05-02,2307.75,2307.75,2307.75,2307.75,1010,1931
ALK25,2025-05-05,2306.75,2306.75,2306.75,2306.75,71,1910
ALK25,2025-05-06,2310.25,2310.25,2310.25,2310.25,3965,1931
ALK25,2025-05-07,2263.5,2278.5,2263.5,2269.75,10345,1943
ALK25,2025-05-08,2294.25,2294.25,2294.25,2294.25,3567,1884
ALK25,2025-05-09,2309.25,2309.25,2309.25,2309.25,17365,2021
ALK25,2025-05-12,2382,2382,2382,2382,3117,1883
ALK25,2025-05-13,2400.75,2400.75,2400.75,2400.75,2068,1858
ALK25,2025-05-14,2457.25,2457.25,2457.25,2457.25,2854,1741
ALK25,2025-05-15,2403.5,2403.5,2403.5,2403.5,3472,1683
ALK25,2025-05-16,2389.75,2389.75,2389.75,2389.75,4228,1659
ALK25,2025-05-19,2355.25,2355.25,2355.25,2355.25,4629,1584
ALK25,2025-05-20,2372.25,2372.25,2372.25,2372.25,4222,1591
ALK25,2025-05-21,2374.25,2374.25,2374.25,2374.25,4631,1615
ALK25,2025-05-22,2350.25,2350.25,2350.25,2350.25,6031,1683
ALK25,2025-05-23,2357.5,2357.5,2357.5,2357.5,2554,1701
ALK25,2025-05-27,2373.5,2373.5,2373.5,2373.5,15155,1653
ALM25,2025-05-28,2363.5,2363.5,2363.5,2363.5,804,1639
ALM25,2025-05-29,2383.5,2383.5,2344.25,2344.25,397,1675
ALM25,2025-05-30,2348.5,2348.5,2348.5,2348.5,437,1693
ALM25,2025-06-02,2381.75,2381.75,2381.75,2381.75,3455,1641
ALM25,2025-06-03,2371,2371,2371,2371,5103,1548
ALM25,2025-06-04,2395,2395,2390.75,2390.75,4647,1518
ALM25,2025-06-05,2406,2410.25,2404,2404,2479,1525
ALM25,2025-06-06,2365.75,2365.75,2365.75,2365.75,2515,1515
ALM25,2025-06-09,2394.75,2394.75,2394.75,2394.75,2902,1425
ALM25,2025-06-10,2419.25,2419.25,2419.25,2419.25,19814,1410
ALM25,2025-06-11,2443,2443,2443,2443,2684,1329
ALM25,2025-06-12,2439.75,2439.75,2439.75,2439.75,1874,1322
ALM25,2025-06-13,2436,2436,2436,2436,1151,1322
ALM25,2025-06-16,2441,2441,2441,2441,2912,1323
ALM25,2025-06-17,2479.5,2479.5,2479.5,2479.5,3059,1265
ALM25,2025-06-18,2503.75,2503.75,2503.75,2503.75,2148,1192
ALM25,2025-06-20,2470.75,2470.75,2470.75,2470.75,15410,1125
ALM25,2025-06-23,2528.5,2528.5,2528.5,2528.5,2678,1150
ALM25,2025-06-24,2507.75,2507.75,2507.75,2507.75,5280,1122
ALM25,2025-06-25,2497.25,2497.25,2497.25,2497.25,1220,1160
ALN25,2025-06-26,2505.75,2512,2505.75,2512,708,1134
ALN25,2025-06-27,2487.25,2507.5,2487.25,2507.5,419,1122
ALN25,2025-06-30,2522.25,2522.25,2515.25,2515.25,261,1048
ALN25,2025-07-01,2518.25,2518.25,2518.25,2518.25,266,1059
ALN25,2025-07-02,2530,2530,2530,2530,716,1119
ALN25,2025-07-03,2524.75,2524.75,2524.75,2524.75,18036,1137
ALN25,2025-07-07,2467.25,2467.25,2467.25,2467.25,2135,1093
ALN25,2025-07-08,2469.5,2469.5,2469.5,2469.5,657,1084
ALN25,2025-07-09,2486.25,2486.25,2486.25,2486.25,420,1070
ALN25,2025-07-10,2504.5,2504.5,2504.5,2504.5,2298,1076
ALN25,2025-07-11,2491.25,2491.25,2491.25,2491.25,3363,1146
ALN25,2025-07-14,2457.25,2481,2457.25,2470.25,758,1081
ALN25,2025-07-15,2447.5,2447.5,2447.5,2447.5,840,1075
ALN25,2025-07-16,2433.25,2433.25,2433.25,2433.25,581,1069
ALN25,2025-07-17,2447.25,2447.25,2428.75,2428.75,20094,1105
ALN25,2025-07-18,2474.75,2507.25,2474.75,2507.25,718,1070
ALN25,2025-07-21,2549,2553,2549,2552,4356,1062
ALN25,2025-07-22,2574.5,2584.25,2574.5,2584.25,776,1256
ALN25,2025-07-23,2566.75,2566.75,2566.75,2566.75,3717,1239
ALN25,2025-07-24,2564.25,2564.25,2564.25,2564.25,1285,1206
ALN25,2025-07-25,2546.5,2546.5,2546.5,2546.5,5069,1253
ALN25,2025-07-28,2533.5,2533.5,2533.5,2533.5,6962,1165
ALQ25,2025-07-29,2515.25,2518.5,2515.25,2518.5,158,1181
ALQ25,2025-07-30,2502.5,2502.5,2502.5,2502.5,296,1135
ALQ25,2025-07-31,2446.75,2446.75,2446.75,2446.75,597,1035
ALQ25,2025-08-01,2432,2432,2432,2432,633,1077
ALQ25,2025-08-04,2427,2427,2427,2427,583,1053
ALQ25,2025-08-05,2432.75,2432.75,2432.75,2432.75,3153,1051
ALQ25,2025-08-06,2483.25,2483.25,2483.25,2483.25,14909,1090
ALQ25,2025-08-07,2500,2500,2500,2500,2699,1053
ALQ25,2025-08-08,2501.75,2501.75,2501.75,2501.75,296,1053
ALQ25,2025-08-11,2469.5,2469.5,2469.5,2469.5,15350,1055
ALQ25,2025-08-12,2507.75,2507.75,2507.75,2507.75,2848,1129
ALQ25,2025-08-13,2510.5,2510.5,2510.5,2510.5,1826,1126
ALQ25,2025-08-14,2501.5,2501.5,2501.5,2501.5,2095,1147
ALQ25,2025-08-15,2480.75,2480.75,2480.75,2480.75,1455,1096
ALQ25,2025-08-18,2470.75,2475,2458.5,2458.5,13941,1180
ALQ25,2025-08-19,2443.75,2444.5,2428,2428,10364,1139
ALQ25,2025-08-20,2452.25,2461,2452.25,2459.75,6193,1185
ALQ25,2025-08-21,2484.5,2484.5,2484.5,2484.5,2592,1167
ALQ25,2025-08-22,2506.25,2509.75,2504.75,2505.25,7419,1113
ALQ25,2025-08-25,2527,2527,2527,2527,22,1109
ALQ25,2025-08-26,2541.25,2541.25,2541.25,2541.25,614,1027
ALU25,2025-08-27,2532,2535,2510.5,2513,489,924
ALU25,2025-08-28,2522,2522,2516.25,2516.25,276,933
ALU25,2025-08-29,2514.75,2514.75,2514.75,2514.75,147,913
ALU25,2025-09-02,2482,2514.5,2482,2514.5,723,970
ALU25,2025-09-03,2505.5,2505.5,2505.5,2505.5,1272,898
ALU25,2025-09-04,2485.5,2488.75,2485.5,2488.75,8945,936
ALU25,2025-09-05,2495.25,2495.25,2495.25,2495.25,1006,899
ALU25,2025-09-08,2505.5,2511,2490.5,2511,5277,930
ALU25,2025-09-09,2516,2516,2516,2516,15815,941
ALU25,2025-09-10,2508.5,2518.25,2506,2518.25,1043,948
ALU25,2025-09-11,2556,2587.75,2556,2587.75,6439,955
ALU25,2025-09-12,2583.75,2583.75,2583.75,2583.75,629,958
ALU25,2025-09-15,2601,2601.5,2591,2591,538,967
ALU25,2025-09-16,2614.75,2614.75,2614.75,2614.75,5701,949
ALU25,2025-09-17,2583.75,2583.75,2583.75,2583.75,2733,929
ALU25,2025-09-18,2579,2579,2579,2579,8195,905
ALU25,2025-09-19,2559.75,2559.75,2559.75,2559.75,9037,919
ALU25,2025-09-22,2543.5,2544.75,2530.25,2530.25,6451,953
ALU25,2025-09-23,2536,2536,2522,2522,3384,1036
ALU25,2025-09-24,2533.5,2533.5,2533.5,2533.5,662,1005
ALU25,2025-09-25,2551,2551,2551,2551,4097,1092
ALV25,2025-09-26,2551.5,2551.5,2551.5,2551.5,138,1057
ALV25,2025-09-29,2583.5,2583.5,2583.5,2583.5,3824,1073
ALV25,2025-09-30,2594,2594,2594,2594,196,1046
ALV25,2025-10-01,2597.5,2597.5,2597.5,2597.5,585,1055
ALV25,2025-10-02,2596.5,2596.5,2595.75,2596.5,5837,1050
ALV25,2025-10-03,2612.75,2612.75,2612.75,2612.75,2139,1080
ALV25,2025-10-06,2636.25,2636.25,2636.25,2636.25,10944,1156
ALV25,2025-10-07,2644,2662,2641.25,2662,7966,1090
ALV25,2025-10-08,2677.5,2682,2673,2681.25,1546,1122
ALV25,2025-10-09,2717,2727.75,2717,2727.75,8359,1370
ALV25,2025-10-10,2603.5,2603.5,2603.5,2603.5,7696,1362
ALV25,2025-10-13,2653.5,2653.5,2653.5,2653.5,556,1313
ALV25,2025-10-14,2636,2636,2636,2636,1460,1194
ALV25,2025-10-15,2643,2643,2643,2643,880,1090
ALV25,2025-10-16,2686.25,2686.25,2686.25,2686.25,10425,1138
ALV25,2025-10-17,2683,2683,2683,2683,942,1153
ALV25,2025-10-20,2689.25,2689.25,2689.25,2689.25,12416,1122
ALV25,2025-10-21,2681.25,2681.25,2681.25,2681.25,6255,1038
ALV25,2025-10-22,2708,2708,2708,2708,4241,1168
ALV25,2025-10-23,2768.75,2768.75,2768.75,2768.75,792,1225
ALV25,2025-10-24,2776.75,2776.75,2776.75,2776.75,4376,1263
ALV25,2025-10-27,2800.25,2800.25,2800.25,2800.25,1212,1471
ALV25,2025-10-28,2821.5,2821.5,2821.5,2821.5,783,1484
ALX25,2025-10-29,2850,2850,2830,2845,561,1496
ALX25,2025-10-30,2815.25,2815.25,2815.25,2815.25,239,1543
ALX25,2025-10-31,2824.75,2824.75,2824.75,2824.75,281,1491
ALX25,2025-11-03,2852.25,2852.25,2852.25,2852.25,1087,1621
ALX25,2025-11-04,2778.25,2778.25,2778.25,2778.25,17249,1655
ALX25,2025-11-05,2762.75,2762.75,2762.75,2762.75,6494,1630
ALX25,2025-11-06,2771.5,2771.5,2771.5,2771.5,13065,1676
ALX25,2025-11-07,2775,2775,2775,2775,19548,1591
ALX25,2025-11-10,2803,2803,2803,2803,3251,1766
ALX25,2025-11-11,2786,2786,2786,2786,1531,1745
ALX25,2025-11-12,2815.75,2815.75,2815.75,2815.75,3398,1827
ALX25,2025-11-13,2830,2830,2830,2830,1007,1818
ALX25,2025-11-14,2786.5,2786.5,2786.5,2786.5,1448,1829
ALX25,2025-11-17,2732.25,2732.25,2732.25,2732.25,1855,1695
ALX25,2025-11-18,2684,2684,2684,2684,1761,1524
ALX25,2025-11-19,2713.5,2713.5,2713.5,2713.5,8532,1526
ALX25,2025-11-20,2728.75,2728.75,2728.75,2728.75,1659,1583
ALX25,2025-11-21,2695.25,2695.25,2695.25,2695.25,2297,1518
ALX25,2025-11-24,2740.5,2740.5,2740.5,2740.5,5025,1522
ALZ25,2025-11-25,2735,2735,2735,2735,5061,1534
ALZ25,2025-11-26,2790.25,2790.25,2790.25,2790.25,458,1512
ALZ25,2025-11-28,2808,2808,2808,2808,217,1524
ALZ25,2025-12-01,2843.25,2843.25,2843.25,2843.25,913,1565
ALZ25,2025-12-02,2849.75,2849.75,2849.75,2849.75,6997,1686
ALZ25,2025-12-03,2867.5,2867.5,2867.5,2867.5,866,1818
ALZ25,2025-12-04,2877.75,2877.75,2877.75,2877.75,579,1900
ALZ25,2025-12-05,2861,2861,2861,2861,272,1937
ALZ25,2025-12-08,2820.5,2837.25,2820.5,2837.25,1439,1975
ALZ25,2025-12-09,2792.75,2796.25,2792.75,2796.25,463,1890
ALZ25,2025-12-10,2804.5,2804.5,2804.5,2804.5,6749,1718
ALZ25,2025-12-11,2825,2825,2825,2825,783,1862
ALZ25,2025-12-12,2788,2788,2788,2788,413,1840
ALZ25,2025-12-15,2763.5,2763.5,2763.5,2763.5,828,1939
ALZ25,2025-12-16,2775.75,2775.75,2775.75,2775.75,6883,1888
ALZ25,2025-12-17,2816,2816,2816,2816,7110,2109
ALZ25,2025-12-18,2823.75,2823.75,2823.75,2823.75,573,2135
ALZ25,2025-12-19,2868,2868,2868,2868,739,2251
ALZ25,2025-12-22,2850.25,2850.25,2850.25,2850.25,8833,2250
ALZ25,2025-12-23,2857.5,2857.5,2857.5,2857.5,2777,1357
ALZ25,2025-12-24,2865.75,2865.75,2865.75,2865.75,203,0