CBG21,2020-12-24,51.11,51.77,50.62,51.29,312991,2499929
CBG21,2020-12-28,51.25,52.02,50.53,50.86,333228,2481911
CBG21,2020-12-29,51.02,51.63,50.86,51.09,450187,2465761
CBH21,2020-12-30,51.39,51.92,50.94,51.63,470553,2432553
CBH21,2020-12-31,51.49,51.84,50.9,51.8,335230,2455791
CBH21,2021-01-04,51.5,53.33,50.56,51.09,936796,2477548
CBH21,2021-01-05,50.95,53.9,50.7,53.6,1296974,2494225
CBH21,2021-01-06,53.52,54.73,53.02,54.3,1368478,2506286
CBH21,2021-01-07,54.13,54.9,53.94,54.38,939370,2539203
CBH21,2021-01-08,54.56,56.36,54.34,55.99,1097770,2559310
CBH21,2021-01-11,56.24,56.39,54.99,55.66,837648,2551206
CBH21,2021-01-12,55.66,56.79,55.51,56.58,857836,2552201
CBH21,2021-01-13,56.83,57.42,55.77,56.06,1152998,2589097
CBH21,2021-01-14,55.93,56.57,55.24,56.42,1123639,2652457
CBH21,2021-01-15,56.41,56.5,54.64,55.1,981651,2671160
CBH21,2021-01-18,54.75,55.21,54.49,54.75,439137,2668985
CBH21,2021-01-19,55.01,56.08,54.89,55.9,852569,2638507
CBH21,2021-01-20,56.07,56.64,55.66,56.08,1037012,2629936
CBH21,2021-01-21,55.82,56.24,55.49,56.1,837675,2668620
CBH21,2021-01-22,56,56.03,54.48,55.41,973205,2655045
CBH21,2021-01-25,55.26,56.02,55.07,55.88,734326,2657649
CBH21,2021-01-26,55.93,56.34,55.39,55.91,720637,2626778
CBH21,2021-01-27,56.05,56.49,55.2,55.81,881544,2627560
CBH21,2021-01-28,55.41,56.59,55.31,55.53,879522,2596709
CBJ21,2021-01-29,55.04,56.02,54.9,55.04,698840,2542496
CBJ21,2021-02-01,54.91,56.53,54.6,56.35,685469,2557837
CBJ21,2021-02-02,56.35,58.05,56.33,57.46,985370,2571017
CBJ21,2021-02-03,57.85,58.94,57.5,58.46,808676,2584993
CBJ21,2021-02-04,58.59,59.12,58.04,58.84,759272,2616067
CBJ21,2021-02-05,59.17,59.79,59.08,59.34,709584,2617969
CBJ21,2021-02-08,59.43,60.72,59.43,60.56,874026,2641311
CBJ21,2021-02-09,60.8,61.34,60.05,61.09,1038173,2665106
CBJ21,2021-02-10,61.21,61.69,60.87,61.47,921444,2665612
CBJ21,2021-02-11,61.01,61.5,60.72,61.14,660062,2706540
CBJ21,2021-02-12,60.82,62.83,60.35,62.43,976390,2691968
CBJ21,2021-02-15,62.83,63.76,62.82,63.3,781537,2692420
CBJ21,2021-02-16,63.47,63.7,62.69,63.35,852918,2712278
CBJ21,2021-02-17,63.15,64.96,62.73,64.34,1297006,2723163
CBJ21,2021-02-18,65.02,65.52,63.22,63.93,1458701,2735316
CBJ21,2021-02-19,63.3,63.94,62.09,62.91,1155694,2756395
CBJ21,2021-02-22,62.68,65.85,62.55,65.24,1064856,2766027
CBJ21,2021-02-23,65.51,66.79,64.47,65.37,1114667,2725177
CBJ21,2021-02-24,65.06,67.31,64.8,67.04,1084136,2788128
CBJ21,2021-02-25,67.2,67.7,66.48,66.88,947918,2758832
CBK21,2021-02-26,66.05,66.05,64.25,64.42,837341,2704666
CBK21,2021-03-01,64.85,65.93,63.17,63.69,801428,2700101
CBK21,2021-03-02,63.12,64.13,62.38,62.7,1054316,2697380
CBK21,2021-03-03,62.38,64.7,62.38,64.07,1077105,2704448
CBK21,2021-03-04,64.1,67.75,63.33,66.74,1585993,2694343
CBK21,2021-03-05,67.16,69.69,66.67,69.36,1225247,2690875
CBK21,2021-03-08,69.97,71.38,67.8,68.24,1160752,2691532
CBK21,2021-03-09,68.13,69.33,67.12,67.52,1059690,2685818
CBK21,2021-03-10,67.46,68.42,66.5,67.9,1157706,2662683
CBK21,2021-03-11,68.45,69.84,67.99,69.63,945175,2708057
CBK21,2021-03-12,69.59,69.9,69.03,69.22,851487,2693302
CBK21,2021-03-15,69.08,70.03,67.82,68.88,856928,2687560
CBK21,2021-03-16,68.81,68.94,67.36,68.39,835542,2717729
CBK21,2021-03-17,68.39,68.89,66.96,68,1319559,2724584
CBK21,2021-03-18,67.77,68.15,61.45,63.28,2014997,2652216
CBK21,2021-03-19,62.99,64.95,62.07,64.53,1914279,2611955
CBK21,2021-03-22,64.53,65.12,63.45,64.62,865605,2594137
CBK21,2021-03-23,64.3,64.3,60.27,60.79,1829763,2563566
CBK21,2021-03-24,60.5,64.57,60.47,64.41,1306155,2574108
CBK21,2021-03-25,63.99,64.19,60.98,61.95,1118163,2559093
CBK21,2021-03-26,62.01,64.89,61.85,64.57,900926,2566428
CBK21,2021-03-29,64.58,65.46,63.13,64.98,757404,2557007
CBK21,2021-03-30,65.2,65.41,63.52,64.14,740474,2519069
CBM21,2021-03-31,63.95,64.83,62.53,62.74,804947,2488971
CBM21,2021-04-01,63.12,65.17,62.38,64.86,1403202,2458641
CBM21,2021-04-05,64.57,64.81,61.25,62.15,672139,2445391
CBM21,2021-04-06,62.32,64.28,62.08,62.74,854131,2438348
CBM21,2021-04-07,62.6,63.55,61.6,63.16,952431,2449013
CBM21,2021-04-08,63.02,63.43,62.38,63.2,815250,2472569
CBM21,2021-04-09,63.28,63.49,62.57,62.95,629695,2454572
CBM21,2021-04-12,63.03,64.31,62.41,63.28,774021,2461045
CBM21,2021-04-13,63.24,64.19,63.18,63.67,651808,2503076
CBM21,2021-04-14,64.01,66.9,63.88,66.58,946766,2538829
CBM21,2021-04-15,66.38,67.03,65.95,66.94,755098,2533770
CBM21,2021-04-16,66.86,67.38,66.44,66.77,611923,2528935
CBM21,2021-04-19,66.7,67.23,66.17,67.05,599916,2541582
CBM21,2021-04-20,67.2,68.08,65.51,66.57,1032092,2535295
CBM21,2021-04-21,66.22,66.52,64.96,65.32,822092,2514833
CBM21,2021-04-22,65.13,65.83,64.58,65.4,814311,2548956
CBM21,2021-04-23,65.8,66.3,65.16,66.11,659166,2536259
CBM21,2021-04-26,66.1,66.26,64.57,65.65,947924,2500603
CBM21,2021-04-27,65.76,66.8,65.66,66.42,925553,2477696
CBM21,2021-04-28,66.58,67.85,66.13,67.27,1071261,2480210
CBM21,2021-04-29,67.18,68.95,67.13,68.56,847036,2506445
CBN21,2021-04-30,67.9,67.97,66.25,66.76,683064,2448783
CBN21,2021-05-03,66.7,67.82,66.1,67.56,331857,2447191
CBN21,2021-05-04,67.75,69.5,67.37,68.88,632391,2442913
CBN21,2021-05-05,69.35,69.95,68.35,68.96,737168,2456008
CBN21,2021-05-06,68.47,69.37,67.93,68.09,760291,2480576
CBN21,2021-05-07,68.26,68.65,67.39,68.28,729953,2472628
CBN21,2021-05-10,68.74,69.2,67.41,68.32,761830,2465487
CBN21,2021-05-11,68.29,68.75,67.13,68.55,905179,2483944
CBN21,2021-05-12,68.78,69.9,68.18,69.32,861098,2495941
CBN21,2021-05-13,68.88,69.04,66.48,67.05,805183,2511267
CBN21,2021-05-14,67,68.89,66.5,68.71,891811,2524340
CBN21,2021-05-17,68.92,69.62,68.18,69.46,752936,2514675
CBN21,2021-05-18,69.61,70.24,67.28,68.71,1299108,2544000
CBN21,2021-05-19,68.41,68.46,65.3,66.66,1165406,2536818
CBN21,2021-05-20,66.63,67.17,64.8,65.11,1348929,2504534
CBN21,2021-05-21,65.22,66.94,64.57,66.44,1012464,2496789
CBN21,2021-05-24,66.72,68.64,66.46,68.46,903701,2492507
CBN21,2021-05-25,68.47,68.9,67.83,68.65,772085,2480686
CBN21,2021-05-26,68.55,69.17,68.02,68.87,723039,2476187
CBN21,2021-05-27,68.78,69.51,68.11,69.46,697970,2503837
CBQ21,2021-05-28,69.47,69.74,68.57,68.72,650374,2381660
CBQ21,2021-05-31,68.98,69.82,68.75,69.32,168344,2385454
CBQ21,2021-06-01,69.39,71.34,69.29,70.25,813167,2394858
CBQ21,2021-06-02,70.55,71.48,70.35,71.35,656855,2423228
CBQ21,2021-06-03,71.27,71.99,70.66,71.31,631002,2406385
CBQ21,2021-06-04,71.25,72.17,70.73,71.89,600046,2419690
CBQ21,2021-06-07,71.82,72.27,71.1,71.49,627693,2422736
CBQ21,2021-06-08,71.42,72.42,70.71,72.22,783141,2447572
CBQ21,2021-06-09,72.17,72.87,71.82,72.22,777981,2448683
CBQ21,2021-06-10,72.03,72.93,70.95,72.52,1028934,2455647
CBQ21,2021-06-11,72.41,73.09,71.88,72.69,858546,2480086
CBQ21,2021-06-14,72.7,73.64,72.59,72.86,651251,2478773
CBQ21,2021-06-15,73.03,74.33,72.79,73.99,775760,2478927
CBQ21,2021-06-16,74.26,74.96,73.86,74.39,1037487,2484479
CBQ21,2021-06-17,73.8,74.5,72.01,73.08,1055213,2458093
CBQ21,2021-06-18,73,73.76,72.18,73.51,768654,2463924
CBQ21,2021-06-21,73.33,74.95,72.98,74.9,969219,2459995
CBQ21,2021-06-22,74.88,75.3,74.32,74.81,1004291,2459903
CBQ21,2021-06-23,74.75,76.02,74.7,75.19,886096,2459478
CBQ21,2021-06-24,75.3,75.78,74.51,75.56,735611,2440719
CBQ21,2021-06-25,75.54,76.21,74.95,76.18,756080,2434694
CBQ21,2021-06-28,75.99,76.6,74.51,74.68,870167,2425543
CBQ21,2021-06-29,74.67,75.51,73.9,74.76,691730,2406751
CBU21,2021-06-30,74.6,75.35,73.93,74.62,692355,2373915
CBU21,2021-07-01,74.69,76.74,74.55,75.84,1107359,2391346
CBU21,2021-07-02,75.64,76.43,75.21,76.17,640035,2367676
CBU21,2021-07-05,76.23,77.26,75.7,77.16,470122,2365399
CBU21,2021-07-06,77.06,77.84,74.13,74.53,1108347,2365204
CBU21,2021-07-07,74.69,75.99,72.6,73.43,954136,2385947
CBU21,2021-07-08,73.35,74.4,72.11,74.12,838187,2378434
CBU21,2021-07-09,74.39,75.8,73.8,75.55,673784,2372203
CBU21,2021-07-12,75.79,75.84,74.23,75.16,714602,2337428
CBU21,2021-07-13,75.25,76.6,74.93,76.49,763131,2355702
CBU21,2021-07-14,76.28,76.72,73.79,74.76,1001989,2368130
CBU21,2021-07-15,74.5,74.59,73.19,73.47,854232,2356580
CBU21,2021-07-16,73.18,74.09,72.34,73.59,838189,2359149
CBU21,2021-07-19,72.86,73.34,67.75,68.62,1475157,2338216
CBU21,2021-07-20,68.99,69.73,67.44,69.35,1011193,2343435
CBU21,2021-07-21,68.92,72.38,68.63,72.23,974275,2364759
CBU21,2021-07-22,72.24,73.9,71.74,73.79,903986,2371733
CBU21,2021-07-23,73.56,74.22,73.32,74.1,626489,2395977
CBU21,2021-07-26,74.12,74.84,72.75,74.5,732697,2405727
CBU21,2021-07-27,74.67,75.05,74.02,74.48,751851,2376448
CBU21,2021-07-28,74.77,75.32,74.42,74.74,660732,2353669
CBU21,2021-07-29,74.76,76.15,74.63,76.05,684788,2343189
CBV21,2021-07-30,74.81,75.65,74.39,75.41,590923,2247586
CBV21,2021-08-02,75.39,75.39,72.31,72.89,704864,2257344
CBV21,2021-08-03,73.08,73.55,71.05,72.41,776454,2260055
CBV21,2021-08-04,72.33,72.83,70.11,70.38,977135,2253527
CBV21,2021-08-05,70.27,71.5,69.75,71.29,700643,2256053
CBV21,2021-08-06,71.2,72.43,70.28,70.7,847652,2271090
CBV21,2021-08-09,70.26,70.26,67.6,69.04,984497,2276956
CBV21,2021-08-10,69.35,71.24,68.94,70.63,698443,2276879
CBV21,2021-08-11,70.83,71.72,69.07,71.44,875073,2279099
CBV21,2021-08-12,71.57,71.9,70.67,71.31,627342,2296281
CBV21,2021-08-13,71.12,71.38,70,70.59,503183,2299348
CBV21,2021-08-16,70.05,70.45,68.14,69.51,736991,2308072
CBV21,2021-08-17,69.77,70,68.82,69.03,634232,2320730
CBV21,2021-08-18,68.96,70.04,67.23,68.23,923633,2341593
CBV21,2021-08-19,67.57,67.64,65.57,66.45,1091162,2337975
CBV21,2021-08-20,66.54,66.93,64.94,65.18,752915,2357284
CBV21,2021-08-23,64.97,68.9,64.6,68.75,853333,2361324
CBV21,2021-08-24,68.66,71.27,68.53,71.05,1003456,2353728
CBV21,2021-08-25,71,72.42,70.5,72.25,972598,2350151
CBV21,2021-08-26,71.94,72.13,70.66,71.07,852655,2337132
CBV21,2021-08-27,71.53,72.76,71.17,72.7,691272,2326604
CBV21,2021-08-30,73.25,73.69,72,73.41,615817,2300919
CBX21,2021-08-31,72.16,72.36,71.37,71.63,608520,2253749
CBX21,2021-09-01,71.68,72.38,70.42,71.59,726678,2257709
CBX21,2021-09-02,71.31,73.47,70.92,73.03,811533,2262926
CBX21,2021-09-03,72.86,73.69,72.4,72.61,630506,2274151
CBX21,2021-09-06,72.57,72.78,71.51,72.22,354530,2283531
CBX21,2021-09-07,72.29,72.81,71.1,71.69,695829,2282094
CBX21,2021-09-08,71.64,72.95,71.55,72.6,986019,2311237
CBX21,2021-09-09,72.61,73.2,70.88,71.45,1123850,2322931
CBX21,2021-09-10,71.37,73.15,70.94,72.92,688710,2306963
CBX21,2021-09-13,72.88,73.92,72.69,73.51,730258,2300509
CBX21,2021-09-14,73.62,74.28,73.08,73.6,874254,2314249
CBX21,2021-09-15,73.92,76.13,73.78,75.46,1003137,2342820
CBX21,2021-09-16,75.46,75.87,74.48,75.67,728068,2355586
CBX21,2021-09-17,75.68,75.78,74.58,75.34,767499,2358820
CBX21,2021-09-20,75.33,75.4,73.52,73.92,938053,2329833
CBX21,2021-09-21,74.33,75.18,73.26,74.36,783818,2337573
CBX21,2021-09-22,74.56,76.26,74.49,76.19,941706,2361057
CBX21,2021-09-23,75.9,77.35,75.6,77.25,863377,2371858
CBX21,2021-09-24,77.26,78.24,76.85,78.09,757916,2362271
CBX21,2021-09-27,78.25,79.9,78.21,79.53,1049975,2337940
CBX21,2021-09-28,79.4,80.75,78.1,79.09,996663,2316642
CBX21,2021-09-29,78.25,79.4,77.5,78.64,824225,2289005
CBZ21,2021-09-30,77.82,79.3,76.51,78.31,1053348,2240569
CBZ21,2021-10-01,78.49,79.41,77.55,79.28,691276,2239095
CBZ21,2021-10-04,79.49,82,78.75,81.26,886045,2266212
CBZ21,2021-10-05,81.27,83.13,81.19,82.56,912064,2281085
CBZ21,2021-10-06,82.57,83.47,80.6,81.08,973907,2269680
CBZ21,2021-10-07,80.98,82.5,79.08,81.95,931466,2275381
CBZ21,2021-10-08,82.38,83.43,81.96,82.39,873175,2274429
CBZ21,2021-10-11,82.65,84.6,82.54,83.65,811458,2279991
CBZ21,2021-10-12,83.49,84.23,82.72,83.42,851229,2291949
CBZ21,2021-10-13,83.1,83.69,82.2,83.18,873936,2308088
CBZ21,2021-10-14,83.45,84.5,83.18,84,813237,2307198
CBZ21,2021-10-15,84.3,85.1,84.16,84.86,732010,2302214
CBZ21,2021-10-18,84.95,86.04,83.95,84.33,902272,2293811
CBZ21,2021-10-19,84.21,85.4,83.7,85.08,914147,2316026
CBZ21,2021-10-20,85.19,85.89,83.61,85.82,967220,2347684
CBZ21,2021-10-21,85.9,86.1,83.36,84.61,1056781,2368182
CBZ21,2021-10-22,84.52,85.93,83.82,85.53,1177468,2375968
CBZ21,2021-10-25,85.65,86.7,85.43,85.99,1102843,2346618
CBZ21,2021-10-26,86.03,86.5,85.27,86.4,909362,2306050
CBZ21,2021-10-27,86.07,86.28,84.05,84.58,1032154,2289730
CBZ21,2021-10-28,84.21,84.59,82.32,84.32,954988,2255297
CBF22,2021-10-29,83.67,84.26,82.57,83.72,809743,2204455
CBF22,2021-11-01,83.63,85.12,83.03,84.71,857178,2211900
CBF22,2021-11-02,84.45,85.23,83.76,84.72,787715,2203064
CBF22,2021-11-03,84.07,84.2,81.1,81.99,997197,2220237
CBF22,2021-11-04,81.58,84.49,80.2,80.54,1199376,2249333
CBF22,2021-11-05,81.25,83.16,80.26,82.74,1067244,2239572
CBF22,2021-11-08,82.58,84,82.53,83.43,734640,2259069
CBF22,2021-11-09,83.47,85.3,83.16,84.78,957537,2269226
CBF22,2021-11-10,84.99,85.5,82.08,82.64,967482,2276036
CBF22,2021-11-11,82.85,83.44,81.66,82.87,909244,2279088
CBF22,2021-11-12,82.83,82.87,81.26,82.17,740169,2273813
CBF22,2021-11-15,81.92,82.49,80.67,82.05,761410,2280396
CBF22,2021-11-16,82,83.14,81.52,82.43,886601,2287532
CBF22,2021-11-17,82.05,82.22,79.78,80.28,1185815,2313244
CBF22,2021-11-18,80.1,81.41,79.28,81.24,1011082,2322145
CBF22,2021-11-19,81,82.24,78.05,78.89,1467816,2327792
CBF22,2021-11-22,78.58,80.07,77.58,79.7,1059417,2318503
CBF22,2021-11-23,79.51,82.6,78.55,82.31,1407768,2292488
CBF22,2021-11-24,81.88,83,81.74,82.25,911322,2281983
CBF22,2021-11-25,82.24,82.58,81.7,82.22,372266,2257105
CBF22,2021-11-26,81.65,81.66,72.14,72.72,1725137,2233738
CBF22,2021-11-29,73.88,77.02,72.41,73.44,1346771,2195117
CBG22,2021-11-30,73.99,74.35,67.45,69.23,1644837,2159217
CBG22,2021-12-01,69.8,72.87,68.14,68.87,1240614,2160947
CBG22,2021-12-02,69.72,70.7,65.72,69.67,1573653,2156280
CBG22,2021-12-03,70.22,72.62,69.24,69.88,950062,2168212
CBG22,2021-12-06,70.24,73.8,70.24,73.08,729961,2153983
CBG22,2021-12-07,73.6,76.27,73.2,75.44,895986,2137773
CBG22,2021-12-08,75.44,76.37,74.38,75.82,911802,2152291
CBG22,2021-12-09,75.94,76.7,73.84,74.42,827636,2150109
CBG22,2021-12-10,73.99,75.71,73.8,75.15,610742,2161418
CBG22,2021-12-13,75.37,76.39,74.2,74.39,713957,2172550
CBG22,2021-12-14,74.42,75.16,72.57,73.7,831381,2174161
CBG22,2021-12-15,73.25,74.58,72.5,73.88,707751,2159764
CBG22,2021-12-16,74.47,75.61,74,75.02,722055,2165355
CBG22,2021-12-17,74.5,74.98,72.65,73.52,707821,2167949
CBG22,2021-12-20,72.82,72.87,69.28,71.52,1055682,2174483
CBG22,2021-12-21,71.88,74.27,71.24,73.98,745832,2167638
CBG22,2021-12-22,74.05,75.67,73.62,75.29,663242,2150504
CBG22,2021-12-23,75.47,77,74.78,76.85,654840,2165556
CBG22,2021-12-24,76.72,76.79,75.75,76.14,125445,2160771
CBG22,2021-12-27,76.32,79.08,75.75,78.6,375122,2164947
CBG22,2021-12-28,78.67,79.85,78.48,78.94,378507,2164578
CBG22,2021-12-29,79.28,80.17,78.13,79.23,572990,2168031
CBH22,2021-12-30,79.06,80.02,78.41,79.53,432706,2109099
CBH22,2021-12-31,78.81,79.68,77.55,77.78,330524,2113433
CBH22,2022-01-03,78.11,79.28,77.04,78.98,457345,2111939
CBH22,2022-01-04,78.91,80.55,78.62,80,800435,2126973
CBH22,2022-01-05,80.07,81.5,79.51,80.8,939029,2143180
CBH22,2022-01-06,80.22,82.83,79.61,81.99,1027366,2167173
CBH22,2022-01-07,82,83,81.42,81.75,766653,2175397
CBH22,2022-01-10,81.76,82.3,80.5,80.87,823472,2189373
CBH22,2022-01-11,81.08,83.98,80.89,83.72,889489,2195618
CBH22,2022-01-12,83.78,85.21,83.52,84.67,923577,2217778
CBH22,2022-01-13,84.87,85.1,83.79,84.47,796749,2250154
CBH22,2022-01-14,84.12,86.5,83.99,86.06,905995,2271759
CBH22,2022-01-17,86.15,86.71,85.54,86.48,419798,2277648
CBH22,2022-01-18,86.47,88.66,86.44,87.51,1080463,2268205
CBH22,2022-01-19,88.65,89.17,87.61,88.44,1058174,2280607
CBH22,2022-01-20,87.89,89.5,87.05,88.38,890336,2272478
CBH22,2022-01-21,86.75,88.23,85.71,87.89,1003947,2281536
CBH22,2022-01-24,87.93,88.9,85.04,86.27,1022138,2278012
CBH22,2022-01-25,86.76,88.37,86.2,88.2,940311,2266692
CBH22,2022-01-26,87.95,90.47,87.79,89.96,1178158,2240731
CBH22,2022-01-27,89.7,91.04,89,89.34,998007,2216900
CBH22,2022-01-28,89.98,91.7,89.41,90.03,1173439,2207224
CBJ22,2022-01-31,89.2,89.8,88.09,89.26,724028,2157887
CBJ22,2022-02-01,89.62,89.96,87.72,89.16,714752,2131473
CBJ22,2022-02-02,89.48,90.52,88.28,89.47,876917,2149961
CBJ22,2022-02-03,89.07,91.3,88.02,91.11,878595,2171270
CBJ22,2022-02-04,91.3,93.7,91.2,93.27,882616,2178986
CBJ22,2022-02-07,92.75,94,92.13,92.69,873936,2175810
CBJ22,2022-02-08,92.63,92.93,89.93,90.78,1069187,2175469
CBJ22,2022-02-09,91.08,92.09,90.05,91.55,892674,2175518
CBJ22,2022-02-10,91.75,93.1,90.88,91.41,1046558,2216027
CBJ22,2022-02-11,91.17,95.66,90.51,94.44,1463548,2257010
CBJ22,2022-02-14,95.2,96.78,93.44,96.48,1134956,2263527
CBJ22,2022-02-15,95.81,96.26,92.06,93.28,1155661,2262882
CBJ22,2022-02-16,93.49,96.07,91.11,94.81,1427900,2261397
CBJ22,2022-02-17,92.2,94.5,92.14,92.97,1147466,2283778
CBJ22,2022-02-18,92.73,94.15,90.12,93.54,1240871,2292177
CBJ22,2022-02-21,94.29,97.4,92.57,95.39,725837,2288269
CBJ22,2022-02-22,96.55,99.5,95.8,96.84,1293662,2255853
CBJ22,2022-02-23,96.65,98.71,95.81,96.84,1024814,2217209
CBJ22,2022-02-24,98.08,105.79,97.56,99.08,2100248,2174138
CBJ22,2022-02-25,100.69,101.99,96,97.93,1165952,2130444
CBK22,2022-02-28,96.34,101.28,96.34,97.97,1143738,2072893
CBK22,2022-03-01,98.43,107.67,98.3,104.97,1792797,2107838
CBK22,2022-03-02,107.34,115.11,106.83,112.93,1599291,2043724
CBK22,2022-03-03,115.27,119.84,109.4,110.46,1542083,2019817
CBK22,2022-03-04,114.23,118.98,109.62,118.11,1264508,2023362
CBK22,2022-03-07,122.79,139.13,119.04,123.21,1386864,1986662
CBK22,2022-03-08,124.56,133.15,121.31,127.98,1709842,1978954
CBK22,2022-03-09,130.28,131.64,105.6,111.14,1811779,1945866
CBK22,2022-03-10,112.65,118.36,109,109.33,1311305,1945533
CBK22,2022-03-11,110.26,113.91,107.13,112.67,923442,1937001
CBK22,2022-03-14,113.15,113.15,103.49,106.9,938276,1922757
CBK22,2022-03-15,105.34,105.71,97.44,99.91,1150982,1904329
CBK22,2022-03-16,99.14,103.7,96.93,98.02,875441,1900280
CBK22,2022-03-17,98.61,107.5,97.75,106.64,788491,1906992
CBK22,2022-03-18,106.8,109.59,105.78,107.93,614102,1925299
CBK22,2022-03-21,107.5,116.8,107.06,115.62,829206,1927295
CBK22,2022-03-22,117.04,119.48,112.64,115.48,923528,1921714
CBK22,2022-03-23,114.7,122.34,114.45,121.6,1028899,1920457
CBK22,2022-03-24,121.56,123.74,116.93,119.03,921355,1906527
CBK22,2022-03-25,118.88,120.92,115.16,120.65,833774,1906467
CBK22,2022-03-28,119.9,119.9,109.06,112.48,851953,1879437
CBK22,2022-03-29,110.1,114.83,104.84,110.23,999654,1859912
CBK22,2022-03-30,112,114.8,110.74,113.45,752807,1855402
CBM22,2022-03-31,110.99,111.16,104.06,104.71,1077681,1830049
CBM22,2022-04-01,105.25,106.24,102.35,104.39,790979,1826858
CBM22,2022-04-04,104.08,108.68,102.89,107.53,680664,1839001
CBM22,2022-04-05,108.51,109.9,104.53,106.64,612998,1837087
CBM22,2022-04-06,105.7,108.67,100.54,101.07,916648,1843557
CBM22,2022-04-07,101.78,103.59,98.41,100.58,930848,1857343
CBM22,2022-04-08,101.42,103.3,99.65,102.78,663824,1858367
CBM22,2022-04-11,103.21,103.3,97.57,98.48,763813,1858443
CBM22,2022-04-12,99.35,105.6,98.9,104.64,924533,1877549
CBM22,2022-04-13,105.44,109,104.06,108.78,854833,1899004
CBM22,2022-04-14,108.29,112.39,106.63,111.7,726389,1903259
CBM22,2022-04-18,112.32,114.84,110.71,113.16,441838,1906554
CBM22,2022-04-19,112.85,114.21,106.74,107.25,878833,1907922
CBM22,2022-04-20,108.1,109,104.65,106.8,917776,1926566
CBM22,2022-04-21,107.07,109.8,106.76,108.33,731461,1928059
CBM22,2022-04-22,108.26,108.76,105.54,106.65,623276,1932122
CBM22,2022-04-25,105.49,105.85,99.48,102.32,934609,1931520
CBM22,2022-04-26,102.53,106.2,101.08,104.99,847086,1899793
CBM22,2022-04-27,105.45,106.33,103.27,105.32,678071,1909747
CBM22,2022-04-28,104.96,108,103.29,107.59,886169,1904669
CBN22,2022-04-29,107.07,110,106.08,107.14,813216,1870221
CBN22,2022-05-02,106.3,108.46,103.1,107.58,475582,1877884
CBN22,2022-05-03,107.61,108.32,104.62,104.97,587126,1881576
CBN22,2022-05-04,105.91,111,105.46,110.14,779340,1893313
CBN22,2022-05-05,110.55,114,109.2,110.9,894683,1892653
CBN22,2022-05-06,111.27,113.5,109.87,112.39,802133,1875663
CBN22,2022-05-09,112.94,113.2,105,105.94,923077,1856577
CBN22,2022-05-10,105.5,106.96,101.54,102.46,1062684,1839152
CBN22,2022-05-11,101.51,108.29,101.3,107.51,930483,1828850
CBN22,2022-05-12,107.67,108.71,104.69,107.45,827485,1837467
CBN22,2022-05-13,108.25,111.69,107.79,111.55,698080,1845619
CBN22,2022-05-16,111.67,114.79,108.84,114.24,729518,1856450
CBN22,2022-05-17,114.42,115.69,111.09,111.93,1030166,1870804
CBN22,2022-05-18,112.91,114.15,108.35,109.11,888509,1888145
CBN22,2022-05-19,108.22,112.31,105.7,112.04,946435,1903632
CBN22,2022-05-20,111.45,113.23,110.52,112.55,623907,1904458
CBN22,2022-05-23,112.85,114.34,111.86,113.42,680207,1900268
CBN22,2022-05-24,112.79,114.63,111.7,113.56,753153,1905789
CBN22,2022-05-25,114.12,115.3,113.01,114.03,694953,1896405
CBN22,2022-05-26,114.35,118,113.85,117.4,742184,1905122
CBN22,2022-05-27,117.52,119.72,116.63,119.43,757324,1907078
CBN22,2022-05-30,119.28,122.01,118.98,121.67,382816,1899732
CBQ22,2022-05-31,118.2,120.8,115.15,115.6,963702,1804557
CBQ22,2022-06-01,116.08,118.57,115.4,116.29,754222,1813321
CBQ22,2022-06-02,115.02,118.46,112.45,117.61,704349,1822004
CBQ22,2022-06-03,118.22,121.45,116.02,119.72,405996,1833144
CBQ22,2022-06-06,121.55,121.95,118.77,119.51,593236,1856970
CBQ22,2022-06-07,119.94,121.37,118.55,120.57,840706,1865753
CBQ22,2022-06-08,120.65,124.4,120.45,123.58,823180,1860177
CBQ22,2022-06-09,123.6,124.34,122.5,123.07,699175,1870598
CBQ22,2022-06-10,122.89,124.33,119.81,122.01,898319,1868631
CBQ22,2022-06-13,121.94,123.7,118.93,122.27,786486,1868087
CBQ22,2022-06-14,121.88,125.19,118.91,121.17,953697,1869824
CBQ22,2022-06-15,120.79,121.88,117.75,118.51,787080,1869975
CBQ22,2022-06-16,119.65,120.29,115.56,119.81,992710,1883416
CBQ22,2022-06-17,119.13,121.25,111.72,113.12,1047718,1871144
CBQ22,2022-06-20,113.88,114.5,111.52,114.13,574864,1868765
CBQ22,2022-06-21,114.21,116.25,114.02,114.65,734270,1859629
CBQ22,2022-06-22,114.4,114.45,107.03,111.74,1146280,1851832
CBQ22,2022-06-23,109.58,112.7,108.04,110.05,876309,1845180
CBQ22,2022-06-24,110.04,114,109.24,113.12,879083,1845578
CBQ22,2022-06-27,112.92,116.08,111.26,115.09,691432,1828893
CBQ22,2022-06-28,115.74,118.27,115.72,117.98,755430,1843132
CBQ22,2022-06-29,117.96,120.41,115.2,116.26,774774,1857610
CBU22,2022-06-30,112.45,113.25,108.19,109.03,818273,1829627
CBU22,2022-07-01,109.49,112.45,108.03,111.63,712609,1844409
CBU22,2022-07-04,111.65,114,110.4,113.5,329547,1843765
CBU22,2022-07-05,113.54,114.75,101.1,102.77,1292020,1814328
CBU22,2022-07-06,104.88,105.85,98.5,100.69,1155897,1825505
CBU22,2022-07-07,100.14,106.35,98.5,104.65,910105,1823208
CBU22,2022-07-08,104.65,107.47,103.67,107.02,784501,1811601
CBU22,2022-07-11,107,107.7,103.64,107.1,590779,1804228
CBU22,2022-07-12,106.25,106.56,98.9,99.49,885136,1805441
CBU22,2022-07-13,98.5,101.21,98.28,99.57,824546,1796704
CBU22,2022-07-14,99.43,100.39,94.5,99.1,1216820,1824295
CBU22,2022-07-15,99.91,102.64,98.17,101.16,780445,1800631
CBU22,2022-07-18,100.82,106.48,99.46,106.27,701859,1841170
CBU22,2022-07-19,105.74,107.61,103.6,107.35,775031,1862982
CBU22,2022-07-20,107.07,107.45,105.08,106.92,730877,1902710
CBU22,2022-07-21,106.49,106.78,101.5,103.86,921054,1915673
CBU22,2022-07-22,103.86,105.72,101.9,103.2,702693,1909185
CBU22,2022-07-25,103.85,105.38,101.64,105.15,669801,1900965
CBU22,2022-07-26,104.73,107.34,103.99,104.4,749960,1891139
CBU22,2022-07-27,104.75,107.86,103.73,106.62,745086,1893579
CBU22,2022-07-28,107.31,109.06,106,107.14,807498,1842692
CBV22,2022-07-29,102.69,106.5,101.64,103.97,740424,1798783
CBV22,2022-08-01,103.92,104.43,99.09,100.03,804009,1803809
CBV22,2022-08-02,99.87,102.41,98.49,100.54,756388,1801532
CBV22,2022-08-03,99.73,102.41,96.5,96.78,889449,1793712
CBV22,2022-08-04,97.1,97.66,93.2,94.12,807080,1833196
CBV22,2022-08-05,93.65,96.4,92.78,94.92,646654,1829207
CBV22,2022-08-08,94.51,96.82,93.01,96.65,623468,1836047
CBV22,2022-08-09,96.36,98.4,94.9,96.31,660062,1827521
CBV22,2022-08-10,96.34,97.97,93.63,97.4,788266,1859347
CBV22,2022-08-11,97.04,100.17,96.63,99.6,719838,1870514
CBV22,2022-08-12,99.33,100.38,96.94,98.15,618210,1877038
CBV22,2022-08-15,97.72,98.17,92.78,95.1,688254,1893814
CBV22,2022-08-16,94.01,95.95,91.71,92.34,726745,1891539
CBV22,2022-08-17,92.67,94.48,91.51,93.65,731011,1881134
CBV22,2022-08-18,93.29,97.42,93.05,96.59,788050,1856545
CBV22,2022-08-19,96.68,97.88,94.25,96.72,695396,1864628
CBV22,2022-08-22,95.95,97.28,92.36,96.48,780853,1872905
CBV22,2022-08-23,96.78,100.45,96.53,100.22,874214,1878113
CBV22,2022-08-24,100.19,101.9,99.1,101.22,952881,1864651
CBV22,2022-08-25,101.73,102.47,99.12,99.34,817547,1852940
CBV22,2022-08-26,99.83,101.21,98.1,100.99,865693,1844615
CBV22,2022-08-29,100.67,105.48,100.16,105.09,576174,1853972
CBV22,2022-08-30,104.9,105.45,97.55,99.31,999908,1852619
CBX22,2022-08-31,98.33,99,94.4,95.64,891940,1810542
CBX22,2022-09-01,95.18,95.68,91.81,92.36,975141,1802736
CBX22,2022-09-02,92.66,95.32,92.65,93.02,691529,1791836
CBX22,2022-09-05,93.02,96.99,93.02,95.74,457331,1802589
CBX22,2022-09-06,95.19,95.94,92.3,92.83,689577,1788108
CBX22,2022-09-07,92.81,93.8,87.4,88,1059425,1789542
CBX22,2022-09-08,87.7,89.83,87.24,89.15,702067,1787284
CBX22,2022-09-09,88.62,93.12,88.6,92.84,675182,1788132
CBX22,2022-09-12,92.54,95.17,91.21,94,680300,1770771
CBX22,2022-09-13,94.31,95.53,91.05,93.17,974101,1794549
CBX22,2022-09-14,93.4,95.8,91.93,94.1,921824,1821953
CBX22,2022-09-15,94.65,94.66,90.03,90.84,943712,1814346
CBX22,2022-09-16,90.51,92.66,90.25,91.35,724940,1830568
CBX22,2022-09-19,91.43,92.57,88.5,92,477517,1828009
CBX22,2022-09-20,92.15,93.05,89.8,90.62,738723,1831299
CBX22,2022-09-21,90.74,93.5,89.3,89.83,817487,1850562
CBX22,2022-09-22,89.99,92.81,89.3,90.46,708110,1868287
CBX22,2022-09-23,90.46,90.84,85.5,86.15,942712,1870831
CBX22,2022-09-26,86.62,87.65,83.65,84.06,720467,1862069
CBX22,2022-09-27,84.05,87.15,84.01,86.27,731498,1840951
CBX22,2022-09-28,86.14,89.47,84.26,89.32,806216,1856224
CBX22,2022-09-29,88.97,90.12,87.33,88.49,709478,1859796
CBZ22,2022-09-30,87.55,88.64,85,85.14,665321,1826190
CBZ22,2022-10-03,86.35,89.82,86.35,88.86,764556,1839387
CBZ22,2022-10-04,88.81,92.4,88.78,91.8,860613,1854842
CBZ22,2022-10-05,91.89,93.96,90.76,93.37,939027,1885828
CBZ22,2022-10-06,93.71,94.98,92.72,94.42,628564,1897483
CBZ22,2022-10-07,94.71,98.58,93.94,97.92,829773,1917540
CBZ22,2022-10-10,98.75,98.75,95.6,96.19,613609,1910301
CBZ22,2022-10-11,95.93,96.46,93.11,94.29,774998,1915751
CBZ22,2022-10-12,93.72,95.17,91.56,92.45,823976,1947368
CBZ22,2022-10-13,92.49,94.92,91.08,94.57,881011,1967240
CBZ22,2022-10-14,94.53,95.11,91.28,91.63,673237,1981422
CBZ22,2022-10-17,91.71,93.21,90.83,91.62,687480,1996934
CBZ22,2022-10-18,91.99,92.66,88.77,90.03,1061546,2040316
CBZ22,2022-10-19,90.79,92.85,89.32,92.41,1069402,2060663
CBZ22,2022-10-20,92.4,94.77,91.91,92.38,912682,2042681
CBZ22,2022-10-21,92.45,93.8,91,93.5,661193,2034618
CBZ22,2022-10-24,93.59,94.4,91.22,93.26,578732,2030298
CBZ22,2022-10-25,93.47,94.38,91.62,93.52,718675,2037014
CBZ22,2022-10-26,92.91,96.25,92.06,95.69,808945,2031177
CBZ22,2022-10-27,96.05,97.27,95.07,96.96,664304,2017745
CBZ22,2022-10-28,96.58,96.89,94.96,95.77,733949,1996405
CBF23,2022-10-31,94.43,94.48,91.46,92.81,666983,1902832
CBF23,2022-11-01,92.67,95.55,92.33,94.65,723952,1907102
CBF23,2022-11-02,94.85,96.5,94.01,96.16,728295,1917200
CBF23,2022-11-03,95.36,95.98,94.19,94.67,665577,1918306
CBF23,2022-11-04,94.58,98.81,94.33,98.57,910682,1929765
CBF23,2022-11-07,97.31,99.56,96.5,97.92,698446,1917615
CBF23,2022-11-08,98.24,98.3,95,95.36,761001,1897484
CBF23,2022-11-09,95.17,95.65,92.33,92.65,907355,1897221
CBF23,2022-11-10,92.53,94.32,91.73,93.67,851483,1914446
CBF23,2022-11-11,93.84,96.92,93.69,95.99,741493,1933427
CBF23,2022-11-14,95.87,96.95,92.5,93.14,804201,1922222
CBF23,2022-11-15,92.59,95.77,91.53,93.86,1180457,1922490
CBF23,2022-11-16,94.11,94.79,91.67,92.86,817048,1903143
CBF23,2022-11-17,92.73,92.91,89.53,89.78,1066414,1888633
CBF23,2022-11-18,90.1,90.63,85.8,87.62,1556009,1906423
CBF23,2022-11-21,87.74,87.98,82.31,87.45,1534077,1903501
CBF23,2022-11-22,87.76,89.9,87.35,88.36,919414,1901487
CBF23,2022-11-23,88.47,89.56,84.12,85.41,1075579,1901820
CBF23,2022-11-24,85.04,85.54,83.9,85.34,489403,1885490
CBF23,2022-11-25,85.5,86.87,83.59,83.63,554574,1864450
CBF23,2022-11-28,83.58,84.1,80.61,83.19,1044196,1851389
CBF23,2022-11-29,82.41,86,82.39,83.03,1090960,1827737
CBG23,2022-11-30,84.9,87.39,84.45,86.97,711632,1758754
CBG23,2022-12-01,86.78,89.37,86.26,86.88,711923,1766442
CBG23,2022-12-02,86.9,87.91,85.16,85.57,691929,1752105
CBG23,2022-12-05,85.73,88.44,82.52,82.68,912958,1770683
CBG23,2022-12-06,83.28,83.69,78.7,79.35,1044602,1785337
CBG23,2022-12-07,79.76,80.49,76.91,77.17,1060299,1801182
CBG23,2022-12-08,77.46,79.17,75.74,76.15,992004,1833679
CBG23,2022-12-09,76.63,77.48,75.11,76.1,752393,1857301
CBG23,2022-12-12,76.88,78.59,75.26,77.99,718797,1870656
CBG23,2022-12-13,78.13,81.28,78.1,80.68,952376,1892852
CBG23,2022-12-14,80.35,83.15,80.11,82.7,784008,1890279
CBG23,2022-12-15,82.76,83.18,80.83,81.21,707886,1882818
CBG23,2022-12-16,81.32,81.78,78.29,79.04,869178,1902446
CBG23,2022-12-19,79.21,80.87,78.6,79.8,589895,1898784
CBG23,2022-12-20,80.25,80.89,78.28,79.99,668375,1915585
CBG23,2022-12-21,79.94,82.52,79.55,82.2,628808,1913186
CBG23,2022-12-22,82.52,83.85,80.67,80.98,728343,1906551
CBG23,2022-12-23,81.69,84.12,81.29,83.92,537103,1917418
CBG23,2022-12-27,84.5,85.6,83.65,84.33,428398,1906686
CBG23,2022-12-28,84.6,84.76,81.92,83.26,560420,1876328
CBH23,2022-12-29,83.63,83.84,81.85,83.46,489390,1848875
CBH23,2022-12-30,83.71,86,82.88,85.91,420492,1854662
CBH23,2023-01-03,85.96,87,81.78,82.1,891329,1869003
CBH23,2023-01-04,82.31,82.72,77.72,77.84,993227,1872281
CBH23,2023-01-05,78.16,79.97,77.61,78.69,801087,1887230
CBH23,2023-01-06,78.8,80.59,78.05,78.57,715380,1927686
CBH23,2023-01-09,78.42,81.37,78.42,79.65,806415,1953578
CBH23,2023-01-10,79.54,80.89,78.81,80.1,870780,1963408
CBH23,2023-01-11,79.52,83,79.31,82.67,994685,1965249
CBH23,2023-01-12,82.88,84.62,82.37,84.03,1003494,2009251
CBH23,2023-01-13,83.91,85.5,83.5,85.28,795825,2036384
CBH23,2023-01-16,85.36,85.59,83.83,84.46,463700,2059123
CBH23,2023-01-17,84.2,86.82,84.04,85.92,887344,2084183
CBH23,2023-01-18,86.45,87.85,84.36,84.98,1157914,2119583
CBH23,2023-01-19,84.34,86.85,83.76,86.16,928340,2138135
CBH23,2023-01-20,86.42,87.79,85.58,87.63,928514,2151486
CBH23,2023-01-23,87.7,89.09,86.92,88.19,802631,2169187
CBH23,2023-01-24,88.07,88.71,85.8,86.13,844947,2150471
CBH23,2023-01-25,86.28,87,85.41,86.12,743548,2146242
CBH23,2023-01-26,86.35,88.01,85.74,87.47,789623,2153603
CBH23,2023-01-27,87.65,88.95,85.69,86.66,790400,2148747
CBH23,2023-01-30,86.88,87.48,84.66,84.9,876502,2138472
CBJ23,2023-01-31,84.62,85.79,83.16,85.46,865407,2074124
CBJ23,2023-02-01,85.56,86.21,82.37,82.84,1039507,2093887
CBJ23,2023-02-02,83.34,83.61,81.25,82.17,972761,2090903
CBJ23,2023-02-03,82.27,84.2,79.62,79.94,973419,2103835
CBJ23,2023-02-06,79.61,81.43,79.1,80.99,1024027,2115119
CBJ23,2023-02-07,81.26,84.13,81.19,83.69,900705,2106712
CBJ23,2023-02-08,84.11,85.15,83.51,85.09,810230,2116278
CBJ23,2023-02-09,84.96,85.5,83.05,84.5,908463,2130041
CBJ23,2023-02-10,84.22,86.9,83.93,86.39,908968,2149003
CBJ23,2023-02-13,86.51,86.95,85.1,86.61,0,0
CBJ23,2023-02-14,85.83,86.42,84.13,85.58,802683,2166826
CBJ23,2023-02-15,85.2,85.85,83.88,85.38,796626,2177519
CBJ23,2023-02-16,85.27,86.21,84.6,85.14,656746,2194094
CBJ23,2023-02-17,84.6,84.87,81.8,83,657311,2170934
CBJ23,2023-02-20,83.15,84.3,82.73,84.07,0,0
CBJ23,2023-02-21,83.86,84.2,82.56,83.05,799637,2130065
CBJ23,2023-02-22,82.78,83.25,80.43,80.6,1093763,2133670
CBJ23,2023-02-23,80.48,82.77,80.4,82.21,976768,2131484
CBJ23,2023-02-24,82.49,83.39,81.07,83.16,977339,2131336
CBJ23,2023-02-27,83.19,83.6,81.73,82.45,610059,2110889
CBK23,2023-02-28,82,83.99,81.84,83.45,634590,2036399
CBK23,2023-03-01,83.05,84.49,82.61,84.31,0,0
CBK23,2023-03-02,84.31,85.1,83.83,84.75,669392,2068524
CBK23,2023-03-03,84.61,86,82.36,85.83,669443,2081803
CBK23,2023-03-06,85.83,86.35,84.34,86.18,732013,2091243
CBK23,2023-03-07,86.23,86.75,82.83,83.29,878848,2119598
CBK23,2023-03-08,83.03,83.59,82.06,82.66,944666,2128583
CBK23,2023-03-09,82.55,84,81.42,81.59,853416,2141546
CBK23,2023-03-10,81.47,83.11,80.73,82.78,853423,2164217
CBK23,2023-03-13,82.6,83.48,78.34,80.77,0,0
CBK23,2023-03-14,80.54,80.92,76.89,77.45,1258997,2158051
CBK23,2023-03-15,77.82,78.73,71.67,73.69,2345774,2183212
CBK23,2023-03-16,74.3,75.54,71.86,74.7,1302532,2219909
CBK23,2023-03-17,74.7,75.92,71.4,72.97,1303275,2243788
CBK23,2023-03-20,73.01,73.87,70.12,73.79,0,0
CBK23,2023-03-21,73.64,75.42,72.82,75.32,1072019,2249020
CBK23,2023-03-22,75.15,77.12,74.5,76.69,901791,2275035
CBK23,2023-03-23,75.87,77.44,75.12,75.91,870550,2285448
CBK23,2023-03-24,75.53,76.32,72.68,74.99,873823,2273033
CBK23,2023-03-27,75,78.42,74.8,78.12,0,0
CBK23,2023-03-28,78.23,79.2,77.54,78.65,1021007,2257150
CBK23,2023-03-29,78.97,79.68,77.94,78.28,918439,2235756
CBK23,2023-03-30,78.23,79.55,77.86,79.27,790592,2204568
CBM23,2023-03-31,78.47,79.95,77.84,79.89,728469,2146418
CBM23,2023-04-03,86,86.44,83.5,84.93,0,0
CBM23,2023-04-04,84.89,86.04,83.82,84.94,979960,2138438
CBM23,2023-04-05,85.22,85.54,84.01,84.99,819693,2168895
CBM23,2023-04-06,84.89,85.45,84.05,85.12,819757,2161374
CBM23,2023-04-10,85.1,85.66,84.09,84.18,0,0
CBM23,2023-04-11,84.24,85.67,83.75,85.61,760108,2164343
CBM23,2023-04-12,85.59,87.49,85.39,87.33,1043346,2197615
CBM23,2023-04-13,87.19,87.47,86.05,86.09,886869,2206130
CBM23,2023-04-14,86.18,86.87,85.53,86.31,888648,2205015
CBM23,2023-04-17,86.43,86.52,84.34,84.76,0,0
CBM23,2023-04-18,84.74,85.41,83.81,84.77,1112001,2225542
CBM23,2023-04-19,84.9,85.15,82.39,83.12,1119951,2239008
CBM23,2023-04-20,82.75,82.92,80.77,81.1,1105018,2254492
CBM23,2023-04-21,80.79,82.05,80.45,81.66,1106050,2278432
CBM23,2023-04-24,81.87,82.99,80.48,82.73,0,0
CBM23,2023-04-25,82.59,83.06,80.35,80.77,1031554,2255321
CBM23,2023-04-26,80.92,81.47,77.46,77.69,1511161,2262870
CBM23,2023-04-27,77.77,78.61,77.39,78.37,1248683,2256002
CBN23,2023-04-28,78.27,80.53,77.51,80.33,1145701,2130854
CBN23,2023-05-01,80.11,80.24,78.13,79.31,0,0
CBN23,2023-05-02,79.28,79.78,75.07,75.32,1078106,2148832
CBN23,2023-05-03,75.31,75.58,71.7,72.33,1539754,2151289
CBN23,2023-05-04,71.28,73.72,71.28,72.5,1291560,2175768
CBN23,2023-05-05,72.69,75.75,72.41,75.3,1291619,2159704
CBN23,2023-05-08,75.23,77.43,74.95,77.01,0,0
CBN23,2023-05-09,76.71,77.5,75.07,77.44,882089,2174692
CBN23,2023-05-10,77.36,77.6,75.68,76.41,895091,2184498
CBN23,2023-05-11,76.62,77.41,74.61,74.98,969263,2182238
CBN23,2023-05-12,75.35,75.85,74.03,74.17,912294,2207254
CBN23,2023-05-15,74.15,75.75,73.49,75.23,719156,2217291
CBN23,2023-05-16,75.55,75.95,74.5,74.91,696469,2217023
CBN23,2023-05-17,74.67,77.31,74.1,76.96,1017730,2225006
CBN23,2023-05-18,76.78,76.99,75.5,75.86,899121,2265130
CBN23,2023-05-19,76.03,77.5,75.12,75.58,797408,2268415
CBN23,2023-05-22,75.63,76.46,74.55,75.99,794262,2257645
CBN23,2023-05-23,76.15,77.74,75.65,76.84,1003391,2254961
CBN23,2023-05-24,77.7,78.66,77.03,78.36,1153343,2237400
CBN23,2023-05-25,78.22,78.5,75.1,76.26,939668,2219748
CBN23,2023-05-26,76.09,77.35,75.73,76.95,885335,2218605
CBN23,2023-05-29,77.39,77.75,76.15,77.07,251330,2228336
CBN23,2023-05-30,76.98,77.57,73.2,73.54,1243741,2247979
CBQ23,2023-05-31,73.84,73.95,71.5,72.6,1307675,2206883
CBQ23,2023-06-01,72.15,75.25,72.03,74.28,1004907,2219697
CBQ23,2023-06-02,74.28,76.5,74.18,76.13,830858,2222512
CBQ23,2023-06-05,77.68,78.73,76.31,76.71,1239524,2203721
CBQ23,2023-06-06,76.55,76.75,74.72,76.29,974678,2209547
CBQ23,2023-06-07,76.22,77.64,75.51,76.95,1054718,2162742
CBQ23,2023-06-08,76.8,77.68,73.58,75.96,1292349,2135888
CBQ23,2023-06-09,75.53,76.57,74.71,74.79,855748,2139429
CBQ23,2023-06-12,74.87,74.87,71.58,71.84,1220046,2156450
CBQ23,2023-06-13,72.11,74.66,71.94,74.29,1082106,2181002
CBQ23,2023-06-14,74.05,75.49,73.03,73.2,1110545,2221016
CBQ23,2023-06-15,73.41,75.97,72.91,75.67,892923,2232587
CBQ23,2023-06-16,75.64,76.74,75.08,76.61,890524,2251115
CBQ23,2023-06-19,76.4,76.93,75.34,76.09,474709,2247880
CBQ23,2023-06-20,76.12,77.15,74.51,75.9,1050844,2231114
CBQ23,2023-06-21,75.54,77.24,75.52,77.12,802298,2246769
CBQ23,2023-06-22,77.03,77.2,73.59,74.14,1374975,2278455
CBQ23,2023-06-23,74.02,74.44,72.11,73.85,958922,2296145
CBQ23,2023-06-26,74.5,74.85,73.42,74.18,875592,2289646
CBQ23,2023-06-27,74.28,74.9,72.08,72.26,1532673,2293897
CBQ23,2023-06-28,72.62,74.2,71.57,74.03,1431563,2271893
CBQ23,2023-06-29,73.72,74.98,73.39,74.34,898630,2237365
CBU23,2023-06-30,74.33,75.84,74.28,75.41,936823,2175290
CBU23,2023-07-03,75.11,76.6,74.56,74.65,891370,2196827
CBU23,2023-07-04,74.89,76.29,74.74,76.25,435792,2197042
CBU23,2023-07-05,76.03,76.95,75.3,76.65,802183,2211238
CBU23,2023-07-06,76.7,77.09,75.03,76.52,1018326,2236326
CBU23,2023-07-07,76.52,78.54,76.03,78.47,938631,2238034
CBU23,2023-07-10,78.6,78.77,77.36,77.69,826173,2229923
CBU23,2023-07-11,77.82,79.5,77.63,79.4,1012393,2246265
CBU23,2023-07-12,79.32,80.55,79.21,80.11,1104664,2242373
CBU23,2023-07-13,80.19,81.75,79.88,81.36,1297709,2269462
CBU23,2023-07-14,81.64,81.7,79.53,79.87,851243,2251141
CBU23,2023-07-17,79.36,80.64,78.25,78.5,1099228,2244501
CBU23,2023-07-18,78.52,79.99,78.19,79.63,1169166,2242738
CBU23,2023-07-19,79.84,80.93,79.17,79.46,1015600,2238981
CBU23,2023-07-20,79.33,80.27,78.66,79.64,938330,2253712
CBU23,2023-07-21,79.78,81.24,79.65,81.07,1033107,2270627
CBU23,2023-07-24,80.95,83.16,80.42,82.74,1227046,2282211
CBU23,2023-07-25,82.85,83.87,82.22,83.64,1054289,2291387
CBU23,2023-07-26,83.19,83.85,82.58,82.92,967032,2280254
CBU23,2023-07-27,82.93,84.5,82.93,84.24,978316,2271676
CBU23,2023-07-28,83.71,85.09,83.22,84.99,895762,2256772
CBV23,2023-07-31,84.42,85.58,83.91,85.43,791894,2179483
CBV23,2023-08-01,85.24,85.91,84.21,84.91,872831,2206066
CBV23,2023-08-02,85.86,85.99,82.74,83.2,1082994,2211056
CBV23,2023-08-03,83.46,85.41,82.36,85.14,1197961,2207757
CBV23,2023-08-04,85.31,86.65,85.06,86.24,758401,2215135
CBV23,2023-08-07,86.23,86.73,85.03,85.34,753853,2228155
CBV23,2023-08-08,85.79,86.34,83.32,86.17,1043819,2245066
CBV23,2023-08-09,86,87.65,85.91,87.55,1219944,2248380
CBV23,2023-08-10,87.39,88.1,86.2,86.4,1063867,2238420
CBV23,2023-08-11,86.37,87.35,85.84,86.81,929588,2211738
CBV23,2023-08-14,86.53,86.71,85.5,86.21,784544,2223910
CBV23,2023-08-15,86.12,86.68,84.29,84.89,945963,2240650
CBV23,2023-08-16,85.2,85.36,83.13,83.45,1130457,2232009
CBV23,2023-08-17,83.2,84.88,83.05,84.12,967601,2234913
CBV23,2023-08-18,83.88,85.08,83.33,84.8,870971,2262644
CBV23,2023-08-21,84.8,85.86,84.31,84.46,898973,2233392
CBV23,2023-08-22,84.46,84.66,83.85,84.03,1053565,2246970
CBV23,2023-08-23,83.99,84.26,81.94,83.21,1221538,2252711
CBV23,2023-08-24,82.95,83.62,81.97,83.36,994613,2258723
CBV23,2023-08-25,83.26,84.97,82.67,84.48,1209887,2202982
CBV23,2023-08-28,84.87,85.23,84.11,84.42,556876,2199022
CBV23,2023-08-29,84.39,85.65,83.8,85.49,901455,2190636
CBV23,2023-08-30,85.62,86.23,85.11,85.86,931939,2174842
CBX23,2023-08-31,85.22,86.88,85.08,86.83,1209938,2145286
CBX23,2023-09-01,86.82,88.99,86.74,88.55,1141202,2177789
CBX23,2023-09-04,88.95,89.22,88.26,89,382395,2179958
CBX23,2023-09-05,88.91,91.15,88.06,90.04,1420877,2239631
CBX23,2023-09-06,90.12,91.1,89.25,90.6,924980,2245099
CBX23,2023-09-07,90.81,90.89,89.46,89.92,681519,2253757
CBX23,2023-09-08,89.79,91.02,89.3,90.65,890194,2259560
CBX23,2023-09-11,90.83,91.45,90.11,90.64,906873,2261051
CBX23,2023-09-12,90.62,92.4,90.52,92.06,1172304,2258654
CBX23,2023-09-13,92.04,92.84,91.63,91.88,1004052,2255764
CBX23,2023-09-14,92.04,94.21,92.02,93.7,1030089,2270087
CBX23,2023-09-15,94.02,94.63,92.67,93.93,1191608,2248376
CBX23,2023-09-18,94.28,94.95,93.79,94.43,1327371,2229795
CBX23,2023-09-19,94.66,95.96,94.16,94.34,1670517,2275126
CBX23,2023-09-20,94.49,94.72,92.76,93.53,1261924,2280826
CBX23,2023-09-21,93.08,94.6,92.2,93.3,1159137,2334655
CBX23,2023-09-22,93.37,94.64,92.8,93.27,1215997,2331072
CBX23,2023-09-25,93.75,94.25,92.54,93.29,1063246,2310942
CBX23,2023-09-26,93.28,94.21,91.8,93.96,1146453,2283845
CBX23,2023-09-27,94.12,97.06,94.1,96.55,1731145,2267221
CBX23,2023-09-28,96.74,97.69,94.76,95.38,1439460,2227200
CBZ23,2023-09-29,93.07,94.13,91.96,92.2,1036147,2184679
CBZ23,2023-10-02,92.18,93.33,90.35,90.71,1131515,2173591
CBZ23,2023-10-03,90.4,91.56,89.5,90.92,1185698,2167965
CBZ23,2023-10-04,91.04,91.21,85.75,85.81,1417134,2164563
CBZ23,2023-10-05,85.88,86.52,83.84,84.07,1521885,2174495
CBZ23,2023-10-06,84.49,84.95,83.44,84.58,1235319,2166602
CBZ23,2023-10-09,86.45,89,86,88.15,1217147,2181106
CBZ23,2023-10-10,88.17,88.49,86.91,87.65,1074349,2186932
CBZ23,2023-10-11,87.72,88.26,85.21,85.82,1267690,2207010
CBZ23,2023-10-12,85.53,87.64,85.18,86,1147890,2202183
CBZ23,2023-10-13,86.35,91,86.28,90.89,1234611,2197185
CBZ23,2023-10-16,90.98,91.39,89.5,89.65,844777,2193965
CBZ23,2023-10-17,89.91,91,88.88,89.9,777021,2200741
CBZ23,2023-10-18,91.25,93,90.6,91.5,1076910,2212007
CBZ23,2023-10-19,91.35,93.48,89.57,92.38,1090331,2222675
CBZ23,2023-10-20,93.23,93.79,91.66,92.16,940415,2214309
CBZ23,2023-10-23,92.11,92.45,89.62,89.83,906213,2181647
CBZ23,2023-10-24,90.47,90.68,87.35,88.07,1242090,2189942
CBZ23,2023-10-25,88.04,90.35,86.68,90.13,1319374,2220862
CBZ23,2023-10-26,89.92,90.4,87.53,87.93,1036233,2214883
CBZ23,2023-10-27,88.4,90.75,87.83,90.48,964597,2222334
CBZ23,2023-10-30,90.07,90.15,87.2,87.45,1001542,2198080
CBF24,2023-10-31,86.66,87.39,84.77,85.02,999603,2107146
CBF24,2023-11-01,85.45,87.24,84.58,84.63,883238,2070464
CBF24,2023-11-02,85,87.05,84.64,86.85,875797,2090249
CBF24,2023-11-03,86.92,87.8,84.56,84.89,911487,2077974
CBF24,2023-11-06,85.55,86.46,84.88,85.18,726477,2097079
CBF24,2023-11-07,85.15,85.19,81.4,81.61,1251442,2078235
CBF24,2023-11-08,81.4,81.96,79.2,79.54,1383099,2055346
CBF24,2023-11-09,79.7,81.48,79.44,80.01,962469,2042100
CBF24,2023-11-10,79.85,82.06,79.79,81.43,818086,2053620
CBF24,2023-11-13,81.43,82.84,80.41,82.52,761790,2059413
CBF24,2023-11-14,82.71,83.97,82.06,82.47,783690,2062958
CBF24,2023-11-15,82.39,83.04,80.79,81.18,1032330,2076749
CBF24,2023-11-16,80.98,81.17,76.6,77.42,1593110,2102745
CBF24,2023-11-17,77.55,80.81,77.28,80.61,1207164,2084368
CBF24,2023-11-20,80.3,82.94,79.58,82.32,907829,2096555
CBF24,2023-11-21,82.13,82.54,81.43,82.45,849575,2100688
CBF24,2023-11-22,82.47,82.65,78.41,81.96,1404431,2117291
CBF24,2023-11-23,81.6,81.63,80.19,81.42,484844,2104721
CBF24,2023-11-24,81.4,82.2,80.13,80.58,562464,2103670
CBF24,2023-11-27,80.4,81.17,79.13,79.98,824657,2084322
CBF24,2023-11-28,80.19,82.16,79.8,81.68,919780,2074138
CBF24,2023-11-29,81.91,83.25,80.96,83.1,1071670,2085049
CBG24,2023-11-30,82.62,84.61,80.01,80.86,1622430,2030115
CBG24,2023-12-01,80.67,81.54,78.75,78.88,983966,2020259
CBG24,2023-12-04,79.5,79.72,77.52,78.03,1154075,2020341
CBG24,2023-12-05,78.1,79.09,77,77.2,1103790,2014213
CBG24,2023-12-06,77.12,77.65,74.11,74.3,1294688,2079140
CBG24,2023-12-07,74.5,75.48,73.6,74.05,1029629,2051502
CBG24,2023-12-08,74.59,76.36,74.2,75.84,780782,2065435
CBG24,2023-12-11,75.73,76.5,75.01,76.03,740882,2094701
CBG24,2023-12-12,76.17,76.66,72.86,73.24,1122629,2147008
CBG24,2023-12-13,73.26,74.7,72.29,74.26,991322,2157545
CBG24,2023-12-14,74.76,77.35,74.44,76.61,950168,2154245
CBG24,2023-12-15,76.66,77.23,75.29,76.55,781188,2151159
CBG24,2023-12-18,76.8,79.51,75.76,77.95,966215,2162850
CBG24,2023-12-19,78.06,79.67,77.41,79.23,787812,2151520
CBG24,2023-12-20,79.17,80.6,79.07,79.7,968692,2133932
CBG24,2023-12-21,79,80.13,77.81,79.39,881069,2138648
CBG24,2023-12-22,79.35,80.37,78.88,79.07,881110,2127750
CBG24,2023-12-26,79.04,81.72,78.76,81.07,460566,2122196
CBG24,2023-12-27,80.79,81.33,79.29,79.65,655612,2112232
CBH24,2023-12-28,79.55,79.87,77.1,77.15,631461,2040381
CBH24,2023-12-29,77.38,77.98,76.73,77.04,631521,2035248
CBH24,2024-01-02,77.39,79.06,75.6,75.89,860694,2022017
CBH24,2024-01-03,76.06,78.67,74.79,78.25,1013463,2038755
CBH24,2024-01-04,78.56,79.41,76.5,77.59,945592,2068677
CBH24,2024-01-05,77.71,79.26,77.66,78.76,738856,2084593
CBH24,2024-01-08,78.7,78.95,75.26,76.12,973814,2098803
CBH24,2024-01-09,76.3,78.19,75.95,77.59,993434,2093712
CBH24,2024-01-10,77.48,78.73,76.38,76.8,1082408,2093338
CBH24,2024-01-11,76.7,79.1,76.66,77.41,1156226,2146044
CBH24,2024-01-12,78.75,80.75,77.96,78.29,1270042,2169933
CBH24,2024-01-15,78.14,78.9,76.85,78.15,514903,2176276
CBH24,2024-01-16,78.43,79.4,77.6,78.29,897186,2197610
CBH24,2024-01-17,77.77,78.19,76.5,77.88,1008882,2202970
CBH24,2024-01-18,78.15,79.3,77.33,79.1,974239,2211272
CBH24,2024-01-19,79.1,79.73,78.32,78.56,875495,2215673
CBH24,2024-01-22,78.89,80.55,77.81,80.06,980390,2212156
CBH24,2024-01-23,79.92,80.43,78.7,79.55,1066682,2194842
CBH24,2024-01-24,79.56,80.73,79.05,80.04,873841,2191661
CBH24,2024-01-25,80.31,82.57,80.06,82.43,1105754,2215634
CBH24,2024-01-26,82.44,83.81,81.31,83.55,1287502,2229905
CBH24,2024-01-29,84.13,84.8,82.03,82.4,1104871,2213731
CBH24,2024-01-30,82.62,83.3,81.34,82.87,1070610,2217419
CBJ24,2024-01-31,82.64,82.65,80.27,80.55,938443,2187559
CBJ24,2024-02-01,80.57,81.55,78.57,78.7,1432417,2244928
CBJ24,2024-02-02,79.15,79.44,76.85,77.33,1067874,2206515
CBJ24,2024-02-05,77.9,78.33,76.62,77.99,830994,2226123
CBJ24,2024-02-06,77.95,79.08,77.63,78.59,897780,2235957
CBJ24,2024-02-07,78.7,79.5,78.49,79.21,854429,2245980
CBJ24,2024-02-08,79.3,81.9,79.03,81.63,1330225,2292207
CBJ24,2024-02-09,81.72,82.45,81.21,82.19,1027309,2303097
CBJ24,2024-02-12,81.94,82.19,80.77,82,684052,2297123
CBJ24,2024-02-13,82,83.24,81.96,82.77,964313,2290084
CBJ24,2024-02-14,82.6,83.6,81.39,81.6,1126380,2257667
CBJ24,2024-02-15,81.42,83.25,80.72,82.86,1065179,2255950
CBJ24,2024-02-16,82.79,83.66,81.89,83.47,1028011,2231495
CBJ24,2024-02-19,83.28,83.6,82.55,83.56,564835,2244403
CBJ24,2024-02-20,83.24,83.63,82.05,82.34,982079,2251073
CBJ24,2024-02-21,82.5,83.17,81.66,83.03,1061902,2250213
CBJ24,2024-02-22,83.2,83.96,82.33,83.67,1203541,2281704
CBJ24,2024-02-23,83.39,83.48,81.43,81.62,1074704,2251222
CBJ24,2024-02-26,81.41,83.07,81,82.53,966668,2224450
CBJ24,2024-02-27,82.64,83.7,82.1,83.65,741506,2239658
CBJ24,2024-02-28,83.3,84.31,82.6,83.68,1009533,2203963
CBK24,2024-02-29,81.83,82.84,81.51,81.91,1010319,2165682
CBK24,2024-03-01,82.07,84.34,81.81,83.55,1184267,2217765
CBK24,2024-03-04,83.5,84.08,82.57,82.8,1129536,2203863
CBK24,2024-03-05,82.74,83.14,81.72,82.04,1326380,2212655
CBK24,2024-03-06,82.01,84.05,81.85,82.96,1047306,2213880
CBK24,2024-03-07,82.92,83.53,82.07,82.96,1082464,2205473
CBK24,2024-03-08,83.18,83.84,81.71,82.08,933905,2217172
CBK24,2024-03-11,82,82.75,81.08,82.21,1074392,2254649
CBK24,2024-03-12,82.45,83.01,81.69,81.92,903514,2275907
CBK24,2024-03-13,82.45,84.24,81.96,84.03,1214794,2359404
CBK24,2024-03-14,84.04,85.69,83.98,85.42,1237297,2364375
CBK24,2024-03-15,85.15,85.55,84.6,85.34,925514,2375657
CBK24,2024-03-18,85.32,87.18,85.25,86.89,1251529,2365501
CBK24,2024-03-19,86.94,87.7,86.48,87.38,1254736,2304630
CBK24,2024-03-20,87.15,87.35,85.59,85.95,1365036,2316767
CBK24,2024-03-21,86.24,86.64,85.06,85.78,1064561,2303013
CBK24,2024-03-22,85.66,86.15,85.11,85.43,759744,2309428
CBK24,2024-03-25,85.5,87.17,85.4,86.75,923502,2325821
CBK24,2024-03-26,86.81,87.06,85.8,86.25,848923,2335237
CBK24,2024-03-27,85.86,86.39,85.17,86.09,878243,2321124
CBM24,2024-03-28,85.69,87.07,85.5,87,968515,2274843
CBM24,2024-04-01,86.98,87.98,86.4,87.42,657988,2259842
CBM24,2024-04-02,87.62,89.32,87.62,88.92,1197076,2262347
CBM24,2024-04-03,89.22,89.99,88.67,89.35,1110457,2260112
CBM24,2024-04-04,89.48,91.3,88.72,90.65,1074238,2288123
CBM24,2024-04-05,91.21,91.91,90.57,91.17,1081008,2329111
CBM24,2024-04-08,90.09,91.1,88.78,90.38,989965,2325421
CBM24,2024-04-09,90.63,90.94,89.25,89.42,948882,2357100
CBM24,2024-04-10,89.55,90.71,88.83,90.48,1045785,2401397
CBM24,2024-04-11,90.52,90.92,89.38,89.74,1097155,2439040
CBM24,2024-04-12,90.13,92.18,90.01,90.45,1276519,2468508
CBM24,2024-04-15,90.95,91.05,88.73,90.1,1170988,2482540
CBM24,2024-04-16,90.43,90.84,89.41,90.02,1016519,2514048
CBM24,2024-04-17,90.11,90.17,87.13,87.29,1397289,2552121
CBM24,2024-04-18,87.42,87.8,86.09,87.11,1475580,2571898
CBM24,2024-04-19,87.04,90.75,86.19,87.29,1617125,2548134
CBM24,2024-04-22,87.07,87.26,85.79,87,1111879,2536502
CBM24,2024-04-23,87.2,88.51,86.03,88.42,1251364,2518717
CBM24,2024-04-24,88.45,88.86,87.65,88.02,978014,2518962
CBM24,2024-04-25,87.89,89.31,87.31,89.01,1150103,2473214
CBM24,2024-04-26,89.23,89.83,88.78,89.5,844803,2474642
CBM24,2024-04-29,89.22,89.29,88.11,88.4,946368,2407604
CBN24,2024-04-30,87.1,87.8,85.45,86.33,1053958,2325755
CBN24,2024-05-01,85.8,85.89,83.29,83.44,1360286,2310994
CBN24,2024-05-02,83.59,84.44,83.05,83.67,1148185,2294792
CBN24,2024-05-03,83.9,84.39,82.78,82.96,1046303,2334579
CBN24,2024-05-06,82.99,83.83,82.77,83.33,632699,2330428
CBN24,2024-05-07,83.72,83.88,82.41,83.16,1154769,2346596
CBN24,2024-05-08,83.02,83.82,81.71,83.58,1158079,2317997
CBN24,2024-05-09,83.79,84.33,83.45,83.88,888732,2315442
CBN24,2024-05-10,84.21,84.53,82.7,82.79,950975,2356468
CBN24,2024-05-13,82.78,83.84,82.26,83.36,933925,2353791
CBN24,2024-05-14,83.41,83.62,82.1,82.38,1078985,2353244
CBN24,2024-05-15,82.76,83.07,81.05,82.75,1188738,2367149
CBN24,2024-05-16,83.03,83.78,82.31,83.27,921600,2365051
CBN24,2024-05-17,83.43,84.04,83.08,83.98,1018495,2420960
CBN24,2024-05-20,83.98,84.49,83.11,83.71,1035634,2429435
CBN24,2024-05-21,83.75,83.76,82.04,82.88,1464608,2466851
CBN24,2024-05-22,82.58,82.63,81.57,81.9,1181146,2509401
CBN24,2024-05-23,81.59,82.97,80.93,81.36,1148114,2522177
CBN24,2024-05-24,81.4,82.46,80.65,82.12,847150,2504114
CBN24,2024-05-27,82.2,83.2,82.08,83.1,252647,2490522
CBN24,2024-05-28,83,84.62,83,84.22,1001096,2480251
CBN24,2024-05-29,84.61,85.02,83.29,83.6,1097821,2470319
CBN24,2024-05-30,83.51,83.77,81.8,81.86,1302114,2476769
CBQ24,2024-05-31,81.83,82.69,80.75,81.11,1261975,2407695
CBQ24,2024-06-03,81.15,81.65,78.09,78.36,1451992,2451448
CBQ24,2024-06-04,78.14,78.22,76.76,77.52,1566588,2473917
CBQ24,2024-06-05,77.29,78.66,77.18,78.41,1094238,2483941
CBQ24,2024-06-06,78.7,80.08,78.38,79.87,1110443,2465602
CBQ24,2024-06-07,80.05,80.38,79.32,79.62,824139,2477505
CBQ24,2024-06-10,79.38,82.17,79.34,81.63,993513,2486966
CBQ24,2024-06-11,81.97,82.36,81.19,81.92,975608,2489035
CBQ24,2024-06-12,82.08,83.34,81.96,82.6,1013432,2504951
CBQ24,2024-06-13,82.42,83.05,81.8,82.75,1086710,2543982
CBQ24,2024-06-14,82.05,83.39,81.92,82.62,1159292,2548222
CBQ24,2024-06-17,82.61,84.55,82.1,84.25,1291843,2546219
CBQ24,2024-06-18,84.31,85.49,83.67,85.33,1492908,2537719
CBQ24,2024-06-19,85.4,85.84,84.9,85.07,832866,2514764
CBQ24,2024-06-20,85.19,85.96,84.95,85.71,971583,2522464
CBQ24,2024-06-21,85.66,86.24,84.84,85.24,991058,2500289
CBQ24,2024-06-24,84.99,86.16,84.71,86.01,916237,2500416
CBQ24,2024-06-25,86.06,86.23,84.74,85.01,1109977,2482706
CBQ24,2024-06-26,84.89,85.81,84.47,85.25,1147015,2468387
CBQ24,2024-06-27,85.01,86.5,84.88,86.39,1297829,2498839
CBU24,2024-06-28,85.37,86.18,84.52,85,901991,2423553
CBU24,2024-07-01,84.9,86.88,84.85,86.6,1112268,2458769
CBU24,2024-07-02,86.71,87.46,86.16,86.24,1225037,2460531
CBU24,2024-07-03,86.44,87.39,85.89,87.34,913899,2436936
CBU24,2024-07-04,87.09,87.59,86.51,87.43,405591,2435911
CBU24,2024-07-05,87.45,87.95,86.49,86.54,676302,2430309
CBU24,2024-07-08,86.74,86.92,85.56,85.75,751996,2414327
CBU24,2024-07-09,85.67,85.85,84.53,84.66,904733,2395290
CBU24,2024-07-10,84.92,85.66,84,85.08,1140288,2409432
CBU24,2024-07-11,85.45,85.89,84.64,85.4,1126421,2405309
CBU24,2024-07-12,85.69,86.35,84.95,85.03,1126381,2398447
CBU24,2024-07-15,85.1,85.37,84.42,84.85,679971,2392762
CBU24,2024-07-16,84.78,84.86,83.3,83.73,968456,2395074
CBU24,2024-07-17,83.66,85.2,83.43,85.08,1026202,2437489
CBU24,2024-07-18,85.23,85.81,84.22,85.11,1233301,2460789
CBU24,2024-07-19,84.72,85.35,82.56,82.63,1022379,2488903
CBU24,2024-07-22,82.8,83.22,81.6,82.4,1129521,2460831
CBU24,2024-07-23,82.25,82.79,80.51,81.01,1431885,2488569
CBU24,2024-07-24,81.46,82.23,80.93,81.71,1135493,2453794
CBU24,2024-07-25,81.58,82.53,80.09,82.37,1327612,2466523
CBU24,2024-07-26,82.4,82.71,80.33,81.13,1061980,2438500
CBU24,2024-07-29,81.3,81.74,79.36,79.78,1090082,2421208
CBU24,2024-07-30,79.64,79.99,78.43,78.63,1309436,2387201
CBV24,2024-07-31,78.56,81.59,78.46,80.84,1290391,2320623
CBV24,2024-08-01,81.44,81.8,79.43,79.52,987242,2321120
CBV24,2024-08-02,79.98,80.46,76.42,76.81,1467701,2339280
CBV24,2024-08-05,77.61,77.74,75.05,76.3,1707280,2327971
CBV24,2024-08-06,77.45,77.85,75.58,76.48,1157925,2348059
CBV24,2024-08-07,76.16,78.87,75.95,78.33,1357210,2338704
CBV24,2024-08-08,78.55,79.37,77.63,79.16,938909,2319890
CBV24,2024-08-09,79.03,79.83,78.77,79.66,641647,2325592
CBV24,2024-08-12,79.56,82.4,79.46,82.3,993723,2327884
CBV24,2024-08-13,81.88,82.3,80.55,80.69,988596,2331866
CBV24,2024-08-14,81,81.44,79.6,79.76,1028204,2295628
CBV24,2024-08-15,79.96,81.43,79.61,81.04,812414,2298916
CBV24,2024-08-16,80.86,81.02,78.62,79.68,934602,2319574
CBV24,2024-08-19,79.6,79.81,77.48,77.66,1140319,2340890
CBV24,2024-08-20,77.66,78.35,76.55,77.2,1227494,2326089
CBV24,2024-08-21,77.13,78.21,75.65,76.05,1113193,2325858
CBV24,2024-08-22,75.96,77.7,75.77,77.22,1057911,2300855
CBV24,2024-08-23,77.25,79.27,77.03,79.02,895320,2306671
CBV24,2024-08-26,79.35,81.58,79.24,81.43,1295317,2276505
CBV24,2024-08-27,81.26,81.59,79.47,79.55,1343676,2276129
CBV24,2024-08-28,79.87,80.01,77.95,78.65,1178881,2294294
CBV24,2024-08-29,78.52,80.78,78.12,79.94,1373620,2278141
CBX24,2024-08-30,78.66,79.52,76.7,76.93,1178773,2218571
CBX24,2024-09-02,76.95,77.63,76.21,77.52,535246,2234527
CBX24,2024-09-03,77.16,77.55,73.51,73.75,1853518,2276460
CBX24,2024-09-04,73.67,74.8,72.35,72.7,1697247,2293162
CBX24,2024-09-05,72.76,74.2,72.37,72.69,1492017,2319663
CBX24,2024-09-06,72.81,73.53,70.61,71.06,1387391,2334854
CBX24,2024-09-09,71.66,72.21,70.65,71.84,1067963,2342382
CBX24,2024-09-10,71.92,72.28,68.68,69.19,1461902,2376493
CBX24,2024-09-11,69.68,71.09,69,70.61,1187994,2386508
CBX24,2024-09-12,70.6,72.87,70.59,71.97,1304042,2399419
CBX24,2024-09-13,72.3,73.24,71.46,71.61,985563,2397016
CBX24,2024-09-16,72.09,73.39,71.52,72.75,810994,2401509
CBX24,2024-09-17,72.91,74.28,72.17,73.7,989712,2372033
CBX24,2024-09-18,73.69,74.1,72.31,73.65,1071832,2401666
CBX24,2024-09-19,73.13,75.18,72.91,74.88,1081285,2374636
CBX24,2024-09-20,74.77,75,74,74.49,880893,2363441
CBX24,2024-09-23,74.71,75.17,73.1,73.9,1143563,2342485
CBX24,2024-09-24,74.13,75.87,73.95,75.17,1056558,2320363
CBX24,2024-09-25,75.18,75.35,73.06,73.46,1543456,2318744
CBX24,2024-09-26,73.4,73.8,70.72,71.6,1823677,2338084
CBX24,2024-09-27,71.42,72.45,70.91,71.98,1099202,2311869
CBZ24,2024-09-30,71.88,72.79,71.03,71.7,1076923,2252928
CBZ24,2024-10-01,71.85,75.45,69.91,73.56,2281497,2289017
CBZ24,2024-10-02,74.47,76.14,73.59,73.9,1498564,2294885
CBZ24,2024-10-03,74.59,77.99,74.31,77.62,1893600,2329269
CBZ24,2024-10-04,77.79,79.3,77.39,78.05,1673557,2347638
CBZ24,2024-10-07,78.07,81.16,77.23,80.93,1473921,2365155
CBZ24,2024-10-08,80.96,81.14,76.36,77.18,1832029,2352927
CBZ24,2024-10-09,77.49,78.02,75.15,76.58,1348150,2339465
CBZ24,2024-10-10,76.76,79.72,76.72,79.4,1150177,2345058
CBZ24,2024-10-11,79.14,79.5,78.04,79.04,989819,2356819
CBZ24,2024-10-14,78.55,78.55,74.86,77.46,1022246,2356227
CBZ24,2024-10-15,75.22,75.57,73.34,74.25,1438382,2359726
CBZ24,2024-10-16,74.71,74.93,73.42,74.22,956934,2374808
CBZ24,2024-10-17,74.47,74.92,73.26,74.45,917355,2396454
CBZ24,2024-10-18,74.59,74.95,72.5,73.06,887451,2423391
CBZ24,2024-10-21,73.11,74.57,72.8,74.29,764764,2422373
CBZ24,2024-10-22,74.23,76.32,73.57,76.04,1086305,2424899
CBZ24,2024-10-23,75.73,76.05,74.42,74.96,970172,2424210
CBZ24,2024-10-24,75.35,76.54,74,74.38,939058,2412018
CBZ24,2024-10-25,74.66,76.14,74.17,76.05,867656,2404782
CBZ24,2024-10-28,72.77,73.28,71.18,71.42,1507387,2410165
CBZ24,2024-10-29,72,72.6,70.72,71.12,1030913,2404887
CBZ24,2024-10-30,71.39,73.12,71.08,72.55,1020176,2397741
CBF25,2024-10-31,72.51,74.28,71.82,72.81,981460,2315621
CBF25,2024-11-01,74.11,74.94,72.89,73.1,879876,2316631
CBF25,2024-11-04,74,75.4,73.88,75.08,876782,2329072
CBF25,2024-11-05,75,76.24,74.9,75.53,860452,2324813
CBF25,2024-11-06,75.3,75.98,73.34,74.92,1315698,2323754
CBF25,2024-11-07,74.99,76.08,74.02,75.63,1128507,2318324
CBF25,2024-11-08,75.55,75.61,73.44,73.87,975239,2350102
CBF25,2024-11-11,73.85,74.13,71.57,71.83,1060464,2345333
CBF25,2024-11-12,71.97,72.82,71.55,71.89,954047,2359009
CBF25,2024-11-13,71.78,72.63,70.72,72.28,1116545,2377949
CBF25,2024-11-14,72.12,73.22,71.79,72.56,861352,2382037
CBF25,2024-11-15,72.28,72.49,70.83,71.04,1003205,2412211
CBF25,2024-11-18,70.8,73.47,70.7,73.3,928645,2433182
CBF25,2024-11-19,73.15,73.87,72.61,73.31,1083495,2466695
CBF25,2024-11-20,73.38,73.94,72.7,72.81,816334,2478257
CBF25,2024-11-21,73.1,74.4,72.91,74.23,1067425,2474996
CBF25,2024-11-22,74.29,75.41,73.43,75.17,1198953,2456411
CBF25,2024-11-25,75.38,75.38,72.84,73.01,1233227,2441475
CBF25,2024-11-26,72.85,74.36,72.09,72.81,1080146,2413315
CBF25,2024-11-27,72.88,73.37,72.27,72.83,865360,2395531
CBF25,2024-11-28,72.87,73.49,72.38,73.28,419626,2377725
CBG25,2024-11-29,72.46,73.34,71.75,71.84,691028,2321102
CBG25,2024-12-02,72,72.89,71.52,71.83,747803,2333489
CBG25,2024-12-03,71.93,73.93,71.68,73.62,1007346,2357515
CBG25,2024-12-04,73.62,74.28,72.25,72.31,978929,2366014
CBG25,2024-12-05,72.52,72.92,71.8,72.09,953394,2383904
CBG25,2024-12-06,72.12,72.19,70.85,71.12,860656,2389764
CBG25,2024-12-09,70.92,72.65,70.92,72.14,676040,2378946
CBG25,2024-12-10,71.94,72.72,71.53,72.19,811611,2363087
CBG25,2024-12-11,72.15,73.75,72.15,73.52,1025914,2389810
CBG25,2024-12-12,73.6,74,72.42,73.41,1095378,2431290
CBG25,2024-12-13,73.33,74.59,73.3,74.49,839188,2447412
CBG25,2024-12-16,74.6,74.6,73.7,73.91,721597,2443447
CBG25,2024-12-17,73.91,74.18,72.48,73.19,884770,2420697
CBG25,2024-12-18,73.26,74.2,72.8,73.39,955029,2429837
CBG25,2024-12-19,72.91,73.86,72.53,72.88,1054829,2411722
CBG25,2024-12-20,72.57,73.29,72,72.94,885024,2427893
CBG25,2024-12-23,72.86,73.38,71.98,72.63,695733,2411386
CBG25,2024-12-24,72.96,73.81,72.79,73.58,695822,2404531
CBG25,2024-12-26,73.77,74.17,72.99,73.26,381853,2405587
CBG25,2024-12-27,73.16,74.29,73.05,74.17,613247,2404780
CBH25,2024-12-30,73.59,74.5,73.35,73.99,717293,2340458
CBH25,2024-12-31,74.25,74.89,73.84,74.64,717315,2348907
CBH25,2025-01-02,74.93,76.55,74.72,75.93,987398,2366482
CBH25,2025-01-03,75.98,76.73,75.53,76.51,989180,2392206
CBH25,2025-01-06,76.58,77.5,75.94,76.3,1045823,2415018
CBH25,2025-01-07,76.18,77.3,75.91,77.05,1157693,2429315
CBH25,2025-01-08,77.3,77.89,76.04,76.16,1302376,2416418
CBH25,2025-01-09,76.18,77.27,75.68,76.92,930365,2439468
CBH25,2025-01-10,77.26,80.75,77.03,79.76,2636224,2461605
CBH25,2025-01-13,79.76,81.68,79.76,81.01,2395161,2452634
CBH25,2025-01-14,80.92,81.15,79.87,79.92,1709449,2483116
CBH25,2025-01-15,80.29,82.63,79.62,82.03,1861614,2510974
CBH25,2025-01-16,82.42,82.57,80.39,81.29,1787955,2519089
CBH25,2025-01-17,81.44,81.93,80.5,80.79,1019639,2535269
CBH25,2025-01-20,80.98,81.23,79.42,80.15,1052052,2555276
CBH25,2025-01-21,79.78,80.46,78.45,79.29,1455031,2556086
CBH25,2025-01-22,79.39,79.9,78.81,79,1306869,2533918
CBH25,2025-01-23,78.85,79.6,77.8,78.29,1407727,2553225
CBH25,2025-01-24,77.86,78.99,77.6,78.5,1238420,2607712
CBH25,2025-01-27,78.34,79,76.3,77.08,1407340,2591312
CBH25,2025-01-28,77.01,78.18,76.85,77.49,1412116,2562730
CBH25,2025-01-29,77.62,77.7,76.31,76.58,951603,2523338
CBH25,2025-01-30,76.77,77.63,76,76.87,1059245,2525952
CBJ25,2025-01-31,76.12,76.5,75.16,75.67,1140827,2480640
CBJ25,2025-02-03,76.79,77.34,75.04,75.96,1562805,2448530
CBJ25,2025-02-04,75.4,76.66,74.15,76.2,1816410,2462617
CBJ25,2025-02-05,76.21,76.34,74.56,74.61,1118211,2456341
CBJ25,2025-02-06,74.71,75.4,74.1,74.29,1228150,2436435
CBJ25,2025-02-07,74.31,75.12,74.26,74.66,935586,2445818
CBJ25,2025-02-10,74.59,76.23,74.51,75.87,855260,2468085
CBJ25,2025-02-11,75.94,77.29,75.9,77,1172689,2506711
CBJ25,2025-02-12,76.82,76.91,74.92,75.18,1222188,2517208
CBJ25,2025-02-13,74.97,75.37,74.06,75.02,1102453,2516571
CBJ25,2025-02-14,75,75.85,74.53,74.74,1027969,2547347
CBJ25,2025-02-17,74.67,75.38,74.19,75.22,720864,2555404
CBJ25,2025-02-18,75.27,76.07,74.9,75.84,1124439,2564358
CBJ25,2025-02-19,75.85,76.84,75.8,76.04,912255,2589045
CBJ25,2025-02-20,76.04,77.15,75.72,76.48,1018974,2601127
CBJ25,2025-02-21,76.66,76.75,74.21,74.43,1035237,2617667
CBJ25,2025-02-24,74.2,74.94,74.11,74.78,742296,2583148
CBJ25,2025-02-25,74.74,75.26,72.7,73.02,1029677,2556506
CBJ25,2025-02-26,73.16,73.34,72.39,72.53,1088558,2519217
CBJ25,2025-02-27,72.7,74.26,72.49,74.04,992409,2499075
CBK25,2025-02-28,73.33,73.37,72.32,72.81,868506,2461334
CBK25,2025-03-03,73.04,73.67,71.17,71.62,1291238,2471116
CBK25,2025-03-04,71.3,71.36,69.75,71.04,1653490,2491378
CBK25,2025-03-05,71.02,71.18,68.33,69.3,1420383,2499691
CBK25,2025-03-06,69.43,69.9,68.74,69.46,1300493,2534609
CBK25,2025-03-07,69.43,71.4,69.3,70.36,1192235,2526097
CBK25,2025-03-10,70.49,70.88,69.05,69.28,865269,2526805
CBK25,2025-03-11,69.05,70.44,68.63,69.56,1017021,2535768
CBK25,2025-03-12,69.95,71.1,69.48,70.95,948978,2550273
CBK25,2025-03-13,70.95,71.25,69.66,69.88,1108867,2593302
CBK25,2025-03-14,70.16,70.75,69.93,70.58,777294,2582319
CBK25,2025-03-17,70.7,71.8,70.68,71.07,886098,2580203
CBK25,2025-03-18,70.91,72.19,70.27,70.56,1136863,2623542
CBK25,2025-03-19,70.47,71.25,69.9,70.78,929285,2631470
CBK25,2025-03-20,70.95,72.3,70.53,72,1229446,2618840
CBK25,2025-03-21,72.39,72.51,71.51,72.16,936048,2644836
CBK25,2025-03-24,72.21,73.17,71.8,73,1030251,2658783
CBK25,2025-03-25,73.08,73.57,72.5,73.02,1171227,2674422
CBK25,2025-03-26,73.27,74.17,73.09,73.79,1112524,2709582
CBK25,2025-03-27,73.9,74.07,73.23,74.03,934381,2705232
CBK25,2025-03-28,74.03,74.2,73.22,73.63,1047531,2741883
CBM25,2025-03-31,72.94,75.04,72.28,74.77,1164673,2697307
CBM25,2025-04-01,74.67,75.29,74.33,74.49,1270981,2700601
CBM25,2025-04-02,74.52,75.47,73.1,74.95,1234217,2724225
CBM25,2025-04-03,72.7,73.4,69.48,70.14,2258963,2748514
CBM25,2025-04-04,70,70.11,64.03,65.58,3233891,2813603
CBM25,2025-04-07,64.9,67.43,62.51,64.21,3123461,2841043
CBM25,2025-04-08,64.59,65.21,61.34,62.82,2173537,2847024
CBM25,2025-04-09,61.13,66.02,58.4,65.48,3634811,2826534
CBM25,2025-04-10,65.9,66.08,62,63.33,1594469,2839072
CBM25,2025-04-11,63.16,65.08,62.77,64.76,1322533,2828602
CBM25,2025-04-14,65,65.9,64.02,64.88,960661,2816777
CBM25,2025-04-15,64.96,65.4,64.21,64.67,1038629,2824868
CBM25,2025-04-16,64.82,66.36,63.79,65.85,1246001,2841125
CBM25,2025-04-17,66.25,68.14,65.95,67.96,1246018,2845832
CBM25,2025-04-21,67.51,67.72,65.67,66.26,622614,2860201
CBM25,2025-04-22,66.77,68.04,66.54,67.44,1105802,2882459
CBM25,2025-04-23,68,68.65,65.29,66.12,1838156,2929953
CBM25,2025-04-24,66.11,67.02,65.8,66.55,1087074,2916862
CBM25,2025-04-25,66.57,67.18,65.55,66.87,1339982,2867266
CBM25,2025-04-28,67.25,67.57,65.25,65.86,1242504,2908946
CBM25,2025-04-29,65.79,65.83,63.9,64.25,1452596,2909125
CBN25,2025-04-30,63.16,63.34,60.76,61.06,1858626,2832160
CBN25,2025-05-01,61.23,62.4,59.3,62.13,1404163,2849408
CBN25,2025-05-02,61.82,62.72,60.69,61.29,1241261,2858254
CBN25,2025-05-05,59.5,60.82,58.5,60.23,1055823,2901181
CBN25,2025-05-06,60.28,62.8,60.18,62.15,1327872,2931658
CBN25,2025-05-07,62.5,63.25,60.83,61.12,1210816,2955437
CBN25,2025-05-08,61.06,63.38,61,62.84,1150388,2961240
CBN25,2025-05-09,63.07,64.27,62.84,63.91,1013480,2933547
CBN25,2025-05-12,64.05,66.4,63.88,64.96,1338750,2923824
CBN25,2025-05-13,64.93,66.81,64.63,66.63,1095701,2908785
CBN25,2025-05-14,66.56,66.59,65.68,66.09,959530,2881882
CBN25,2025-05-15,65.42,65.42,63.44,64.53,1546835,2892433
CBN25,2025-05-16,64.7,65.54,64.18,65.41,1051162,2895181
CBN25,2025-05-19,65.42,66.01,64.43,65.54,1107231,2897822
CBN25,2025-05-20,65.61,66,64.85,65.38,1120971,2898649
CBN25,2025-05-21,66.25,66.63,64.58,64.91,1360338,2913643
CBN25,2025-05-22,64.66,65.03,63.54,64.44,1236472,2933808
CBN25,2025-05-23,64.02,65.25,63.32,64.78,1161813,2935581
CBN25,2025-05-26,65.02,65.4,64.51,64.74,276391,2924077
CBN25,2025-05-27,64.75,65.14,63.5,64.09,1070986,2891671
CBN25,2025-05-28,64.41,65.63,64.02,64.9,999237,2877347
CBN25,2025-05-29,65.03,66.13,63.79,64.15,1230177,2883160
CBQ25,2025-05-30,63.27,64.09,62.09,62.78,1454702,2806960
CBQ25,2025-06-02,63.2,65.76,63,64.63,1476087,2831117
CBQ25,2025-06-03,65.16,65.95,64.51,65.63,1041826,2792547
CBQ25,2025-06-04,65.52,65.95,64.27,64.86,1154050,2806809
CBQ25,2025-06-05,64.77,65.85,64.6,65.34,733739,2810683
CBQ25,2025-06-06,65.26,66.67,64.8,66.47,1053844,2841674
CBQ25,2025-06-09,66.59,67.19,66.07,67.04,913922,2873434
CBQ25,2025-06-10,67.12,68,66.48,66.87,1254545,2908951
CBQ25,2025-06-11,66.6,70.83,66.47,69.77,1962801,2960084
CBQ25,2025-06-12,70.23,70.4,68.36,69.36,1696909,2933644
CBQ25,2025-06-13,70.5,78.5,70.41,74.23,4773125,2811529
CBQ25,2025-06-16,78.31,78.32,70.56,73.23,2353630,2753785
CBQ25,2025-06-17,74.16,77.33,72.66,76.45,2361642,2812598
CBQ25,2025-06-18,76.88,77.44,74.41,76.7,2346782,2800444
CBQ25,2025-06-19,76.5,79.04,75.67,78.85,1455215,2829888
CBQ25,2025-06-20,77.5,77.67,75.51,77.01,1591763,2837850
CBQ25,2025-06-23,80.29,81.4,69.54,71.48,2857510,2802598
CBQ25,2025-06-24,68.37,70.2,66.82,67.14,2424429,2764143
CBQ25,2025-06-25,67.88,68.78,67.32,67.68,1328822,2740890
CBQ25,2025-06-26,67.77,69.05,67.38,67.73,952742,2754398
CBQ25,2025-06-27,67.91,68.42,67.2,67.77,959645,2739231
CBU25,2025-06-30,66.48,67.2,65.92,66.74,737996,2660301
CBU25,2025-07-01,66.58,67.5,66.34,67.11,852940,2675117
CBU25,2025-07-02,67.11,69.21,66.94,69.11,1173854,2689642
CBU25,2025-07-03,68.86,69.14,68.32,68.8,1013272,2732352
CBU25,2025-07-04,68.85,68.89,67.75,68.3,469945,2718219
CBU25,2025-07-07,67.64,69.94,67.22,69.58,1028097,2734548
CBU25,2025-07-08,69.5,70.68,69.03,70.15,920240,2747254
CBU25,2025-07-09,69.92,70.71,69.61,70.19,948243,2754417
CBU25,2025-07-10,70.06,70.48,68.54,68.64,1144372,2770592
CBU25,2025-07-11,68.84,70.71,68.55,70.36,978622,2788722
CBU25,2025-07-14,70.5,71.53,69.02,69.21,1202189,2832630
CBU25,2025-07-15,69.15,69.41,68.6,68.71,1051305,2842602
CBU25,2025-07-16,68.98,69.09,67.71,68.52,1133001,2835065
CBU25,2025-07-17,68.79,69.67,68.27,69.52,1010246,2828818
CBU25,2025-07-18,69.55,70.77,69.14,69.28,1346899,2827176
CBU25,2025-07-21,69.21,69.63,68.43,69.21,965633,2833956
CBU25,2025-07-22,69.08,69.12,68.12,68.59,1081616,2851007
CBU25,2025-07-23,68.92,69.1,68,68.51,1073726,2843055
CBU25,2025-07-24,68.74,69.54,68.49,69.18,1178883,2825916
CBU25,2025-07-25,69.36,69.86,68.31,68.44,833517,2813760
CBU25,2025-07-28,68.54,70.45,68.35,70.04,1027746,2773027
CBU25,2025-07-29,70.28,73.08,69.86,72.51,1420793,2760012
CBU25,2025-07-30,72.57,73.63,71.75,73.24,1584610,2788236
CBV25,2025-07-31,72.78,72.82,71,71.7,920353,2673952
CBV25,2025-08-01,71.83,72,69.4,69.67,1227493,2672087
CBV25,2025-08-04,69.11,69.98,68,68.76,923529,2661676
CBV25,2025-08-05,68.75,68.87,67.52,67.64,988162,2673961
CBV25,2025-08-06,67.75,69.18,66.22,66.89,1138768,2685659
CBV25,2025-08-07,66.88,67.68,66.27,66.43,981086,2705018
CBV25,2025-08-08,66.42,67.22,65.53,66.59,1177812,2716770
CBV25,2025-08-11,66.25,67.13,65.81,66.63,664192,2722399
CBV25,2025-08-12,66.8,67.06,65.98,66.12,723713,2747637
CBV25,2025-08-13,66.14,66.33,65.01,65.63,987703,2785034
CBV25,2025-08-14,65.76,66.99,65.55,66.84,857680,2815980
CBV25,2025-08-15,66.87,67.06,65.73,65.85,870405,2834880
CBV25,2025-08-18,65.85,66.82,65.3,66.6,874000,2852219
CBV25,2025-08-19,66.57,66.58,65.61,65.79,837853,2865375
CBV25,2025-08-20,66.05,67.1,65.81,66.84,981031,2867640
CBV25,2025-08-21,66.98,67.8,66.74,67.67,1068297,2895484
CBV25,2025-08-22,67.59,68,67.42,67.73,1068554,2914713
CBV25,2025-08-25,67.89,69.07,67.57,68.8,556151,2914567
CBV25,2025-08-26,68.73,68.73,67.11,67.22,898935,2902041
CBV25,2025-08-27,67.39,68.12,66.91,68.05,938944,2913808
CBV25,2025-08-28,67.71,68.71,67.39,68.62,896577,2922495
CBX25,2025-08-29,67.59,67.94,67.29,67.48,666110,2826774
CBX25,2025-09-01,67.42,68.36,67.12,68.15,423306,2837177
CBX25,2025-09-02,68.19,69.53,68.05,69.14,1143131,2829554
CBX25,2025-09-03,69.1,69.24,67.36,67.6,1245204,2811585
CBX25,2025-09-04,67.41,67.41,66.35,66.99,925724,2820191
CBX25,2025-09-05,66.82,67.05,65.07,65.5,1071167,2837183
CBX25,2025-09-08,65.55,67.04,65.51,66.02,768622,2847660
CBX25,2025-09-09,66.23,67.38,66.12,66.39,965342,2846177
CBX25,2025-09-10,66.69,67.78,66.66,67.49,862632,2862701
CBX25,2025-09-11,67.58,67.62,66.15,66.37,733577,2863596
CBX25,2025-09-12,66.24,68.17,65.71,66.99,1306680,2912834
CBX25,2025-09-15,67.33,67.85,66.78,67.44,698038,2926454
CBX25,2025-09-16,67.47,68.69,67.01,68.47,1016485,2974022
CBX25,2025-09-17,68.53,68.59,67.62,67.95,824668,2977879
CBX25,2025-09-18,68,68.42,67.19,67.44,853439,2962371
CBX25,2025-09-19,67.46,67.57,66.44,66.68,994203,3000029
CBX25,2025-09-22,66.62,67.31,65.94,66.57,950288,2993993
CBX25,2025-09-23,66.59,68.09,66.1,67.63,1013842,2988154
CBX25,2025-09-24,67.88,69.37,67.51,69.31,1191334,3005108
CBX25,2025-09-25,69.04,69.68,68.42,69.42,1256576,2967592
CBX25,2025-09-26,69.54,70.76,69.11,70.13,1134735,2973349
CBX25,2025-09-29,69.5,69.91,67.52,67.97,1127645,2954244
CBZ25,2025-09-30,66.74,66.84,65.64,66.03,1221194,2886543
CBZ25,2025-10-01,66.18,66.57,65.05,65.35,1104799,2893129
CBZ25,2025-10-02,65.45,66.15,64,64.11,1273242,2888229
CBZ25,2025-10-03,64.38,65.02,64.2,64.53,840483,2900777
CBZ25,2025-10-06,64.9,65.77,64.76,65.47,775780,2893748
CBZ25,2025-10-07,65.48,65.84,64.53,65.45,816359,2904668
CBZ25,2025-10-08,65.8,66.54,65.76,66.25,894509,2878147
CBZ25,2025-10-09,65.82,66.58,64.96,65.22,1020735,2907813
CBZ25,2025-10-10,65.27,65.36,62,62.73,1589113,2930867
CBZ25,2025-10-13,62.9,63.95,62.9,63.32,1044834,2935323
CBZ25,2025-10-14,63.49,63.63,61.5,62.39,1359984,2973923
CBZ25,2025-10-15,62.33,63.04,61.79,61.91,1067324,2992469
CBZ25,2025-10-16,62.4,62.75,60.84,61.06,1283192,3039962
CBZ25,2025-10-17,61,61.47,60.14,61.29,1399411,3053068
CBZ25,2025-10-20,61.25,61.55,60.07,61.01,920041,3084935
CBZ25,2025-10-21,60.9,62.1,60.35,61.32,1297581,3102921
CBZ25,2025-10-22,61.61,64.5,61.38,62.59,1642010,3083837
CBZ25,2025-10-23,64.35,66.36,63.86,65.99,3467631,3009948
CBZ25,2025-10-24,65.83,66.78,65.41,65.94,1651161,3007364
CBZ25,2025-10-27,66.16,66.64,65.06,65.62,1348589,3032629
CBZ25,2025-10-28,65.54,65.76,64,64.4,1547190,3025757
CBZ25,2025-10-29,64.52,65.37,63.92,64.92,1330034,3021435
CBZ25,2025-10-30,64.69,65.15,64.06,65,999612,3006395
CBF26,2025-10-31,64.05,65.15,63.81,64.77,985106,2948451
CBF26,2025-11-03,65.12,65.32,64.33,64.89,944087,2953208
CBF26,2025-11-04,64.73,64.8,63.82,64.44,790986,2959913
CBF26,2025-11-05,64.18,64.95,63.44,63.52,1033536,2960338
CBF26,2025-11-06,63.58,64.34,62.84,63.38,1282017,2962915
CBF26,2025-11-07,63.63,64.39,63.23,63.63,1061480,2997686
CBF26,2025-11-10,63.8,64.34,63.32,64.06,783273,2985588
CBF26,2025-11-11,63.94,65.31,63.6,65.16,976614,3000946
CBF26,2025-11-12,65.15,65.15,62.56,62.71,1245710,3022772
CBF26,2025-11-13,62.56,63.45,62.34,63.01,1007737,3054064
CBF26,2025-11-14,63.36,64.87,63.36,64.39,1596268,3084801
CBF26,2025-11-17,64.03,64.72,63.67,64.2,792627,3069904
CBF26,2025-11-18,64.01,65.1,63.62,64.89,1224969,3045021
CBF26,2025-11-19,64.73,64.85,62.86,63.51,1402016,3055177
CBF26,2025-11-20,63.74,64.4,62.94,63.38,1261815,3028484
CBF26,2025-11-21,62.99,63.1,61.87,62.56,1520490,3038650
CBF26,2025-11-24,62.7,63.56,61.94,63.37,943011,3023554
CBF26,2025-11-25,63.36,63.36,61.6,62.48,1472744,3048368
CBF26,2025-11-26,62.64,63.2,62.11,63.13,960973,3059737
CBF26,2025-11-27,63.01,63.45,62.75,63.34,537868,3036047
CBG26,2025-11-28,62.88,63.39,62.12,62.38,587590,2949922
CBG26,2025-12-01,62.69,63.82,62.69,63.17,835212,2950311
CBG26,2025-12-02,63.33,63.35,62.17,62.45,830537,2947941
CBG26,2025-12-03,62.56,63.37,62.18,62.67,781775,2997750
CBG26,2025-12-04,62.72,63.62,62.53,63.26,682280,3007895
CBG26,2025-12-05,63.26,64.09,63.06,63.75,690198,3017424
CBG26,2025-12-08,63.75,63.96,62.34,62.49,802524,2991923
CBG26,2025-12-09,62.54,62.78,61.83,61.94,882798,3009495
CBG26,2025-12-10,62.11,62.73,61.35,62.21,1008793,3041853
CBG26,2025-12-11,62.42,62.63,60.77,61.28,1178227,3075362
CBG26,2025-12-12,61.6,61.86,60.81,61.12,766480,3095667
CBG26,2025-12-15,61.09,61.5,60.13,60.56,949068,3112395
CBG26,2025-12-16,60.39,60.4,58.72,58.92,1385412,3147759
CBG26,2025-12-17,59.3,60.74,59.25,59.68,1215250,3167367
CBG26,2025-12-18,60.61,60.67,59.54,59.82,867199,3189272
CBG26,2025-12-19,59.72,60.65,59.4,60.47,899949,3219121
CBG26,2025-12-22,60.6,62.17,60.53,62.07,1033653,3222102
CBG26,2025-12-23,61.95,62.57,61.72,62.45,822590,0
CBG26,2025-12-24,62.5,62.73,62.02,62.24,409390,0