MLH21,2020-12-24,211.5,212,210.75,211.75,6628,459516
MLH21,2020-12-28,211.5,211.75,208.25,211,24590,458407
MLH21,2020-12-29,211,212.75,210.5,212,17750,470740
MLH21,2020-12-30,211,214.5,211,213,29018,470740
MLH21,2020-12-31,213,214,212.5,213.25,6297,481927
MLH21,2021-01-04,215.25,216.25,213.5,214.25,53870,503815
MLH21,2021-01-05,214.5,218.25,214.5,217.75,69801,517543
MLH21,2021-01-06,218.5,219,215.5,216,69851,494436
MLH21,2021-01-07,215,215.5,213.75,214.5,51956,494436
MLH21,2021-01-08,215.5,217,214.75,216.75,39975,499735
MLH21,2021-01-11,216,219.5,215.75,218,66415,543441
MLH21,2021-01-12,220.75,225,220.25,224.5,118933,563633
MLH21,2021-01-13,224.5,232.75,224.25,226.75,139451,526492
MLH21,2021-01-14,226.75,230.25,226.25,229.75,78533,526492
MLH21,2021-01-15,235.25,235.75,231,231.5,129086,528934
MLH21,2021-01-18,232.25,236,232.25,235.75,42674,575503
MLH21,2021-01-19,238.5,240.25,234.5,235.75,110656,580000
MLH21,2021-01-20,233,235.75,231.5,234,102093,562897
MLH21,2021-01-21,235,235.25,229.75,231.75,76361,562897
MLH21,2021-01-22,231.5,231.5,222,223.25,100353,566007
MLH21,2021-01-25,223.75,227.25,222,226.5,84186,559977
MLH21,2021-01-26,227.25,230.25,226.5,229.75,83892,552250
MLH21,2021-01-27,230.25,232.75,229,231,81237,556449
MLH21,2021-01-28,228.25,231.75,227,229.75,92204,556449
MLH21,2021-01-29,229.25,230,224.25,227,95930,543448
MLH21,2021-02-01,228.25,228.75,222.5,223.5,72839,545915
MLH21,2021-02-02,224.5,226.75,222.25,226,78637,522078
MLH21,2021-02-03,223.75,225.25,221.25,224.75,48458,519580
MLH21,2021-02-04,226.25,226.75,224,224.75,45707,519580
MLH21,2021-02-05,225,226.75,223.5,224.5,51018,528339
MLH21,2021-02-08,225.25,227,224.75,226.5,51012,537922
MLH21,2021-02-09,226.25,227.5,223.5,223.75,68622,526381
MLH21,2021-02-10,223,224,221.25,221.5,58865,515317
MLH21,2021-02-11,221.25,224,221.25,222.5,49813,515317
MLH21,2021-02-12,223,224.25,222,223.75,47670,561616
MLH21,2021-02-15,225,229.75,224.25,228.5,54011,519413
MLH21,2021-02-16,229.75,231.25,229,230.5,62626,499517
MLH21,2021-02-17,230,230.5,228.5,229,37271,547105
MLH21,2021-02-18,229.5,238,229.5,237.5,109099,547105
MLH21,2021-02-19,236.75,242.75,236.5,238.75,75058,492053
MLH21,2021-02-22,239,241.75,238.5,239.5,53167,479433
MLH21,2021-02-23,239.75,241,237.5,240.75,42070,493599
MLH21,2021-02-24,241,246.25,240.75,245.25,62414,492920
MLH21,2021-02-25,245.25,246.75,242.75,245.75,59543,492920
MLH21,2021-02-26,244.5,246.75,243,245,39529,474922
MLH21,2021-03-01,245,252.75,244.75,250,38868,472179
MLH21,2021-03-02,251,252.5,242.75,245,34396,472554
MLH21,2021-03-03,246,247,236.25,237.25,33934,479468
MLH21,2021-03-04,238,238.75,235.5,236.25,44688,479468
MLH21,2021-03-05,236.25,236.25,230.75,231.5,41606,474604
MLH21,2021-03-08,232.75,240,232,238,35408,472117
MLH21,2021-03-09,236.25,238,233.5,236,30428,477700
MLK21,2021-03-10,228.75,229.5,227,227.5,36478,486972
MLK21,2021-03-11,227.75,228.25,224.25,224.5,43874,486972
MLK21,2021-03-12,224,225,223,223.25,34727,493538
MLK21,2021-03-15,222.5,223.5,220.25,223,43164,493538
MLK21,2021-03-16,222.25,222.75,220,222,57417,487297
MLK21,2021-03-17,221.5,223.25,220.5,221.5,28770,492864
MLK21,2021-03-18,221,221.25,220.25,220.5,38979,492864
MLK21,2021-03-19,220.75,221.25,218.5,219.75,45126,497021
MLK21,2021-03-22,219.25,220,218.25,218.75,37464,500406
MLK21,2021-03-23,218.5,222.25,218.25,221,47675,497906
MLK21,2021-03-24,221.25,222.25,217.5,218.5,51775,507592
MLK21,2021-03-25,217.5,217.5,213.5,214,74141,507592
MLK21,2021-03-26,214,215.25,213.5,214.75,37741,490330
MLK21,2021-03-29,214.25,214.5,210.25,210.75,43226,491036
MLK21,2021-03-30,210.75,212.25,208.75,209.75,60663,502730
MLK21,2021-03-31,210.25,218,208.75,215.5,84758,502730
MLK21,2021-04-01,216,216.75,207.25,209.25,77026,447545
MLK21,2021-04-06,209.5,213.25,205,205.75,70199,449633
MLK21,2021-04-07,205,207.75,204,207.25,41739,446233
MLK21,2021-04-08,207.75,212.75,207.75,211.75,51237,442115
MLK21,2021-04-09,212.25,215.25,211,212.75,50092,437562
MLK21,2021-04-12,211.75,212.75,210.25,211.25,37264,438434
MLK21,2021-04-13,212,218.75,211,217.5,48874,435900
MLK21,2021-04-14,219,222,218.5,220.75,97996,434053
MLK21,2021-04-15,222,229,193.5,219.5,76741,428949
MLK21,2021-04-16,221,236,180.5,217.75,69158,430626
MLK21,2021-04-19,218,218.25,214.5,216.5,49159,421291
MLK21,2021-04-20,217.25,224,192,223,61735,414394
MLK21,2021-04-21,224.75,233,196,231.5,75814,418839
MLK21,2021-04-22,233,240,206.25,238.5,87955,456928
MLK21,2021-04-23,235,237.75,233,236.25,64579,422476
MLK21,2021-04-26,240,248.75,240,246.75,86445,424365
MLK21,2021-04-27,249.25,252.75,215,247.25,103923,429207
MLK21,2021-04-28,243,252.25,242.25,251.25,79586,437716
MLK21,2021-04-29,250.5,257.5,249,251.25,65580,439358
MLK21,2021-04-30,252,258.5,248,257.75,61365,434284
MLK21,2021-05-03,259,261.75,240.25,243.5,57448,427134
MLK21,2021-05-04,242.25,255,240.25,252.25,57403,421785
MLK21,2021-05-05,252.75,259.75,247,248.5,48524,421762
MLK21,2021-05-06,257.5,257.5,251.25,253.5,70468,426563
MLK21,2021-05-07,258.75,270,243,243.75,71322,437629
MLU21,2021-05-10,228.5,229,223.25,223.5,47916,443985
MLU21,2021-05-11,223.25,229.5,222.5,226.75,43684,438237
MLU21,2021-05-12,228,229.75,224,225.5,40487,442963
MLU21,2021-05-13,224,224,214.5,216,59555,443146
MLU21,2021-05-14,219,222.25,215.5,218,68933,436596
MLU21,2021-05-17,214.25,217.75,213.5,214.5,40069,427177
MLU21,2021-05-18,216.25,218.5,214,215,33715,427043
MLU21,2021-05-19,212.5,213.75,209.75,211.5,78063,425892
MLU21,2021-05-20,211.75,214.75,211,213.75,42879,423291
MLU21,2021-05-21,212.5,213.75,211,212.75,35293,420530
MLU21,2021-05-24,210,210.25,206.75,208.25,37594,419057
MLU21,2021-05-25,208.25,209.75,203.75,205.25,53192,419571
MLU21,2021-05-26,204,206.75,201.75,206,72965,414641
MLU21,2021-05-27,207,212.5,206.75,212,57129,419012
MLU21,2021-05-28,212.5,212.75,209,211.25,42525,422336
MLU21,2021-05-31,210.75,214.25,187,213.75,14738,420583
MLU21,2021-06-01,215,219,213.75,218.75,53023,420908
MLU21,2021-06-02,219.5,221.5,214.25,215,36721,422237
MLU21,2021-06-03,217.75,220,213.75,215.5,41819,422293
MLU21,2021-06-04,215.5,217,214.25,214.75,28579,426957
MLU21,2021-06-07,217.25,219.75,215.5,216.5,48498,427844
MLU21,2021-06-08,218.5,218.75,215.5,216.25,46888,431032
MLU21,2021-06-09,215,215,211.5,212.5,46879,434652
MLU21,2021-06-10,212.75,214.75,210.25,212.5,57295,433886
MLU21,2021-06-11,211.75,213.75,209.25,211.25,63914,432534
MLU21,2021-06-14,208,210,206.5,209,38314,442182
MLU21,2021-06-15,207,208,205.25,205.75,47019,441097
MLU21,2021-06-16,205.75,207.75,199.5,206.5,37452,441749
MLU21,2021-06-17,205.5,206,204.25,204.5,54273,443928
MLU21,2021-06-18,205,209,204.75,208.25,45257,432898
MLU21,2021-06-21,206.5,208.75,204.5,207.25,34928,437589
MLU21,2021-06-22,208,209,207,207,23501,441628
MLU21,2021-06-23,208.25,209.5,206,206.75,41295,441052
MLU21,2021-06-24,206.25,207.75,203.5,204.5,57235,439855
MLU21,2021-06-25,205.75,206,200.75,201.5,54945,435284
MLU21,2021-06-28,202.25,204.25,202,203,35209,434415
MLU21,2021-06-29,202.25,204.25,202.25,202.75,30406,430759
MLU21,2021-06-30,202.25,210.75,201.5,209.25,90576,426227
MLU21,2021-07-01,210.75,214,208.25,209,61084,435487
MLU21,2021-07-02,209.25,210.25,204.25,205,40726,431191
MLU21,2021-07-05,204.75,205,199.5,200.5,46355,431265
MLU21,2021-07-06,199.75,200.25,196.25,198.25,71757,427510
MLU21,2021-07-07,199.5,200.75,198.75,200,53519,427490
MLU21,2021-07-08,199.5,201.75,198.25,199.75,32380,424542
MLU21,2021-07-09,198.5,199.5,196.75,197.25,38633,422984
MLU21,2021-07-12,197.5,200.5,196.75,199,50598,425931
MLU21,2021-07-13,199.75,203.5,197.75,202.5,45080,427756
MLU21,2021-07-14,203.5,209,201.75,208.25,48508,429072
MLU21,2021-07-15,208.5,210.25,207,208.75,40797,428171
MLU21,2021-07-16,210,215,210,214.25,75535,429963
MLU21,2021-07-19,217.25,217.5,212.5,214.25,52409,437880
MLU21,2021-07-20,217.5,218,215.25,215.5,57955,439476
MLU21,2021-07-21,216.75,217,212.75,213.75,50026,440968
MLU21,2021-07-22,211.5,212.5,209,210,59756,443573
MLU21,2021-07-23,210,213,208.75,212,35710,443290
MLU21,2021-07-26,209.5,213,209,213,50102,441766
MLU21,2021-07-27,213.25,214.5,211,212,41805,442674
MLU21,2021-07-28,213,216.5,213,216.25,59572,440008
MLU21,2021-07-29,218,221.5,217,220.75,76508,436026
MLU21,2021-07-30,221.5,224,216.75,223.25,90135,435213
MLU21,2021-08-02,225,229,224,228.5,76072,437718
MLU21,2021-08-03,226.75,231,226,228.25,72018,438268
MLU21,2021-08-04,230,231.75,223.75,224.25,100900,440543
MLU21,2021-08-05,225,227.25,224,225,53091,445452
MLU21,2021-08-06,224.5,230.75,224.25,229.5,46523,444916
MLU21,2021-08-09,228.5,230,227.75,229.25,31184,447146
MLU21,2021-08-10,229.5,235.5,229,234.5,61987,452341
MLU21,2021-08-11,233.25,238.5,233,236.5,67113,458155
MLU21,2021-08-12,237.5,246.75,236.5,245.75,106107,458419
MLU21,2021-08-13,246.5,260,246,254.5,154450,469282
MLU21,2021-08-16,255.25,259,249.75,252.5,84784,468045
MLU21,2021-08-17,251.5,251.5,244.75,245.75,91945,468668
MLU21,2021-08-18,244.5,257,242.25,254.25,74684,464350
MLU21,2021-08-19,251,262,251,261,57787,465294
MLU21,2021-08-20,262,279.25,261.5,273.25,68193,463276
MLU21,2021-08-23,274.5,283.75,268.5,273.5,48169,463373
MLU21,2021-08-24,273.75,274.5,269.5,272.75,61472,464915
MLU21,2021-08-25,272.75,272.75,243.25,245.25,62522,460858
MLU21,2021-08-26,248.75,261,247,251,73084,456467
MLU21,2021-08-27,250.25,251.25,247,250,40241,457014
MLU21,2021-08-30,253,255,250.75,250.75,33764,455554
MLU21,2021-08-31,250,253.25,245.5,248.75,80340,456406
MLU21,2021-09-01,252,253,248,250.75,43480,459764
MLU21,2021-09-02,245.5,252.75,245.5,248.5,58691,0
MLU21,2021-09-03,249,249,243.5,243.75,46990,0
MLU21,2021-09-06,243.5,245,235,240,18351,0
MLU21,2021-09-07,241.25,242.5,236,239.25,43886,0
MLU21,2021-09-08,239,240,238,239.5,45011,0
MLU21,2021-09-09,235.25,240,233.75,235.25,76862,0
MLZ21,2021-09-10,239.5,240,236,237.75,55649,0
MLZ21,2021-09-13,237.5,239.25,236.75,239,42113,0
MLZ21,2021-09-14,240.5,244.25,240,243,67217,0
MLZ21,2021-09-15,243.25,249.25,243.25,248.5,68980,0
MLZ21,2021-09-16,248.5,249.25,247,248.75,51231,0
MLZ21,2021-09-17,249,249.25,247,247.75,29152,0
MLZ21,2021-09-20,246.75,247,244.75,245.75,43047,0
MLZ21,2021-09-21,245.25,246.75,243.25,244.25,51415,0
MLZ21,2021-09-22,245.25,249.75,244.75,249.5,65617,0
MLZ21,2021-09-23,251,252.5,249.75,252,71954,0
MLZ21,2021-09-24,250.5,253.75,250.25,253.25,0,459989
MLZ21,2021-09-27,253.25,253.75,251.5,253.25,45277,0
MLZ21,2021-09-28,252.75,257.25,252.25,254,79175,0
MLZ21,2021-09-29,254,257.75,253,256,61462,0
MLZ21,2021-09-30,255.75,262.75,255.75,258,81189,0
MLZ21,2021-10-01,260.75,265.75,259.25,264.25,89616,0
MLZ21,2021-10-04,265,266.5,263.25,265.25,76817,0
MLZ21,2021-10-05,265,265,261.25,262.75,71033,0
MLZ21,2021-10-06,262.75,268.75,262.75,268.25,63375,0
MLZ21,2021-10-07,268,270,265.5,269.25,53847,0
MLZ21,2021-10-08,269.5,272,268.25,269,55496,0
MLZ21,2021-10-11,269.5,271.5,267.25,268.5,43615,0
MLZ21,2021-10-12,269,273,267.25,271.5,97981,0
MLZ21,2021-10-13,271.5,271.5,264,264.75,88557,0
MLZ21,2021-10-14,266,271,265.5,270.5,78072,0
MLZ21,2021-10-15,271.5,276.75,270.75,276,76559,0
MLZ21,2021-10-18,276.5,277.75,273,274,49046,0
MLZ21,2021-10-19,275.25,276,272.25,273.75,47840,0
MLZ21,2021-10-20,275,278.75,274,278.25,49893,0
MLZ21,2021-10-21,277.5,278,275.5,276.5,46472,0
MLZ21,2021-10-22,278.25,280.75,278,280,64005,0
MLZ21,2021-10-25,282,283,280.25,282,51574,0
MLZ21,2021-10-26,281.25,285,279.25,284.75,57005,0
MLZ21,2021-10-27,280.75,286.75,280.25,284.75,73948,0
MLZ21,2021-10-28,285.25,286.25,282.25,283,55565,0
MLZ21,2021-10-29,283,284.5,281.25,283.25,40362,0
MLZ21,2021-11-01,283.75,293.25,283.5,291.25,70148,0
MLZ21,2021-11-02,292.75,297,291.75,292.75,67856,0
MLZ21,2021-11-03,293.5,296,289,289.5,70447,0
MLZ21,2021-11-04,291.25,292.25,289.25,290,54287,0
MLZ21,2021-11-05,291.25,291.5,287.5,287.75,52925,0
MLZ21,2021-11-08,288.75,289,282.75,283.75,51178,0
MLZ21,2021-11-09,284.75,286.5,282.25,286,66038,0
MLZ21,2021-11-10,287,295.25,286.25,294.75,100246,0
MLZ21,2021-11-11,295.75,300.5,295,297,80210,0
MLZ21,2021-11-12,298.75,299.25,294.5,297.25,86074,0
MLZ21,2021-11-15,297,297,293,294.75,108387,0
MLZ21,2021-11-16,295,296.5,288.5,289,107082,0
MLZ21,2021-11-17,289.75,298,289,295.5,90900,0
MLZ21,2021-11-18,296.75,301,296.5,297,69872,0
MLZ21,2021-11-19,299,303.25,294.75,299.75,68091,0
MLZ21,2021-11-22,303.75,310.25,303.75,309,83213,0
MLZ21,2021-11-23,307.75,312.25,307,311.5,80995,0
MLZ21,2021-11-24,312.75,313.5,305,306.25,99478,0
MLZ21,2021-11-25,307,307,302.25,305.5,31265,0
MLZ21,2021-11-26,302.75,302.75,297.5,299.25,77447,546083
MLZ21,2021-11-29,300.5,302.5,286.25,287,72956,0
MLZ21,2021-11-30,283.5,287,277,279.5,96913,0
MLZ21,2021-12-01,284,285,279.25,282,67827,0
MLZ21,2021-12-02,285.25,291.5,284.5,290.5,66855,0
MLZ21,2021-12-03,289.25,289.75,281.75,283,49270,0
MLZ21,2021-12-06,283,284,279,281,49278,0
MLZ21,2021-12-07,280,283.75,276.75,280.25,34691,0
MLZ21,2021-12-08,279.75,279.75,274,279,45757,0
MLZ21,2021-12-09,276.5,281,276.25,277,204,0
MLH22,2021-12-10,280.25,286,280,283.5,33672,0
MLH22,2021-12-13,283,286.5,279.5,286.25,49296,0
MLH22,2021-12-14,284.25,285.5,280.25,284.25,46136,0
MLH22,2021-12-15,280,281.75,274.25,275.75,65659,0
MLH22,2021-12-16,276.5,277.75,272.25,276,54342,0
MLH22,2021-12-17,278,279.75,276.25,278.5,37115,0
MLH22,2021-12-20,275,280,272.75,279.75,29853,0
MLH22,2021-12-21,280,286.75,278,285,48689,0
MLH22,2021-12-22,287.75,293,286.25,292.25,48362,0
MLH22,2021-12-23,293,293.25,288.75,290.75,29089,0
MLH22,2021-12-24,291,291.5,288.75,290.25,2498,0
MLH22,2021-12-27,292,295,288.75,289.5,12520,0
MLH22,2021-12-28,288,288,279.5,280.5,50594,0
MLH22,2021-12-29,280.75,282.75,279,282.25,26874,0
MLH22,2021-12-30,281,282.25,279.5,280,11052,0
MLH22,2021-12-31,280.5,281,277.5,278.5,8819,0
MLH22,2022-01-03,280.25,282,272.25,274,46971,0
MLH22,2022-01-04,273,279.5,273,279.25,43373,0
MLH22,2022-01-05,278.25,279.75,274.5,276,35751,0
MLH22,2022-01-06,274.25,275,271.75,273,42865,0
MLH22,2022-01-07,271.5,275,270.75,274.5,46344,0
MLH22,2022-01-10,274,276.5,273.25,275.5,34622,0
MLH22,2022-01-11,275,278.25,275,276.75,38482,0
MLH22,2022-01-12,277,277.25,270.5,271.25,59198,0
MLH22,2022-01-13,269.25,269.25,264.5,265.75,76325,0
MLH22,2022-01-14,263.75,265,259.75,263.5,65786,0
MLH22,2022-01-17,263.25,266.5,262.25,265.75,22173,0
MLH22,2022-01-18,266.75,269.25,264.5,267.75,52739,0
MLH22,2022-01-19,270.75,275,269.75,274.75,80857,0
MLH22,2022-01-20,275.25,276,272.25,273.75,51753,0
MLH22,2022-01-21,272.5,275,271,272.5,32714,0
MLH22,2022-01-24,273.75,281.5,273.5,281,66982,0
MLH22,2022-01-25,284.25,291.75,284.25,290.75,99810,0
MLH22,2022-01-26,288.25,289,280,281.25,69224,0
MLH22,2022-01-27,280.5,283.5,275.5,277.25,53361,0
MLH22,2022-01-28,279.75,281.25,275.25,278.75,38353,0
MLH22,2022-01-31,280.5,281.75,264,266,69515,0
MLH22,2022-02-01,267.75,272.25,267,269.25,65687,0
MLH22,2022-02-02,268.25,269.5,263.25,264.25,67455,0
MLH22,2022-02-03,262.25,263.25,259,261.25,74718,0
MLH22,2022-02-04,262,266.5,260.75,265.5,57383,0
MLH22,2022-02-07,267,269,265,266,38043,0
MLH22,2022-02-08,264.5,266.25,260.75,264.5,45504,0
MLH22,2022-02-09,265.25,265.5,261,262.75,82828,0
MLH22,2022-02-10,266.5,271.25,260.75,261.5,98485,0
MLH22,2022-02-11,261.25,269.5,261.25,268.75,47173,0
MLH22,2022-02-14,271.5,274.5,269,274,79373,0
MLH22,2022-02-15,270.25,270.25,264.5,266.75,77736,0
MLH22,2022-02-16,266,266,262.5,263,52777,0
MLH22,2022-02-17,266.75,267.25,263.25,265,54448,0
MLH22,2022-02-18,264,272.75,262.75,271.75,74062,0
MLH22,2022-02-21,271.75,275,269,274,47358,0
MLH22,2022-02-22,281,282.75,273.25,278.5,81892,0
MLH22,2022-02-23,280,287.75,279,287,109332,0
MLH22,2022-02-24,307.25,344,307.25,316.5,158655,0
MLH22,2022-02-25,308.5,314.25,289.25,290,93234,0
MLH22,2022-02-28,302.5,323.75,302.5,322.5,92683,0
MLH22,2022-03-01,331.25,352.25,331.25,351.25,90863,0
MLH22,2022-03-02,370,390,349.75,361,128035,0
MLH22,2022-03-03,366,390.75,355,381.75,85882,0
MLH22,2022-03-04,400,426,377.25,393.75,107527,0
MLH22,2022-03-07,430,450,422.5,422.5,86221,0
MLH22,2022-03-08,424.5,425,395,395,68073,0
MLH22,2022-03-09,398,403.75,392.25,403.5,80613,0
MLK22,2022-03-10,365,390.25,365,368.25,65556,0
MLK22,2022-03-11,374.25,376,362.5,370.75,50543,0
MLK22,2022-03-14,366.5,386.5,362.25,378.75,51607,0
MLK22,2022-03-15,385,392.5,374,386.5,54239,0
MLK22,2022-03-16,381.5,384.25,360,363.5,57865,0
MLK22,2022-03-17,365.5,370.75,361,367.75,42160,0
MLK22,2022-03-18,365,366.25,360.25,361.75,30587,0
MLK22,2022-03-21,364,378.75,364,376.75,39090,0
MLK22,2022-03-22,379.5,388.75,373.25,379,49180,0
MLK22,2022-03-23,382.25,388.5,380,384.5,34068,0
MLK22,2022-03-24,381.75,383.5,374,376.5,37342,0
MLK22,2022-03-25,373.25,383.5,371.25,381.25,37271,0
MLK22,2022-03-28,374.25,377,367.75,369.75,30645,0
MLK22,2022-03-29,371,373.5,347.5,357.5,82318,0
MLK22,2022-03-30,357.5,367.25,355.5,362.5,52463,0
MLK22,2022-03-31,363.25,374,360.75,369.5,36597,0
MLK22,2022-04-01,365.75,372.25,362.75,365.25,34001,0
MLK22,2022-04-04,369.5,370.5,362.5,363.75,35685,0
MLK22,2022-04-05,369.5,372.75,363.75,364.5,47771,0
MLK22,2022-04-06,363.75,369.75,362.75,364,45018,0
MLK22,2022-04-07,363.5,367.5,363,363.75,33439,0
MLK22,2022-04-08,364.25,375,363.5,372.75,42255,0
MLK22,2022-04-11,375,380.5,373.75,379.5,37078,0
MLK22,2022-04-12,383,400,382.75,399.25,72950,0
MLK22,2022-04-13,394,409.5,390.75,403,74974,0
MLK22,2022-04-14,405,411,400,401,35423,0
MLK22,2022-04-19,410,411,397.75,399.5,57742,0
MLK22,2022-04-20,399.5,400.5,394.5,398.5,57048,0
MLK22,2022-04-21,398.25,408.5,396.75,405.75,53773,0
MLK22,2022-04-22,404.25,414,404.25,407,42903,0
MLK22,2022-04-25,406,412,401.25,408.25,43245,0
MLK22,2022-04-26,413,415.5,411,415.25,52491,0
MLK22,2022-04-27,413.75,419.5,412.25,418.25,28369,0
MLK22,2022-04-28,417.5,427.75,410.5,416.5,50257,0
MLK22,2022-04-29,417.25,417.25,399.25,400.75,45940,0
MLK22,2022-05-02,400.5,407,392,403,36817,0
MLK22,2022-05-03,403,409,388.5,390.75,30001,0
MLK22,2022-05-04,388.25,394.5,382.25,390.5,50981,0
MLK22,2022-05-05,391.75,402.5,391.75,401,45103,0
MLK22,2022-05-06,399.75,407.75,399.5,406.25,45346,0
MLK22,2022-05-09,409.75,413.75,397,398,57807,0
MLU22,2022-05-10,398,400.5,394,396.5,38648,0
MLU22,2022-05-11,399.75,404,399.5,403.25,31251,0
MLU22,2022-05-12,402.75,416.25,402,413.75,41922,0
MLU22,2022-05-13,422,424.5,415.5,416.5,45699,0
MLU22,2022-05-16,435,443.25,432.25,438.25,60227,0
MLU22,2022-05-17,427.25,444.5,426.5,438.25,63561,0
MLU22,2022-05-18,435.5,440,428.5,430.5,49585,0
MLU22,2022-05-19,428.25,429,418,422.25,55354,0
MLU22,2022-05-20,423.75,425.75,416.75,420.75,39507,0
MLU22,2022-05-23,424,427,419.75,426,29315,0
MLU22,2022-05-24,428.75,430.75,409,410.5,63181,0
MLU22,2022-05-25,400,407.75,399.5,404.5,59491,0
MLU22,2022-05-26,401,413.75,396.75,409.5,33806,0
MLU22,2022-05-27,408.25,417,405.75,414.75,30599,422847
MLU22,2022-05-30,416,416.25,405.5,406.75,21493,0
MLU22,2022-05-31,404.5,407.75,389.25,392.25,59647,0
MLU22,2022-06-01,391.25,397.75,374.75,380.5,82639,0
MLU22,2022-06-02,382.5,387.25,380.75,382.5,47578,0
MLU22,2022-06-03,383.75,385.75,374.75,378.25,49107,0
MLU22,2022-06-06,390,403,388.25,397.5,42952,0
MLU22,2022-06-07,395,396,380,385.5,51826,0
MLU22,2022-06-08,388,392.75,381.25,381.75,40125,0
MLU22,2022-06-09,380.75,386.75,376.75,386.25,45449,0
MLU22,2022-06-10,383.5,392.25,383,391.75,32602,0
MLU22,2022-06-13,394.5,399.5,390.5,394.5,38305,0
MLU22,2022-06-14,392.75,394,387.75,392.25,45629,0
MLU22,2022-06-15,390.25,395,387,392.75,47494,0
MLU22,2022-06-16,394.75,398,391.25,397.75,39870,0
MLU22,2022-06-17,400,400.75,389.5,391.5,47577,0
MLU22,2022-06-20,389.75,391.5,382.5,388.25,42422,0
MLU22,2022-06-21,384.25,386.5,370.5,372.5,93259,0
MLU22,2022-06-22,368.75,381.5,366.75,370.5,88004,0
MLU22,2022-06-23,365,366.5,352,359,82463,0
MLU22,2022-06-24,357.25,364.75,355,357.25,56578,0
MLU22,2022-06-27,356.75,360.25,349.25,350,53799,0
MLU22,2022-06-28,355,360.25,353.75,356.75,68297,0
MLU22,2022-06-29,357,364,357,358.5,61586,0
MLU22,2022-06-30,359.25,361.25,347.5,350.25,67609,0
MLU22,2022-07-01,343.25,350.25,331,334.5,89146,0
MLU22,2022-07-04,338.25,344.75,334,343.25,47265,0
MLU22,2022-07-05,343,347.75,328.75,331.75,92987,0
MLU22,2022-07-06,333,339.25,322,325.5,83795,0
MLU22,2022-07-07,334.5,340,330.75,338.75,71831,0
MLU22,2022-07-08,343.5,358.25,342.5,357,64420,0
MLU22,2022-07-11,365,371.25,351.75,352.5,67299,0
MLU22,2022-07-12,351.25,351.25,340.25,341.75,63457,0
MLU22,2022-07-13,344.75,346,333.75,344.25,58297,0
MLU22,2022-07-14,343.25,349.5,335.5,342.75,50641,0
MLU22,2022-07-15,340.5,344,324,325.5,68025,0
MLU22,2022-07-18,330,340.5,325.25,335.25,69963,0
MLU22,2022-07-19,334.75,340.5,328.75,337,73558,0
MLU22,2022-07-20,338,347,337,340,71808,0
MLU22,2022-07-21,341.5,352,340.25,350.75,65696,0
MLU22,2022-07-22,340.5,340.5,325,325.75,109861,0
MLU22,2022-07-25,334.75,335.5,325.25,331.75,65414,0
MLU22,2022-07-26,336.75,346.75,335.25,344.5,76418,0
MLU22,2022-07-27,346.5,351.75,337.5,340,73206,0
MLU22,2022-07-28,343.75,347.75,340.5,341.25,56932,0
MLU22,2022-07-29,346,353.75,342,343,73194,0
MLU22,2022-08-01,343,343.75,333,336,56316,0
MLU22,2022-08-02,333.25,340,332.5,339,51708,0
MLU22,2022-08-03,340,345,335.5,337,66050,0
MLU22,2022-08-04,339,345.25,337,342.25,64815,0
MLU22,2022-08-05,344,347.25,337,342.5,51879,0
MLU22,2022-08-08,343.25,344.5,335.5,341,49899,0
MLU22,2022-08-09,341.75,344.25,336.75,340.25,40917,0
MLU22,2022-08-10,341.75,342,337.75,340.5,61466,0
MLU22,2022-08-11,339.25,341.25,336.5,338,59611,0
MLU22,2022-08-12,335.5,340,335,338.75,41440,0
MLU22,2022-08-15,337.25,340.25,333,339.75,32759,0
MLU22,2022-08-16,339.25,339.5,330.5,332,60696,0
MLU22,2022-08-17,332.75,333.5,322.5,327.25,73387,0
MLU22,2022-08-18,322.5,323,307.75,313.75,103936,0
MLU22,2022-08-19,314.75,316.5,311,315,49582,0
MLU22,2022-08-22,314.75,323.5,313,321.5,45676,0
MLU22,2022-08-23,325.25,333.25,325.25,332.25,55295,0
MLU22,2022-08-24,335,338.5,324.5,329.25,56922,0
MLU22,2022-08-25,331,332.5,326,327,57999,0
MLU22,2022-08-26,326.5,331,322.25,330.25,47975,0
MLU22,2022-08-29,327.75,337.25,326.25,336,51038,0
MLU22,2022-08-30,335.5,338.5,329.75,330.25,51416,0
MLU22,2022-08-31,330.25,333.5,327.5,332.25,45251,0
MLU22,2022-09-01,330,333.5,327.5,328.75,44336,0
MLU22,2022-09-02,328.25,330,322,323.75,46000,0
MLU22,2022-09-05,324,325.75,322,323,20640,0
MLU22,2022-09-06,321,325.25,312.25,314.25,36967,0
MLU22,2022-09-07,321.5,328,314.75,326.25,88410,0
MLU22,2022-09-08,324.75,325.75,318,320.5,48781,0
MLU22,2022-09-09,319,331,318.5,331,51641,0
MLZ22,2022-09-12,336.75,337.25,331.75,335.5,52799,0
MLZ22,2022-09-13,337.75,340.75,335.75,336.25,46057,0
MLZ22,2022-09-14,337.25,337.75,334,337.25,34028,0
MLZ22,2022-09-15,337.25,337.5,330.75,332.25,38616,0
MLZ22,2022-09-16,330.75,334.25,327.75,333.75,40750,0
MLZ22,2022-09-19,332,332.5,325.25,325.75,45382,0
MLZ22,2022-09-20,326.75,339.75,326,339.25,83267,0
MLZ22,2022-09-21,345.5,348.75,339.5,347,99008,0
MLZ22,2022-09-22,348.75,350.25,343.5,349.25,52400,0
MLZ22,2022-09-23,346.5,349.5,342.5,346.25,50910,0
MLZ22,2022-09-26,343.5,346.25,341.75,344.25,42429,0
MLZ22,2022-09-27,345.75,351,344.25,348.5,43781,0
MLZ22,2022-09-28,348.75,355,347,353.75,59397,0
MLZ22,2022-09-29,353,356.5,349.25,352.25,52179,0
MLZ22,2022-09-30,354,360.25,351.75,356.75,52672,0
MLZ22,2022-10-03,360,360.25,349.75,351,54500,0
MLZ22,2022-10-04,351.75,353.75,346.5,349.75,56227,0
MLZ22,2022-10-05,349,355.75,347.25,352.75,41251,0
MLZ22,2022-10-06,351,351.5,344.25,345,39249,0
MLZ22,2022-10-07,345.5,353,345.25,348,28534,0
MLZ22,2022-10-10,355.75,365,355,364.25,90135,0
MLZ22,2022-10-11,360.75,362,355,356,56280,0
MLZ22,2022-10-12,354.75,355.5,350.5,353.25,58224,0
MLZ22,2022-10-13,351.25,358,348,356.25,69843,0
MLZ22,2022-10-14,355,355.75,349.5,350.75,35883,0
MLZ22,2022-10-17,349.5,352.25,345,346.25,52663,0
MLZ22,2022-10-18,344.5,344.5,333.5,334.75,82355,0
MLZ22,2022-10-19,336,341,335,336,55387,0
MLZ22,2022-10-20,337.25,340.5,336.75,338.75,37191,0
MLZ22,2022-10-21,337.5,342.5,335.75,342,47438,0
MLZ22,2022-10-24,340,340.75,336.5,339,36497,0
MLZ22,2022-10-25,337.25,339.75,335.25,336.5,37962,0
MLZ22,2022-10-26,337,337.5,333.25,334.25,43553,0
MLZ22,2022-10-27,336.5,340,335.75,336.5,38420,0
MLZ22,2022-10-28,334.75,338.25,334.5,337.5,32594,0
MLZ22,2022-10-31,351.75,353.25,344.5,352.25,79932,0
MLZ22,2022-11-01,349.75,359.75,349.25,357.75,43411,0
MLZ22,2022-11-02,357.25,357.75,338.75,341.25,99088,0
MLZ22,2022-11-03,338.5,341.75,337.25,340.75,50964,0
MLZ22,2022-11-04,340.25,343.25,337.5,339.25,37196,0
MLZ22,2022-11-07,337.25,340.25,335.25,336,48646,0
MLZ22,2022-11-08,335.5,337.75,328.75,330,65572,0
MLZ22,2022-11-09,330,332,328.25,328.75,71784,0
MLZ22,2022-11-10,329,331.75,326.25,327.25,65137,0
MLZ22,2022-11-11,327.75,330,326,327.25,45085,0
MLZ22,2022-11-14,327.25,328,323.25,324,74617,0
MLZ22,2022-11-15,320,322,318,319.5,100242,0
MLZ22,2022-11-16,319.75,320.75,316,319.75,72033,0
MLZ22,2022-11-17,317,325,314.75,324.5,105944,0
MLZ22,2022-11-18,326,331,325.5,325.75,69709,0
MLZ22,2022-11-21,327.75,335.75,324,330.75,70575,0
MLZ22,2022-11-22,334.5,341.25,330.75,333.5,83359,0
MLZ22,2022-11-23,334.25,336.5,324.5,327.25,64586,0
MLZ22,2022-11-24,326.25,327.5,320,321.25,36347,0
MLZ22,2022-11-25,320,329.75,319.5,326.75,38457,0
MLZ22,2022-11-28,324.5,333,320.75,325.5,57874,0
MLZ22,2022-11-29,325.5,330,325.25,326,36771,0
MLZ22,2022-11-30,327,330.5,325.5,326.5,48535,0
MLZ22,2022-12-01,326.5,326.75,322.75,325.75,42357,0
MLZ22,2022-12-02,323.5,324.75,320,320.5,53151,0
MLZ22,2022-12-05,318.75,319,311,313.25,47139,0
MLZ22,2022-12-06,310.75,311.75,308,308.25,55304,350815
MLZ22,2022-12-07,308,311.25,306,307,49795,0
MLZ22,2022-12-08,307.25,310.75,305.25,308,42707,357288
MLZ22,2022-12-09,306.75,307,302,302.75,40471,0
MLH23,2022-12-12,303.5,307.75,302,306.25,37459,0
MLH23,2022-12-13,308,309.25,304.5,305.5,32682,0
MLH23,2022-12-14,303.25,303.75,300.25,302.5,46799,0
MLH23,2022-12-15,302.5,303.5,294.25,299,44951,0
MLH23,2022-12-16,298.75,299.5,295,297.5,29938,0
MLH23,2022-12-19,295.75,299.5,294.75,297.75,31715,0
MLH23,2022-12-20,298.25,298.5,294.25,296.5,30806,0
MLH23,2022-12-21,296.75,305.25,296.25,304,44705,0
MLH23,2022-12-22,305,305.25,301,303.75,18439,212538
MLH23,2022-12-23,304.5,312.5,303.5,311.75,38779,0
MLH23,2022-12-27,312.5,316,311.75,315.25,32895,0
MLH23,2022-12-28,314.75,315.25,312.5,314.5,17928,0
MLH23,2022-12-29,313.25,314.25,305.25,308,28600,0
MLH23,2022-12-30,307.25,312,304.25,309.25,27894,360855
MLH23,2023-01-02,308.5,311.5,307.25,309.25,8334,0
MLH23,2023-01-03,308.75,311.5,302.25,303,37010,362015
MLH23,2023-01-04,302.75,302.75,298,299,51186,360355
MLH23,2023-01-05,298.75,303,296.75,301.75,44921,360121
MLH23,2023-01-06,301.5,303,299.25,300,26685,360385
MLH23,2023-01-09,299.25,300.5,295.75,296.5,38516,359759
MLH23,2023-01-10,293.25,293.75,289.5,290.5,71910,357675
MLH23,2023-01-11,290,293.75,288.25,293,40863,367204
MLH23,2023-01-12,291.5,293.25,289.25,291.25,47132,366583
MLH23,2023-01-13,291.75,292,288.25,288.75,37761,369328
MLH23,2023-01-16,288.75,290.5,286.25,287.5,30040,369212
MLH23,2023-01-17,286,287,282.25,286.75,74368,368500
MLH23,2023-01-18,287.5,290.75,287,288.75,48624,373327
MLH23,2023-01-19,288.25,288.75,284.25,284.75,48970,371979
MLH23,2023-01-20,282.75,286,282,284.75,39130,372592
MLH23,2023-01-23,283.25,283.75,278.75,279.25,67684,370162
MLH23,2023-01-24,279,283.25,279,281.75,52561,374201
MLH23,2023-01-25,283.5,286,282,284.5,57650,375572
MLH23,2023-01-26,284.75,291.25,283.5,288.75,54913,376631
MLH23,2023-01-27,288.5,289,285.5,286,48006,375595
MLH23,2023-01-30,286,289.5,285.5,287.5,31925,377994
MLH23,2023-01-31,286.75,289,285,287.75,41367,376244
MLH23,2023-02-01,286.75,289,284.75,285.25,46479,383971
MLH23,2023-02-02,287.25,288.75,282,283,64489,384084
MLH23,2023-02-03,282,286,281.5,284.5,65271,382648
MLH23,2023-02-06,283,289,282.75,288.5,49917,383589
MLH23,2023-02-07,287.25,294.75,286,293.75,86366,381450
MLH23,2023-02-08,295.25,295.5,292,294.75,60647,376701
MLH23,2023-02-09,295.5,295.5,290.5,291.75,55639,380211
MLH23,2023-02-10,293.75,298.25,292.5,297,73205,380105
MLH23,2023-02-13,296.25,299.5,294.25,298.75,48617,387521
MLH23,2023-02-14,298.75,301.5,297.5,299.5,68447,375454
MLH23,2023-02-15,299.25,299.25,295.25,296.5,65120,371699
MLH23,2023-02-16,295.25,296,291.75,293.75,67171,359890
MLH23,2023-02-17,293.25,295.5,291.75,295,60807,356647
MLH23,2023-02-20,294.5,295.25,293,294.5,30941,357152
MLH23,2023-02-21,295.25,296.25,286,287,92323,354109
MLH23,2023-02-22,285,287.75,280,281,89602,347447
MLH23,2023-02-23,281.75,285.5,281,284.25,71179,347446
MLH23,2023-02-24,281.75,282.75,277.75,279.75,73373,349571
MLH23,2023-02-27,277.5,280,276.75,277.5,63752,343772
MLH23,2023-02-28,278,278.75,272.5,274.25,57449,341018
MLH23,2023-03-01,275,275.25,269,271.5,80077,343895
MLH23,2023-03-02,271,276.75,270.25,274.25,59685,352008
MLH23,2023-03-03,273.25,276,271.5,272.75,36400,348432
MLH23,2023-03-06,270,272.75,267.5,272.25,46217,347075
MLH23,2023-03-07,271.5,273.25,269.5,269.75,43845,357965
MLH23,2023-03-08,269.5,269.5,264.75,265.75,59356,362364
MLH23,2023-03-09,265.75,266,261.25,261.5,54387,370459
MLK23,2023-03-10,263.25,263.5,260.25,261.75,51848,379728
MLK23,2023-03-13,261.25,271.75,261,267,79445,383280
MLK23,2023-03-14,267,269.5,262.5,269.25,52219,371074
MLK23,2023-03-15,270.5,272.5,267,272,54050,370280
MLK23,2023-03-16,272.25,272.5,266.25,268.5,48767,365352
MLK23,2023-03-17,270.75,270.75,265,265.5,43576,367961
MLK23,2023-03-20,262.5,263.5,257.5,258,68534,373182
MLK23,2023-03-21,257,259.5,251.5,253.5,75584,378280
MLK23,2023-03-22,250.5,251.25,245,248,108182,382202
MLK23,2023-03-23,247.5,249.25,244,245,65758,392937
MLK23,2023-03-24,247.5,259.75,247.25,259.25,138793,394797
MLK23,2023-03-27,257,267.75,254.25,266.75,82531,385349
MLK23,2023-03-28,264.5,268,262.5,263.5,67694,374613
MLK23,2023-03-29,266,271.75,263.5,266.25,81286,376934
MLK23,2023-03-30,264.75,269,260.75,261.75,56621,375305
MLK23,2023-03-31,260,262.5,258.25,260.25,42521,375157
MLK23,2023-04-03,262.5,266,255.25,256.25,64765,375538
MLK23,2023-04-04,258,258.75,253.5,255.25,53215,378501
MLK23,2023-04-05,252.5,255.75,251.25,254,68524,376389
MLK23,2023-04-06,253.5,255,250.75,251.25,69179,376389
MLK23,2023-04-11,252.5,253.25,250.25,252.25,79114,380202
MLK23,2023-04-12,252.25,253.5,250.5,251,63465,377582
MLK23,2023-04-13,250,250.25,245.5,247.25,75485,375542
MLK23,2023-04-14,247,251,245.75,250,70493,379078
MLK23,2023-04-17,249.75,256.75,249,256,76225,381180
MLK23,2023-04-18,256.75,262,255.5,260.75,118072,373773
MLK23,2023-04-19,259,259,253.5,254,55237,371810
MLK23,2023-04-20,250,251.75,248.75,249.75,75156,368318
MLK23,2023-04-21,249.5,251.75,241.5,242.5,79872,368989
MLK23,2023-04-24,243,246.5,240.5,245,84700,366339
MLK23,2023-04-25,242.75,245.75,241.5,242.75,63119,366229
MLK23,2023-04-26,243.25,246.5,242.75,243.5,60265,361786
MLK23,2023-04-27,241.5,241.75,238,239,82845,361706
MLK23,2023-04-28,239,240.75,236.25,238.5,71666,361706
MLK23,2023-05-02,236.5,237.5,231.25,232.75,78725,357840
MLK23,2023-05-03,231,236,229,234,87041,359298
MLK23,2023-05-04,232.25,238,230.5,237.25,62980,353946
MLK23,2023-05-05,237,239.75,235,239.25,49749,348867
MLK23,2023-05-08,239.75,240.75,235,237,37078,346889
MLK23,2023-05-09,233,233,224.25,225.5,44879,343788
MLK23,2023-05-10,225.25,225.5,223,224.25,46778,345241
MLU23,2023-05-11,231,233.5,230.25,232,54353,346526
MLU23,2023-05-12,233.25,237.75,231.75,234.75,45849,347312
MLU23,2023-05-15,235.5,240,234.5,239.5,52591,346711
MLU23,2023-05-16,239.25,239.25,233.25,234.5,47545,352970
MLU23,2023-05-17,236,237,224.5,225.5,92019,354805
MLU23,2023-05-18,224.25,226.5,221.25,222.25,36533,358845
MLU23,2023-05-19,224.5,227.75,222,222.5,43314,363941
MLU23,2023-05-22,220,224,218.5,221,46920,365467
MLU23,2023-05-23,219,227,219,226.75,63814,365892
MLU23,2023-05-24,226,227.5,221.5,222.5,45754,361532
MLU23,2023-05-25,221.25,225.5,221.25,222.25,40456,366118
MLU23,2023-05-26,224.75,228.75,223.5,228.25,48586,366383
MLU23,2023-05-29,228.5,228.75,225.75,225.75,8116,367590
MLU23,2023-05-30,225.25,225.75,219.75,220.25,59870,366670
MLU23,2023-05-31,218.75,220,215.25,218.25,69780,377619
MLU23,2023-06-01,221,224,219.5,220.75,67906,378619
MLU23,2023-06-02,220.75,224.5,220,224,42570,379082
MLU23,2023-06-05,224.5,232,223.75,230.5,67250,381128
MLU23,2023-06-06,236,236.5,228.75,230.25,87627,377272
MLU23,2023-06-07,233,233.75,226.5,228,56270,375449
MLU23,2023-06-08,227.25,233.5,226.25,232.5,52632,376223
MLU23,2023-06-09,231,238,230.5,234.5,58524,374154
MLU23,2023-06-12,234.5,238.5,234.25,238.25,48531,367467
MLU23,2023-06-13,238.25,240.75,233.75,238.75,58157,364549
MLU23,2023-06-14,236.25,236.75,232,233.25,47936,364428
MLU23,2023-06-15,235.5,236.5,233.75,235,43100,364476
MLU23,2023-06-16,240.5,243.25,237.25,238.75,75871,363782
MLU23,2023-06-19,238.75,241.75,237.25,241,40114,362635
MLU23,2023-06-20,238.5,241.25,235.75,239,61831,366261
MLU23,2023-06-21,242.5,248,241.25,247,79833,367457
MLU23,2023-06-22,247.75,253,244.75,251,94853,367251
MLU23,2023-06-23,248.25,249.25,245.5,247,73551,364523
MLU23,2023-06-26,253,254.5,245,246.25,79004,366824
MLU23,2023-06-27,242,242.75,235.75,236.5,79121,373599
MLU23,2023-06-28,235,238.75,231,231.25,70965,374224
MLU23,2023-06-29,230.5,234.75,229,233.25,55600,371987
MLU23,2023-06-30,234.5,236.25,229.75,230.75,52490,370568
MLU23,2023-07-03,227.5,231.25,225.5,226.25,72214,369364
MLU23,2023-07-04,225.5,230,224.25,228,41463,372195
MLU23,2023-07-05,227.5,236,227.5,233.25,56962,372942
MLU23,2023-07-06,232.75,234.5,230.75,233,40754,371801
MLU23,2023-07-07,230.5,233.5,229.75,232,39257,374039
MLU23,2023-07-10,231.75,232.5,228,229.25,51474,373976
MLU23,2023-07-11,230.75,234.75,230.5,232.25,50022,378038
MLU23,2023-07-12,231,231.75,227,227.75,64250,377688
MLU23,2023-07-13,227.25,230.25,225.75,229.25,65674,389321
MLU23,2023-07-14,229.25,234,229,231.75,49194,394291
MLU23,2023-07-17,235,238,231.5,232.25,81165,397323
MLU23,2023-07-18,233.5,236.5,232.25,234.5,55474,391352
MLU23,2023-07-19,240,256.5,238,253.75,154391,384563
MLU23,2023-07-20,259,260.75,245.25,255.75,187898,377829
MLU23,2023-07-21,254.75,255.25,246.25,247.25,96308,377855
MLU23,2023-07-24,256.25,265.5,255.5,264.75,131591,381543
MLU23,2023-07-25,261.25,264.25,257.5,261.75,108379,382415
MLU23,2023-07-26,258,259.5,249,253.5,103440,384868
MLU23,2023-07-27,257.75,258.75,250.5,251.5,60079,377661
MLU23,2023-07-28,249,251.25,244,247.75,87470,378229
MLU23,2023-07-31,242.5,244.25,238,240,91595,377224
MLU23,2023-08-01,238.75,240.75,234.75,236,89923,379498
MLU23,2023-08-02,240,241,232.25,233.75,101541,370876
MLU23,2023-08-03,234.25,236,228.5,232,88301,367178
MLU23,2023-08-04,233.75,241,233.5,235.25,91244,367077
MLU23,2023-08-07,237.25,242.5,236,241.25,61705,362414
MLU23,2023-08-08,238.25,245.25,235.75,244.75,71167,361876
MLU23,2023-08-09,243.25,244,238.5,242.25,69326,361453
MLU23,2023-08-10,241.5,242,234.75,237.5,65912,359229
MLU23,2023-08-11,235.75,237.25,233.25,236.5,67685,362318
MLU23,2023-08-14,235,236.75,228.25,230.25,70101,366613
MLU23,2023-08-15,229.25,230.5,227,227.75,53727,368278
MLU23,2023-08-16,230.25,232,227.25,229.75,77785,364135
MLU23,2023-08-17,228.5,230,227,228,56910,368917
MLU23,2023-08-18,229.5,233.25,229.25,233,55589,374487
MLU23,2023-08-21,232.25,232.5,228,229.25,41348,371732
MLU23,2023-08-22,229.25,232,227.5,228.25,55110,374518
MLU23,2023-08-23,228.5,232,226.25,231.5,66488,374641
MLU23,2023-08-24,230.5,235,230,234.25,69991,381672
MLU23,2023-08-25,234.5,235.5,231,233.5,49574,377360
MLU23,2023-08-28,231.5,231.5,228.25,228.75,44668,368103
MLU23,2023-08-29,228.75,228.75,224.5,225.25,82169,366302
MLU23,2023-08-30,226,228.5,225.5,227.75,78301,373137
MLU23,2023-08-31,225.25,227.25,222.25,224.25,69493,373651
MLU23,2023-09-01,224.25,225.25,221,221.25,65478,377481
MLU23,2023-09-04,220.5,221.75,218.5,219.5,41740,391708
MLU23,2023-09-05,217.75,219.25,216,217.25,65172,384851
MLU23,2023-09-06,215.5,218,214.25,215.5,67982,393921
MLU23,2023-09-07,216.75,220.25,214.75,219.5,58540,395993
MLU23,2023-09-08,222.25,222.25,214,214.75,45727,393758
MLZ23,2023-09-11,234.75,235.5,232.75,234.25,56207,397865
MLZ23,2023-09-12,233.25,233.5,230,232,68990,402811
MLZ23,2023-09-13,234,238.75,233.75,238,107406,408012
MLZ23,2023-09-14,237,242.5,236.5,242,86540,404763
MLZ23,2023-09-15,241.5,243.75,239.25,243.5,76138,399615
MLZ23,2023-09-18,242,242.5,237.5,238.5,71559,402906
MLZ23,2023-09-19,237,240,235.5,237.25,81447,398849
MLZ23,2023-09-20,239.25,241.25,237.25,238.5,76508,397782
MLZ23,2023-09-21,238.5,239.75,236,236.25,55929,399239
MLZ23,2023-09-22,236,236.75,235,235.75,46127,405012
MLZ23,2023-09-25,235.25,241,234.75,240.25,57162,409704
MLZ23,2023-09-26,241.75,242.5,238.5,240.25,63541,409870
MLZ23,2023-09-27,239.75,242,238.25,241,77421,409724
MLZ23,2023-09-28,240.25,241.75,238.5,239.5,53188,413406
MLZ23,2023-09-29,240,241,234.75,235.5,66569,416201
MLZ23,2023-10-02,234.75,236,232,232.5,93960,420575
MLZ23,2023-10-03,233.75,237.25,233.25,236.5,59849,441707
MLZ23,2023-10-04,235.5,236,232.75,234,71193,438349
MLZ23,2023-10-05,233.5,235.75,232,235.25,58534,436553
MLZ23,2023-10-06,235.25,236.75,233.25,234.75,40222,440633
MLZ23,2023-10-09,236,238,235,237.25,45842,439660
MLZ23,2023-10-10,235.75,236.5,233,234.5,56525,438879
MLZ23,2023-10-11,233.75,234.5,230.75,231,45121,447269
MLZ23,2023-10-12,232,233.75,229.25,233.25,66299,456706
MLZ23,2023-10-13,233.75,238,233.25,237.25,74341,466345
MLZ23,2023-10-16,238,238.5,233.75,237.25,60792,460932
MLZ23,2023-10-17,236.25,236.75,233.5,236,48733,456536
MLZ23,2023-10-18,236.75,241,235,240.5,95600,456747
MLZ23,2023-10-19,240.5,240.75,237,238.25,66350,446330
MLZ23,2023-10-20,240,240.5,237.75,240,59522,439225
MLZ23,2023-10-23,238.5,239.25,236.25,237.75,49352,439689
MLZ23,2023-10-24,236.25,236.5,234.25,234.5,61933,440852
MLZ23,2023-10-25,235.5,235.75,231.5,232,73821,443971
MLZ23,2023-10-26,232.25,236.25,232,233.5,70824,454031
MLZ23,2023-10-27,233.75,234.25,232,232.25,37628,460945
MLZ23,2023-10-30,232,233,231,231.75,43706,460945
MLZ23,2023-10-31,231,232,228.5,229.5,86772,460845
MLZ23,2023-11-01,230.5,232.75,229.5,231.5,44833,474213
MLZ23,2023-11-02,230.25,233.5,229.75,232.25,47617,477606
MLZ23,2023-11-03,231.75,234.5,231.5,233.5,51492,474144
MLZ23,2023-11-06,234,234,229.75,232.25,59684,469006
MLZ23,2023-11-07,230.75,235,230,232.25,73104,472709
MLZ23,2023-11-08,233.5,238.5,232.75,235.75,126487,462030
MLZ23,2023-11-09,236,236.5,232,233.25,83439,453700
MLZ23,2023-11-10,232.75,233.75,232,232.25,73225,447665
MLZ23,2023-11-13,232,234.25,231,233.75,91430,446947
MLZ23,2023-11-14,232.75,234.5,231,231.75,103033,448094
MLZ23,2023-11-15,231.5,232.5,227.5,228.25,161495,450193
MLZ23,2023-11-16,227.75,228.5,225.25,226.25,129856,461656
MLZ23,2023-11-17,226.25,227.5,224.75,226.75,90116,472281
MLZ23,2023-11-20,226,226,224,224.25,78416,477325
MLZ23,2023-11-21,224.5,226,223.25,225.5,131140,482401
MLZ23,2023-11-22,226,228,223.5,224,130273,483995
MLZ23,2023-11-23,223.5,224,221.75,222,57761,491215
MLZ23,2023-11-24,221.75,223,218.75,219,79607,495428
MLZ23,2023-11-27,219,219.25,212.5,213,88334,496470
MLZ23,2023-11-28,214,216.5,213,215,83094,498224
MLZ23,2023-11-29,216,220.5,215.5,219.75,85801,489485
MLZ23,2023-11-30,221.25,221.25,217.5,221,64975,485029
MLZ23,2023-12-01,220.25,223.5,217.75,223,68474,485405
MLZ23,2023-12-04,223,226.5,222.5,223.75,96827,486580
MLZ23,2023-12-05,223,224.5,213.25,215.75,93438,472150
MLZ23,2023-12-06,217.25,221.5,214.5,220,76112,460337
MLZ23,2023-12-07,218.75,220.5,210,216.25,58080,459083
MLZ23,2023-12-08,216,226.5,215.5,216.25,38669,455357
MLH24,2023-12-11,229,231,227.75,228.25,52673,455265
MLH24,2023-12-12,228.5,232,228.25,231.25,56119,452399
MLH24,2023-12-13,230.25,231,227,227.5,67242,448720
MLH24,2023-12-14,227.75,228,222.75,223,78387,451294
MLH24,2023-12-15,223.75,225.25,222.5,222.75,48585,458140
MLH24,2023-12-18,222.75,224.5,222.5,224,35332,464308
MLH24,2023-12-19,223.5,224,222.5,223,36233,464162
MLH24,2023-12-20,223.25,223.75,222.5,222.75,42604,469221
MLH24,2023-12-21,223.25,224.75,222,222.25,41546,466614
MLH24,2023-12-22,222.25,223.25,220.5,222,32150,466614
MLH24,2023-12-27,223.5,223.5,220.75,221.25,24827,467147
MLH24,2023-12-28,221.25,222.25,220.5,221.75,22478,464644
MLH24,2023-12-29,221.75,224.25,221.5,222.5,22519,464644
MLH24,2024-01-02,222.75,224.5,220.75,221,29242,462024
MLH24,2024-01-03,220.75,221.25,218,219.25,51850,463944
MLH24,2024-01-04,219.75,221.75,218,221.25,58201,475773
MLH24,2024-01-05,221.75,222.5,219.25,220.75,41794,481065
MLH24,2024-01-08,219.75,220.25,217.25,218.5,58543,482505
MLH24,2024-01-09,219.25,220.75,219,219.5,54250,491262
MLH24,2024-01-10,219,221.75,218.5,221.5,66413,487798
MLH24,2024-01-11,221.75,222,218,218.25,68043,490936
MLH24,2024-01-12,218.75,220,215.5,216,64622,494391
MLH24,2024-01-15,216,217.25,215,216.75,30720,497070
MLH24,2024-01-16,217,218.75,214,214.5,90209,498089
MLH24,2024-01-17,216,218.5,215,216.5,117932,499813
MLH24,2024-01-18,216.5,217.25,215,217,55739,502613
MLH24,2024-01-19,217.5,218.5,216.25,218,55712,503189
MLH24,2024-01-22,217.5,217.5,215.5,216.75,63623,499731
MLH24,2024-01-23,216.5,218.5,216.5,217.5,55476,501167
MLH24,2024-01-24,217.75,218.25,215.5,217.5,65110,498749
MLH24,2024-01-25,217.75,218.75,216.75,218.25,65603,504025
MLH24,2024-01-26,217.25,217.25,214.5,214.75,71018,513211
MLH24,2024-01-29,214,214.5,213,213.75,74495,517295
MLH24,2024-01-30,214,214.75,212.25,213.75,85116,523568
MLH24,2024-01-31,213,213.5,210.5,210.75,95230,524160
MLH24,2024-02-01,210.5,213,207.5,212.5,118290,554192
MLH24,2024-02-02,213.25,215.25,212,213.25,109488,528642
MLH24,2024-02-05,211.5,212.5,209.5,210,66720,572822
MLH24,2024-02-06,210,212,209.25,211,81490,518968
MLH24,2024-02-07,210.5,211.5,207.75,209,122518,523170
MLH24,2024-02-08,208,208.5,204.25,205.25,124860,531769
MLH24,2024-02-09,205,210,205,209.5,126003,538074
MLH24,2024-02-12,208.75,209.75,207.25,208.5,111331,528468
MLH24,2024-02-13,207.25,210.5,207,209,114117,524123
MLH24,2024-02-14,207.5,209.5,206.75,207.5,144927,526146
MLH24,2024-02-15,208.5,210,205.5,206,148409,526236
MLH24,2024-02-16,205.5,207.5,203,203.25,120111,515806
MLH24,2024-02-19,203.25,204.5,200,200.25,72095,510366
MLH24,2024-02-20,200,205,199.5,204.5,142746,506661
MLH24,2024-02-21,203.75,204.25,201.75,203.75,86670,505513
MLH24,2024-02-22,203.25,210.5,201.5,207.5,152410,492211
MLH24,2024-02-23,209.25,210.25,205.5,206,70886,485404
MLH24,2024-02-26,206.25,206.25,201.75,202.25,78780,481962
MLH24,2024-02-27,203.25,203.5,200,201,73700,478517
MLH24,2024-02-28,200.75,200.75,192.5,194.5,89745,475291
MLH24,2024-02-29,193.5,195,190.25,190.75,75734,475696
MLH24,2024-03-01,190.75,191.5,181.5,182.75,104934,485406
MLH24,2024-03-04,183.5,191.25,183,188.75,59454,492480
MLH24,2024-03-05,189.5,189.5,179,183.5,97801,493747
MLH24,2024-03-06,182.75,188,179.75,184,80024,499297
MLH24,2024-03-07,184.5,190,184.5,188.5,104242,516011
MLH24,2024-03-08,188.5,191.5,182.5,182.5,68570,500770
MLK24,2024-03-11,193.25,197.75,190.75,196.75,79012,502444
MLK24,2024-03-12,195.5,198.5,194.75,196.75,71672,494107
MLK24,2024-03-13,197,197.5,192.75,194.75,67032,490783
MLK24,2024-03-14,193,194.5,190.75,194,97325,489716
MLK24,2024-03-15,193.5,196.5,193,195,64761,481551
MLK24,2024-03-18,197.75,198.25,194.5,197.25,52853,482223
MLK24,2024-03-19,196.5,200.5,196.25,200.25,75916,475086
MLK24,2024-03-20,199,199.5,196.75,199,60727,471042
MLK24,2024-03-21,200,201.25,197.5,199.75,72134,471443
MLK24,2024-03-22,199.75,208,198.75,207.25,151735,472058
MLK24,2024-03-25,209.5,210.5,203.25,204.5,108650,462772
MLK24,2024-03-26,204.5,205.25,200.75,201,84700,454259
MLK24,2024-03-27,200.5,201.25,199,200.75,72209,453945
MLK24,2024-03-28,201,205.25,200.25,203.5,74600,453945
MLK24,2024-04-02,201.5,205,200.5,201.75,76140,461182
MLK24,2024-04-03,201.5,203.5,200,201.25,63008,458436
MLK24,2024-04-04,202.5,202.75,198.5,200,82203,462688
MLK24,2024-04-05,199.75,204.75,199,203,87420,469446
MLK24,2024-04-08,201.5,205.5,201.5,203.75,57488,466151
MLK24,2024-04-09,202,203.25,199.75,201,78895,458892
MLK24,2024-04-10,201.75,204.75,201.75,204.5,77032,458498
MLK24,2024-04-11,204.5,206,200.5,201,80019,456389
MLK24,2024-04-12,201,204.5,200.75,203.5,64509,455810
MLK24,2024-04-15,202.5,204.5,202,203.75,86174,459410
MLK24,2024-04-16,203.75,204.75,202.25,203.75,114770,453757
MLK24,2024-04-17,203.5,205.5,203,203.25,102691,440891
MLK24,2024-04-18,203.5,207,202.75,205.75,115366,442618
MLK24,2024-04-19,207,207.75,205.25,206.5,113143,435591
MLK24,2024-04-22,206,216.25,205.25,215.5,202920,429444
MLK24,2024-04-23,218,219.25,208,209.5,176858,427682
MLK24,2024-04-24,209,209.75,204.25,208.5,136575,413780
MLK24,2024-04-25,209.75,212,206.75,208.75,121324,404893
MLK24,2024-04-26,207.5,212,206,211.75,95864,396736
MLK24,2024-04-29,210.75,210.75,207.25,208.25,77715,385583
MLK24,2024-04-30,208,209.25,204.75,205,95675,380147
MLK24,2024-05-02,205.75,207.25,203,204.75,78409,377650
MLK24,2024-05-03,205.5,210.25,203,209.75,99581,371147
MLK24,2024-05-06,205,216,204.75,215.25,111327,366556
MLK24,2024-05-07,215.25,215.25,202.75,209.75,119515,363246
MLK24,2024-05-08,210.25,214,208.5,208.75,65439,377460
MLK24,2024-05-09,211,220,211,215.25,58216,381055
MLU24,2024-05-10,248.25,252.5,246.75,249.5,125657,384643
MLU24,2024-05-13,252,259.75,248.5,258.75,97977,388611
MLU24,2024-05-14,256,258.5,249,249.75,110947,397201
MLU24,2024-05-15,251,257.25,248.25,250.75,91255,399884
MLU24,2024-05-16,251.75,256.5,248,248.5,94047,404890
MLU24,2024-05-17,252,254,246.25,246.75,66923,403834
MLU24,2024-05-20,251.25,257.75,250.25,256.5,64421,406085
MLU24,2024-05-21,257.5,259,254.75,257,71226,407912
MLU24,2024-05-22,261.5,264.5,256.25,259.25,116778,405580
MLU24,2024-05-23,256.25,260,255.25,258.25,92391,408107
MLU24,2024-05-24,260,261.75,258,261.25,64911,418156
MLU24,2024-05-27,264,269.25,264,269,80310,419215
MLU24,2024-05-28,268,268.75,263.25,264.75,91479,420497
MLU24,2024-05-29,262.5,266.75,261.5,263.25,95215,416018
MLU24,2024-05-30,261.25,262.5,256.5,258.5,88185,417299
MLU24,2024-05-31,261,263.75,257.5,259.25,91603,421295
MLU24,2024-06-03,260,264.5,258.25,258.75,94903,428388
MLU24,2024-06-04,259,259.75,254.25,258.5,120051,428475
MLU24,2024-06-05,258.5,260.25,253.75,254.25,85532,428840
MLU24,2024-06-06,253.75,255.75,250,251.25,105560,438896
MLU24,2024-06-07,248,248,241,243.75,153020,448854
MLU24,2024-06-10,242.75,244.75,238.25,239,89219,457310
MLU24,2024-06-11,239.75,247.5,239.25,246.5,107969,448965
MLU24,2024-06-12,243.25,243.75,239.25,240,87987,445595
MLU24,2024-06-13,240,242.75,238,238.5,58583,447415
MLU24,2024-06-14,237.5,239.5,235.5,236.75,88788,448191
MLU24,2024-06-17,233,234.25,229.75,230.25,70742,454019
MLU24,2024-06-18,228.75,232.5,228.5,229,87670,455401
MLU24,2024-06-19,229.5,230.75,228.5,230.5,37365,451261
MLU24,2024-06-20,228.5,228.75,224.5,226.75,84859,451228
MLU24,2024-06-21,226.5,229.75,224.25,224.5,87603,453196
MLU24,2024-06-24,224.5,225.75,220.75,222.25,88167,458186
MLU24,2024-06-25,222.25,222.5,219.5,221,94064,456109
MLU24,2024-06-26,221,225.75,220.25,223.5,102951,456983
MLU24,2024-06-27,222.5,227.75,222.25,227.25,88703,463379
MLU24,2024-06-28,228,230.5,224,224.75,86717,457317
MLU24,2024-07-01,224.5,231.25,223,230.25,97738,459785
MLU24,2024-07-02,231,231.5,226.5,227,76569,454469
MLU24,2024-07-03,228.5,228.5,222.75,223.25,63986,458221
MLU24,2024-07-04,222.75,227.5,222.5,225.5,44003,453467
MLU24,2024-07-05,225.25,229.25,224.5,228.25,60547,452773
MLU24,2024-07-08,226.75,227,220.5,221.25,97551,453100
MLU24,2024-07-09,222.75,226.5,220.25,226,85072,454805
MLU24,2024-07-10,224,224.25,219.75,220.75,100991,457532
MLU24,2024-07-11,221.5,225,221,223.25,83707,457775
MLU24,2024-07-12,222,222.25,218.25,220,82213,489013
MLU24,2024-07-15,216,216.5,213,213.5,84701,501383
MLU24,2024-07-16,213.75,216,211.5,214.25,89535,528025
MLU24,2024-07-17,214.25,217,213.5,215,78960,495991
MLU24,2024-07-18,215.25,216.75,214,215,78786,508234
MLU24,2024-07-19,215.25,224.75,215,223.75,128486,491901
MLU24,2024-07-22,224.75,227.5,223.75,225.75,100439,501830
MLU24,2024-07-23,225.5,225.75,222.25,225,66848,468024
MLU24,2024-07-24,222.75,224.75,221.25,222.5,106988,478460
MLU24,2024-07-25,222.5,222.5,218.75,219.75,82924,482786
MLU24,2024-07-26,220.25,223,216.75,217.25,79801,479915
MLU24,2024-07-29,215.25,218.75,215,216,72611,489688
MLU24,2024-07-30,215.5,216.5,214.25,215.25,75022,491023
MLU24,2024-07-31,214.75,221,214.75,220.25,106328,478981
MLU24,2024-08-01,220.5,223.75,218.25,220.25,75486,476276
MLU24,2024-08-02,220,221.75,219,219.75,47608,472712
MLU24,2024-08-05,218.75,218.75,215,215.75,79518,477924
MLU24,2024-08-06,215.5,219.25,215.25,218.25,76770,483263
MLU24,2024-08-07,220.25,222.5,214.5,215.25,129262,484853
MLU24,2024-08-08,215.75,218.5,215.5,217,90561,480126
MLU24,2024-08-09,218,220,216.75,217,49506,477111
MLU24,2024-08-12,216,216.25,213.25,214.5,88422,494541
MLU24,2024-08-13,213.5,214,210.5,210.75,81921,491492
MLU24,2024-08-14,210,210,205.5,206.25,123628,495310
MLU24,2024-08-15,208,209,201,201.5,97597,503507
MLU24,2024-08-16,201.75,208,201.75,205.25,104173,494267
MLU24,2024-08-19,204.25,206.5,201.75,202.5,60381,494025
MLU24,2024-08-20,202.25,206,202.25,204,79847,500185
MLU24,2024-08-21,204,205,198.5,199.25,105968,500267
MLU24,2024-08-22,200.25,201,195.5,196.75,113477,503179
MLU24,2024-08-23,197,198.25,193.75,194.5,71737,488832
MLU24,2024-08-26,194,195,189,189.5,112657,506172
MLU24,2024-08-27,189.5,194.25,189.5,193.75,84652,508204
MLU24,2024-08-28,194,199,193.5,198.5,97169,511212
MLU24,2024-08-29,198.25,202.5,197,202.25,90915,518566
MLU24,2024-08-30,202.5,206.25,202,205.75,61464,521101
MLU24,2024-09-02,205.25,207.25,203.5,206.25,35192,495853
MLU24,2024-09-03,205.75,207.25,201.25,204,72254,502312
MLU24,2024-09-04,206.75,207.25,202,206.75,96462,497696
MLU24,2024-09-05,206,210.5,202.75,203.75,60469,500134
MLU24,2024-09-06,207.25,207.5,198,199,48479,500223
MLU24,2024-09-09,198,198.5,194,194,34759,486481
MLZ24,2024-09-10,217.75,222,217.25,220,58625,489595
MLZ24,2024-09-11,221.75,223.5,220.25,223,60343,482773
MLZ24,2024-09-12,224.5,226.5,222.25,222.75,83849,479413
MLZ24,2024-09-13,224,228,224,225,90477,482829
MLZ24,2024-09-16,224.25,224.25,220.25,220.5,55468,482125
MLZ24,2024-09-17,222,222.75,218.25,219.25,60553,489808
MLZ24,2024-09-18,220.25,222.5,218.25,218.5,61684,487938
MLZ24,2024-09-19,217.75,218.25,214.75,215.75,75222,498306
MLZ24,2024-09-20,216.25,217.75,215,216,59922,508797
MLZ24,2024-09-23,216.5,221,216.25,220.25,73026,514456
MLZ24,2024-09-24,219.5,221.75,218.25,218.75,72009,522207
MLZ24,2024-09-25,218.25,221.5,216.5,220.5,88285,502202
MLZ24,2024-09-26,220.5,223.75,220.5,221.25,82640,496231
MLZ24,2024-09-27,221.25,222.25,218.25,221,62907,504612
MLZ24,2024-09-30,220.5,223,219.75,222.25,51662,507160
MLZ24,2024-10-01,220.25,228.25,220,227.5,133671,504853
MLZ24,2024-10-02,229,235,228.5,233.75,154073,500418
MLZ24,2024-10-03,232.25,234.25,231,232.25,88266,495921
MLZ24,2024-10-04,229,230,226.5,228.75,104580,486814
MLZ24,2024-10-07,228.5,230.5,225,228.5,76847,494478
MLZ24,2024-10-08,228,230.25,226.5,229.75,72259,491980
MLZ24,2024-10-09,231,234,228.25,228.75,106123,489849
MLZ24,2024-10-10,231,232.75,229,231.25,70762,485001
MLZ24,2024-10-11,231.25,232.75,228.25,229,69313,485402
MLZ24,2024-10-14,228.25,232,226.5,228.75,88680,484238
MLZ24,2024-10-15,227.25,228,225,226.25,88680,489655
MLZ24,2024-10-16,225.5,228.25,225,227.75,62524,502270
MLZ24,2024-10-17,228.25,230.5,226.75,230.25,60636,493447
MLZ24,2024-10-18,231,231.25,226,226.5,66336,497280
MLZ24,2024-10-21,227.5,228,223.5,224.25,67301,503327
MLZ24,2024-10-22,223.5,224.25,221.5,223.5,91646,513353
MLZ24,2024-10-23,222.5,224.25,221,223.75,75691,523699
MLZ24,2024-10-24,223,224,220.75,221.5,57513,533078
MLZ24,2024-10-25,221,221,216,216.75,125579,570719
MLZ24,2024-10-28,216,219,215.5,217,74252,556040
MLZ24,2024-10-29,217,221,216.5,219.75,91142,555970
MLZ24,2024-10-30,219.25,220.25,216.25,219.25,90136,557288
MLZ24,2024-10-31,218.5,220.5,217,218,75538,570596
MLZ24,2024-11-01,218.25,221.5,216.5,217,54194,563767
MLZ24,2024-11-04,218,219.5,213.25,213.75,94529,568548
MLZ24,2024-11-05,215,215,212.25,214,91143,570908
MLZ24,2024-11-06,213,217,213,216.5,129673,586146
MLZ24,2024-11-07,216.75,218.75,214.75,215.25,109372,582218
MLZ24,2024-11-08,215,217.75,213.75,215.75,99830,607759
MLZ24,2024-11-11,213.75,217,213.75,216.25,88163,589026
MLZ24,2024-11-12,216.5,217.75,213.75,214.25,143599,588694
MLZ24,2024-11-13,214.75,215.5,209.25,209.5,147394,604953
MLZ24,2024-11-14,210,212.75,209.75,210.75,126929,627188
MLZ24,2024-11-15,211,217,210.75,216.25,142011,641837
MLZ24,2024-11-18,216.75,219,216.25,218,97425,643278
MLZ24,2024-11-19,219,220.25,216.25,218,97428,656026
MLZ24,2024-11-20,217.5,220,215.25,219.75,103371,656081
MLZ24,2024-11-21,220.75,221.75,219,220.25,105062,668972
MLZ24,2024-11-22,220,220.5,217.75,219,76772,603579
MLZ24,2024-11-25,217.75,217.75,212.75,214.25,102745,603201
MLZ24,2024-11-26,215,218,213.5,216.25,77367,595795
MLZ24,2024-11-27,215.25,216.25,214,214.25,92459,597090
MLZ24,2024-11-28,213.5,214.25,211.25,211.25,40857,600856
MLZ24,2024-11-29,211.5,212.25,209.25,209.5,61941,606508
MLZ24,2024-12-02,209.5,212.25,208.75,211.5,70674,614031
MLZ24,2024-12-03,211.75,213.75,211.5,212.25,66462,612380
MLZ24,2024-12-04,211.75,214.5,211.25,213.5,40953,610549
MLZ24,2024-12-05,213.75,217.5,213.75,217.25,48113,608885
MLZ24,2024-12-06,216.5,218,215.75,216.5,47002,601821
MLZ24,2024-12-09,216.75,221,212.25,220,63578,598041
MLH25,2024-12-10,227,229.25,226.25,229,56572,596816
MLH25,2024-12-11,229.25,231,228,230.75,81734,590690
MLH25,2024-12-12,229.75,231.75,228.5,229,80836,598159
MLH25,2024-12-13,228.5,230.75,227.75,229.5,53768,601703
MLH25,2024-12-16,229.75,234,229.25,233.5,96077,601137
MLH25,2024-12-17,231.5,235.5,231.5,232.25,114263,602233
MLH25,2024-12-18,231.75,234,231.25,232.75,47291,599765
MLH25,2024-12-19,231.25,232,228.75,229,78345,600824
MLH25,2024-12-20,229.75,230.75,226,227,71665,592928
MLH25,2024-12-23,229,232.5,228.5,232,47903,596133
MLH25,2024-12-24,231.75,233,230.25,231.25,16769,595508
MLH25,2024-12-27,230.75,233,229,232.75,25096,563948
MLH25,2024-12-30,233,235.25,232.5,234.25,43361,565276
MLH25,2024-12-31,234.25,237.5,234,237.25,20857,564927
MLH25,2025-01-02,237.25,239.5,236.75,239.25,77691,569636
MLH25,2025-01-03,238.5,238.75,231.75,233,65025,570572
MLH25,2025-01-06,233.25,233.5,230.5,231.25,57215,571040
MLH25,2025-01-07,230.25,232.5,229,230.75,83872,571672
MLH25,2025-01-08,231,232.75,230,230.75,52275,568943
MLH25,2025-01-09,231,231.5,228.75,229.25,59868,573966
MLH25,2025-01-10,230,233.75,228,233,102042,590802
MLH25,2025-01-13,234,235.5,232.5,234,79380,554723
MLH25,2025-01-14,233.5,234,231,231.25,70065,560971
MLH25,2025-01-15,229.75,230.75,228,228.25,126297,564530
MLH25,2025-01-16,227.25,227.5,225.25,226,102177,586468
MLH25,2025-01-17,226.25,227.75,225.5,226.75,67501,594439
MLH25,2025-01-20,226.5,227.75,225,226.5,35864,577745
MLH25,2025-01-21,227.25,232,227,231.25,103056,575046
MLH25,2025-01-22,231,232.75,229.75,230,87194,571397
MLH25,2025-01-23,229,231.25,227.5,230.25,93374,588163
MLH25,2025-01-24,228.5,229,226,226,86203,601363
MLH25,2025-01-27,225.5,227,223.75,224.75,88565,604369
MLH25,2025-01-28,224.75,229.5,224.75,229,81630,582030
MLH25,2025-01-29,229.75,233,229.25,232.5,115715,582030
MLH25,2025-01-30,233,234.75,231.75,234.5,125726,583513
MLH25,2025-01-31,233.25,234,230.75,232,74612,581709
MLH25,2025-02-03,231.75,235,231.5,234.5,129930,563840
MLH25,2025-02-04,233,235.5,232.25,235,116048,538626
MLH25,2025-02-05,236,236.5,230,231,220747,549049
MLH25,2025-02-06,230.75,235.25,230.5,234,121148,523571
MLH25,2025-02-07,233.25,235,233,234.75,92141,513345
MLH25,2025-02-10,233.5,237.75,233.25,236.75,145666,516416
MLH25,2025-02-11,237.25,238.75,234.75,236,135958,514494
MLH25,2025-02-12,236,236.25,231.5,232,118222,507534
MLH25,2025-02-13,233,234.5,230.5,231,96929,503061
MLH25,2025-02-14,232.75,234,232.25,232.75,131352,497165
MLH25,2025-02-17,233.5,234.5,228.5,229.5,81235,488886
MLH25,2025-02-18,230,232,228.75,229.75,150191,469037
MLH25,2025-02-19,230.25,231,227.75,228.25,103396,457203
MLH25,2025-02-20,228.5,230,227,227.5,78132,450820
MLH25,2025-02-21,227.5,228.75,226.5,226.75,64894,449664
MLH25,2025-02-24,226,226.5,224.5,224.5,87739,457358
MLH25,2025-02-25,224.75,226.5,223.75,225,91769,464748
MLH25,2025-02-26,226,227.5,222.5,223,87667,468844
MLH25,2025-02-27,222.5,224,220.5,220.5,100186,480462
MLH25,2025-02-28,221,224,220.5,221.75,83609,482868
MLH25,2025-03-03,222,222.25,216.75,217.5,95204,496255
MLH25,2025-03-04,215.5,217.75,215.5,216.25,100693,500623
MLH25,2025-03-05,216.75,217,211.75,215.25,106532,519431
MLH25,2025-03-06,215,219.25,208.5,211,92533,523045
MLH25,2025-03-07,208,208,202,205,57344,531709
MLK25,2025-03-10,222.75,225,222.25,223.75,76971,529419
MLK25,2025-03-11,223,224.25,221,221.25,0,535576
MLK25,2025-03-12,220.5,223.75,217.75,223.25,103025,551834
MLK25,2025-03-13,224.25,227,224,226,103025,552662
MLK25,2025-03-14,225.5,226.25,223.25,223.5,60950,558008
MLK25,2025-03-17,226,227,224.25,224.5,80100,556367
MLK25,2025-03-18,224,225.5,222,222.25,78618,555182
MLK25,2025-03-19,222.5,227.5,222.25,227.25,97181,548544
MLK25,2025-03-20,227.5,228.25,225.75,226.75,83708,540004
MLK25,2025-03-21,226.5,228,225.25,226.25,68495,538428
MLK25,2025-03-24,225.25,225.25,221.75,222.25,26061,263243
MLK25,2025-03-25,221.5,223.75,219.75,220.25,102885,558713
MLK25,2025-03-26,221.5,222.5,219.5,222,106809,560209
MLK25,2025-03-27,221.75,222.25,217.25,218.25,101134,562781
MLK25,2025-03-28,217.25,218.75,215,218.75,164427,579208
MLK25,2025-03-31,218.75,221,218,220.25,118682,582875
MLK25,2025-04-01,219.75,222.75,218.25,221.5,92076,577136
MLK25,2025-04-02,221,223.25,219.5,222,123503,576746
MLK25,2025-04-03,219.25,221.5,218.25,221,124902,585803
MLK25,2025-04-04,220.5,222.5,218.75,222,99430,578678
MLK25,2025-04-07,222,226,221.75,224.75,168095,579704
MLK25,2025-04-08,225.75,226.25,223.25,224.75,121039,526867
MLK25,2025-04-09,224.5,225,219.25,219.75,132060,521136
MLK25,2025-04-10,220.25,221.25,215.75,216.5,117167,545760
MLK25,2025-04-11,215.75,218.75,215,218.25,124336,531270
MLK25,2025-04-14,216.25,217,213.5,214.25,97994,526534
MLK25,2025-04-15,214.75,214.75,209.75,210.25,147309,554303
MLK25,2025-04-16,210,213.5,208.75,209,122204,540716
MLK25,2025-04-17,210.25,212,208.25,211.25,92213,523483
MLK25,2025-04-22,209.5,209.5,206.75,208.5,107698,533027
MLK25,2025-04-23,209,210,208,208.75,72514,533367
MLK25,2025-04-24,208,210.25,207.5,209.5,89934,535415
MLK25,2025-04-25,210,211.75,208.75,209.25,73374,530787
MLK25,2025-04-28,208,208.75,206,207.5,99114,534005
MLK25,2025-04-29,208,209,202.5,202.75,83480,535639
MLK25,2025-04-30,203.5,205.25,202.25,202.75,84911,531470
MLK25,2025-05-02,202.25,205.25,197.75,201.75,94581,526487
MLK25,2025-05-05,201.75,204.5,198,203.25,88321,538292
MLK25,2025-05-06,203,204.5,201.25,201.75,77748,533936
MLK25,2025-05-07,202,203.75,198.5,200,51303,535922
MLK25,2025-05-08,200.5,202,199.5,199.5,50229,543549
MLK25,2025-05-09,199.5,202.25,199,199,64169,552586
MLU25,2025-05-12,203,205.5,202.75,204.5,71950,554184
MLU25,2025-05-13,202.5,204.75,201,204.5,100130,555240
MLU25,2025-05-14,204,205.5,201.75,205,68832,556858
MLU25,2025-05-15,205.25,206.25,203.75,206,58823,555108
MLU25,2025-05-16,205.5,207,204,204.25,61322,558814
MLU25,2025-05-19,204.25,204.5,202,202.25,52189,559670
MLU25,2025-05-20,203.25,209,203,209,126755,547575
MLU25,2025-05-21,208.25,213,208,212,121981,538796
MLU25,2025-05-22,209.5,210,207.75,209.25,83216,535871
MLU25,2025-05-23,208.5,209,206.25,206.5,49395,537091
MLU25,2025-05-26,206.25,206.25,204.5,205.5,23816,539233
MLU25,2025-05-27,204.5,204.75,201,201.25,87489,549222
MLU25,2025-05-28,202.75,204,201.5,201.75,67739,557212
MLU25,2025-05-29,202,202.5,200.25,202,65404,562231
MLU25,2025-05-30,202.75,203.75,200.75,200.75,49303,567224
MLU25,2025-06-02,201.75,206,200.75,202.5,84303,566727
MLU25,2025-06-03,201.5,204.75,200.5,202,78307,566033
MLU25,2025-06-04,201.75,203.5,200.5,203,56942,564488
MLU25,2025-06-05,203,204.25,201.5,202.75,39135,564488
MLU25,2025-06-06,201.75,204.75,201.25,204.75,43990,564046
MLU25,2025-06-09,204.75,205.25,201,201.75,52424,569217
MLU25,2025-06-10,201.5,202.25,198.5,199,78964,579455
MLU25,2025-06-11,199.25,200.75,198,199.5,60881,581566
MLU25,2025-06-12,199.25,199.75,198,198.75,63749,587002
MLU25,2025-06-13,200,203,199.75,202.75,68698,580581
MLU25,2025-06-16,201,202,198.25,200.25,61699,579811
MLU25,2025-06-17,201,203,199.25,202,77258,576924
MLU25,2025-06-18,202.75,208,202.25,208,108452,574856
MLU25,2025-06-19,207.5,209.75,206,209,67652,560750
MLU25,2025-06-20,208.25,210.5,207.25,208,83080,551863
MLU25,2025-06-23,207.25,209.25,203,204.25,73610,551435
MLU25,2025-06-24,202.75,202.75,199.75,200,92959,562657
MLU25,2025-06-25,199.75,200.25,196.5,197.25,103686,588956
MLU25,2025-06-26,196,196.75,194.5,195.25,98896,606198
MLU25,2025-06-27,196.25,197.25,195.75,196,57943,610865
MLU25,2025-06-30,195.5,196.5,194,195,67777,613991
MLU25,2025-07-01,195.25,195.75,192.75,194.5,97776,618276
MLU25,2025-07-02,194.75,196.75,193.75,195.75,63952,616486
MLU25,2025-07-03,197,199.25,196,197.25,80608,611593
MLU25,2025-07-04,197,197.75,195.5,195.75,39514,616080
MLU25,2025-07-07,194,196.25,192.75,196,94290,622081
MLU25,2025-07-08,194.75,197.25,194.25,195.75,93505,631542
MLU25,2025-07-09,196.5,197.75,195.5,196.75,82303,647095
MLU25,2025-07-10,196.5,201.75,196.25,201.25,126672,652297
MLU25,2025-07-11,201.5,202.75,200.25,201,96242,646203
MLU25,2025-07-14,201.5,202.5,197,197.25,101404,643012
MLU25,2025-07-15,196.75,201.75,196.75,200.25,93229,648974
MLU25,2025-07-16,201,201.25,198.25,198.5,74100,644727
MLU25,2025-07-17,198.5,200.5,197.5,199.5,95755,646570
MLU25,2025-07-18,200.25,203,200.25,202.5,99876,643644
MLU25,2025-07-21,201.75,204,200.75,202,85945,650410
MLU25,2025-07-22,201.5,203.75,200.25,202.75,84828,648062
MLU25,2025-07-23,203,203,199,199.5,99301,653770
MLU25,2025-07-24,199.5,200.5,196,197,115948,662416
MLU25,2025-07-25,197.25,197.25,195,195.5,71339,671430
MLU25,2025-07-28,194.75,199.25,194.5,199.25,66936,671771
MLU25,2025-07-29,199.25,199.75,196,196.75,103705,690688
MLU25,2025-07-30,196.75,199,196,198.25,106013,702490
MLU25,2025-07-31,198.75,199.5,196,196.25,111262,715425
MLU25,2025-08-01,197.25,197.5,193.75,194.5,92127,725773
MLU25,2025-08-04,194,198.75,193.75,197.25,120751,723129
MLU25,2025-08-05,196.75,198.25,193.25,193.5,165298,701136
MLU25,2025-08-06,193.25,195.75,193,193.75,138844,695797
MLU25,2025-08-07,193.75,198,193.75,197.5,139170,683496
MLU25,2025-08-08,198,198.5,196,196.5,148581,653022
MLU25,2025-08-11,197,197.5,193.75,194.75,154191,650544
MLU25,2025-08-12,193.75,195.5,192.5,192.75,191591,651994
MLU25,2025-08-13,193,196.25,192.5,194.5,183806,640810
MLU25,2025-08-14,194.75,197,193.75,197,159802,628204
MLU25,2025-08-15,197,198,195,195.5,93908,623462
MLU25,2025-08-18,195.25,198.25,194.5,196.25,104381,618367
MLU25,2025-08-19,195.75,196.5,193,194.5,99272,624765
MLU25,2025-08-20,195,196.5,193.75,194,99457,617050
MLU25,2025-08-21,195.25,199,195.25,197.25,127636,611283
MLU25,2025-08-22,197.5,198.5,196,196.5,93748,611283
MLU25,2025-08-25,196.5,197,194.25,195,63620,604779
MLU25,2025-08-26,195.5,196.25,193.5,195,91347,610892
MLU25,2025-08-27,194.25,195.5,192.25,192.5,83688,608007
MLU25,2025-08-28,192,192.25,188,189.5,100421,616414
MLU25,2025-08-29,189.25,191.75,188.75,191.5,54037,616108
MLU25,2025-09-01,191.5,191.5,186,187,42623,620539
MLU25,2025-09-02,187,187.25,182.5,183,74703,623272
MLU25,2025-09-03,183,183.5,180.75,182.25,76630,630423
MLU25,2025-09-04,182.75,184.75,180.5,182.25,93882,633285
MLU25,2025-09-05,183.75,185.75,181.5,183.75,65111,631826
MLU25,2025-09-08,184.25,187,170,173.25,67763,635786
MLU25,2025-09-09,170,170.25,170,170.25,61529,639671
MLZ25,2025-09-10,189.25,189.5,188.25,188.75,73870,645279
MLZ25,2025-09-11,188.75,190.25,188.25,189.5,53889,647622
MLZ25,2025-09-12,190,191,189.25,189.75,60766,646626
MLZ25,2025-09-15,190.25,192,189,191,75228,646446
MLZ25,2025-09-16,191.75,192.75,190.5,191.25,67495,649940
MLZ25,2025-09-17,191.75,193,191.5,192.25,74154,648604
MLZ25,2025-09-18,192.5,193.25,192,192.25,57517,653282
MLZ25,2025-09-19,192,192.75,190.5,190.75,55184,657303
MLZ25,2025-09-22,190,191,188.25,189,89616,666918
MLZ25,2025-09-23,188.25,190.5,187.75,190,72734,665050
MLZ25,2025-09-24,190,192,189.5,190.5,63542,658390
MLZ25,2025-09-25,190.75,191.5,189.5,190.75,57273,657286
MLZ25,2025-09-26,191,191.25,189,189.5,53620,663469
MLZ25,2025-09-29,189,189.5,188.25,188.5,60540,665098
MLZ25,2025-09-30,188.25,189.25,186,186.25,86171,676561
MLZ25,2025-10-01,186,188,185,187.75,139583,675382
MLZ25,2025-10-02,188.25,189,187.5,188,55970,670234
MLZ25,2025-10-03,188.5,189.5,187.5,187.75,43067,669372
MLZ25,2025-10-06,187.5,189.25,187.25,187.75,54381,670284
MLZ25,2025-10-07,188,188.75,187.25,187.75,57514,667459
MLZ25,2025-10-08,187.5,188.5,187,188,59326,667780
MLZ25,2025-10-09,188.5,190.75,188.5,190.5,120965,651671
MLZ25,2025-10-10,190.25,190.5,188.25,189.25,81256,650812
MLZ25,2025-10-13,189.5,189.75,188.5,189,89474,657827
MLZ25,2025-10-14,189,190.75,188.5,190.5,108650,655844
MLZ25,2025-10-15,190.5,190.5,188.5,190,89268,655186
MLZ25,2025-10-16,189.75,190.25,187.25,187.75,85038,656584
MLZ25,2025-10-17,187.25,189.5,187.25,189.25,65857,654783
MLZ25,2025-10-20,189.25,190.25,187.75,188.5,49407,648781
MLZ25,2025-10-21,188.25,188.75,187.25,188.25,47690,647279
MLZ25,2025-10-22,188.25,190,188.25,189.75,95331,638084
MLZ25,2025-10-23,190,190.5,188.75,189.75,68694,635585
MLZ25,2025-10-24,190,190.25,188.5,190.25,54413,633500
MLZ25,2025-10-27,191.5,193.5,191,193.5,124566,620379
MLZ25,2025-10-28,193.5,193.5,191.75,192.25,132648,616633
MLZ25,2025-10-29,192.25,192.5,190.5,192,105713,616158
MLZ25,2025-10-30,190.5,192.25,189.75,191.25,79056,614939
MLZ25,2025-10-31,190.5,193.25,190,193,88268,610176
MLZ25,2025-11-03,194,194.5,192.25,193.75,117273,607290
MLZ25,2025-11-04,193.25,194.75,193.25,194.75,90591,599777
MLZ25,2025-11-05,194.75,195.5,194,194.25,123114,593715
MLZ25,2025-11-06,193.25,193.5,191.25,192,130879,583741
MLZ25,2025-11-07,191.5,192.25,191,191.5,91200,590245
MLZ25,2025-11-10,192,192.5,190.25,190.75,102549,593821
MLZ25,2025-11-11,191,191.75,189,189.25,105726,594431
MLZ25,2025-11-12,189.25,190.5,188.5,190.25,132589,588507
MLZ25,2025-11-13,190,190.25,188.75,189.5,127106,584268
MLZ25,2025-11-14,189.75,190.5,188,188.25,109076,571253
MLZ25,2025-11-17,188.25,190.75,188,190,145351,580481
MLZ25,2025-11-18,190,191,188.75,190.75,124619,571689
MLZ25,2025-11-19,190.75,192,189.5,190.25,116633,553813
MLZ25,2025-11-20,190,191.25,188.5,189.25,123396,548596
MLZ25,2025-11-21,188.75,190.5,187.75,189.75,127082,555005
MLZ25,2025-11-24,189,190.25,188.5,189.75,124307,585188
MLZ25,2025-11-25,190,190,187.5,188.75,95600,582856
MLZ25,2025-11-26,188.25,190,188,189.25,65415,582901
MLZ25,2025-11-27,188.5,190.25,188,189,48273,584767
MLZ25,2025-11-28,189,189,187,187.25,90236,585117
MLZ25,2025-12-01,187,188,186.25,186.75,83260,587584
MLZ25,2025-12-02,186.75,192,186.5,191,91412,581168
MLZ25,2025-12-03,191.5,193.5,191.25,193,70158,574481
MLZ25,2025-12-04,192.5,194.25,191.5,192.5,55956,566995
MLZ25,2025-12-05,192.25,193.75,191,192,57631,571005
MLZ25,2025-12-08,190.25,190.5,186.5,189.25,66043,562599
MLZ25,2025-12-09,188,190,184,190,75607,555087
MLH26,2025-12-10,189.75,190.25,188.75,190,53481,553319
MLH26,2025-12-11,190,190.25,188.25,188.5,47674,552700
MLH26,2025-12-12,188,189.25,187.25,189,70253,564062
MLH26,2025-12-15,188.25,188.75,187.25,187.75,56766,564282
MLH26,2025-12-16,188,188,185.5,185.75,71941,570445
MLH26,2025-12-17,186.25,187.5,185,185.25,73126,573117
MLH26,2025-12-18,185.25,187.25,185.25,186,57534,573751
MLH26,2025-12-19,186,187.25,185.5,186.75,40083,573751
MLH26,2025-12-22,187.5,188.75,186.5,188.25,38044,571115
MLH26,2025-12-23,188.5,189,187.5,189,32669,0
MLH26,2025-12-24,189.5,190.5,189,190.25,25568,0