KOF21,2020-12-24,3813,3877,3813,3854,44953,164780
KOF21,2020-12-28,3849,3849,3800,3834,38962,164554
KOF21,2020-12-29,3819,3837,3810,3835,28882,162920
KOF21,2020-12-30,3852,3890,3849,3878,37262,164223
KOF21,2020-12-31,3882,3900,3856,3891,55392,218079
KOF21,2021-01-04,3950,3955,3909,3950,55390,168252
KOF21,2021-01-05,3918,3967,3905,3966,61010,166184
KOF21,2021-01-06,3960,4040,3952,4040,83414,166724
KOF21,2021-01-07,4003,4016,3968,3968,71393,165203
KOF21,2021-01-08,3960,3997,3959,3997,44074,166160
KOF21,2021-01-11,3968,3980,3920,3970,55744,167670
KOF21,2021-01-12,3938,3953,3880,3880,48182,167156
KOF21,2021-01-13,3930,3930,3889,3889,56955,168065
KOF21,2021-01-14,3900,3900,3732,3732,96413,173502
KOG21,2021-01-15,3754,3754,3580,3616,98839,177541
KOG21,2021-01-18,3640,3659,3553,3639,69459,180878
KOG21,2021-01-19,3600,3639,3494,3506,93099,178639
KOG21,2021-01-20,3518,3518,3435,3470,83934,179386
KOG21,2021-01-21,3500,3560,3500,3551,72359,175952
KOG21,2021-01-22,3523,3595,3520,3583,72292,175255
KOG21,2021-01-25,3529,3608,3529,3550,56953,172621
KOG21,2021-01-26,3596,3616,3530,3606,74329,178713
KOG21,2021-01-27,3651,3780,3611,3775,76265,183271
KOG21,2021-01-29,3810,3935,3810,3935,56157,236138
KOG21,2021-02-02,3890,3960,3877,3892,55941,187409
KOG21,2021-02-03,3780,3783,3690,3709,71045,190642
KOG21,2021-02-04,3709,3903,3709,3815,86016,195297
KOG21,2021-02-05,3859,4010,3859,3914,63741,194107
KOG21,2021-02-08,3925,3925,3850,3881,39801,193530
KOG21,2021-02-09,3950,3960,3918,3921,58471,195945
KOG21,2021-02-10,3924,3955,3895,3955,74347,195243
KOG21,2021-02-11,3937,3945,3898,3898,29045,193081
KOH21,2021-02-15,3871,3940,3850,3939,53427,195626
KOH21,2021-02-16,3932,3995,3916,3938,73879,192152
KOH21,2021-02-17,3991,4025,3990,4015,60913,188369
KOH21,2021-02-18,3962,3972,3868,3882,65346,186778
KOH21,2021-02-19,3882,3949,3882,3914,71001,192376
KOH21,2021-02-22,3995,3995,3940,3945,40514,193998
KOH21,2021-02-23,3990,4021,3973,4007,66719,195542
KOH21,2021-02-24,4031,4035,3920,3927,62947,194215
KOH21,2021-02-25,4035,4056,3960,4034,64675,193661
KOH21,2021-02-26,3989,4005,3968,3986,60390,248469
KOH21,2021-03-01,4027,4050,3932,3943,49668,240705
KOH21,2021-03-02,3929,3929,3886,3903,41838,231218
KOH21,2021-03-03,3850,3901,3847,3900,53246,243469
KOH21,2021-03-04,3917,3951,3917,3939,63850,252281
KOH21,2021-03-05,3945,3990,3928,3947,79300,269357
KOH21,2021-03-08,4040,4093,4020,4070,64157,252486
KOH21,2021-03-09,4070,4085,4035,4075,72286,263274
KOH21,2021-03-10,4090,4122,4080,4122,65309,256238
KOH21,2021-03-11,4120,4220,4120,4220,79714,271861
KOH21,2021-03-12,4290,4330,4283,4283,66314,256845
KOJ21,2021-03-15,4304,4315,4221,4251,88734,284988
KOJ21,2021-03-16,4257,4277,4166,4170,78667,265263
KOJ21,2021-03-17,4161,4236,4149,4200,68183,256097
KOJ21,2021-03-18,4152,4162,4072,4080,74695,256905
KOJ21,2021-03-19,4010,4030,3972,4013,62409,248296
KOJ21,2021-03-22,4022,4144,4010,4138,66997,251113
KOJ21,2021-03-23,4210,4305,4210,4233,68631,251209
KOJ21,2021-03-24,4211,4241,4166,4220,46200,230593
KOJ21,2021-03-25,4228,4228,4128,4160,83126,268778
KOJ21,2021-03-26,4052,4078,4000,4025,66806,255742
KOJ21,2021-03-29,4000,4125,3954,4123,84398,271188
KOJ21,2021-03-30,4070,4080,4015,4019,62901,256721
KOJ21,2021-03-31,3964,4090,3963,4061,74008,266674
KOJ21,2021-04-01,4104,4155,4098,4151,74006,199591
KOJ21,2021-04-02,4112,4160,4100,4147,35700,201074
KOJ21,2021-04-05,4165,4182,4135,4164,58230,257146
KOJ21,2021-04-06,4180,4230,4155,4211,58228,201858
KOJ21,2021-04-07,4257,4290,4215,4282,45729,200276
KOJ21,2021-04-08,4270,4365,4211,4244,71068,201291
KOJ21,2021-04-09,4340,4370,4260,4280,63707,206974
KOJ21,2021-04-12,4225,4275,4225,4235,70374,210276
KOJ21,2021-04-13,4200,4300,4180,4245,53364,205995
KOJ21,2021-04-14,4225,4230,4180,4200,62070,208173
KOK21,2021-04-15,4076,4110,4050,4103,48652,206954
KOK21,2021-04-16,4160,4215,4160,4191,67080,207654
KOK21,2021-04-19,4181,4185,4147,4180,60120,262860
KOK21,2021-04-20,4163,4232,4160,4231,60118,205684
KOK21,2021-04-21,4272,4399,4270,4341,70193,208633
KOK21,2021-04-22,4402,4463,4390,4420,52867,207220
KOK21,2021-04-23,4488,4500,4350,4351,54389,206968
KOK21,2021-04-26,4419,4429,4299,4341,56133,207609
KOK21,2021-04-27,4373,4504,4366,4500,68030,208731
KOK21,2021-04-28,4377,4435,4350,4421,54619,258464
KOK21,2021-04-30,4471,4471,4382,4408,54498,209793
KOK21,2021-05-03,4578,4615,4520,4593,53163,209116
KOK21,2021-05-04,4528,4620,4528,4594,47953,209069
KOK21,2021-05-05,4606,4620,4588,4598,39651,209748
KOK21,2021-05-06,4648,4731,4648,4718,66152,208436
KOK21,2021-05-07,4851,4885,4820,4883,74424,205123
KOK21,2021-05-10,4810,4860,4785,4860,63493,202976
KOK21,2021-05-11,4840,4923,4788,4788,61953,202348
KOM21,2021-05-12,4763,4769,4710,4749,31114,198372
KOM21,2021-05-17,4724,4747,4670,4687,69538,197012
KOM21,2021-05-18,4783,4839,4727,4829,76138,196163
KOM21,2021-05-19,4729,4741,4648,4669,80062,194367
KOM21,2021-05-20,4591,4656,4450,4464,65815,190863
KOM21,2021-05-21,4408,4491,4371,4391,77432,190049
KOM21,2021-05-24,4330,4367,4196,4232,74629,185972
KOM21,2021-05-25,4320,4385,4306,4371,70833,185791
KOM21,2021-05-27,4377,4380,4237,4266,77116,184964
KOM21,2021-05-28,4378,4378,4300,4301,61482,183991
KOM21,2021-05-31,4284,4290,4010,4024,74176,254661
KOM21,2021-06-01,4130,4130,3990,4018,74113,177251
KOM21,2021-06-02,4045,4176,4028,4166,80371,177082
KOM21,2021-06-03,4269,4300,4227,4262,99619,175369
KOM21,2021-06-04,4183,4240,4183,4230,64456,172078
KOM21,2021-06-08,4150,4182,4058,4180,70803,179469
KOM21,2021-06-09,4108,4108,4085,4090,74935,185315
KOM21,2021-06-10,4060,4080,4020,4050,81516,186373
KOM21,2021-06-11,3859,3859,3859,3859,73569,183609
KOM21,2021-06-14,3559,3559,3559,3559,124780,184811
KON21,2021-06-15,3433,3649,3433,3642,87859,184287
KON21,2021-06-16,3590,3600,3510,3566,85225,183809
KON21,2021-06-17,3510,3573,3490,3549,97106,186562
KON21,2021-06-18,3457,3615,3434,3593,89696,191726
KON21,2021-06-21,3580,3608,3530,3565,65951,187644
KON21,2021-06-22,3605,3647,3550,3556,115241,180748
KON21,2021-06-23,3640,3708,3602,3615,71193,183260
KON21,2021-06-24,3593,3650,3565,3605,74634,184012
KON21,2021-06-25,3626,3707,3605,3702,54443,186310
KON21,2021-06-28,3620,3714,3620,3700,46537,186751
KON21,2021-06-29,3670,3766,3662,3750,66073,189184
KON21,2021-06-30,3823,3863,3780,3782,90419,193863
KON21,2021-07-01,3950,3950,3815,3842,59307,187383
KON21,2021-07-02,3840,3910,3825,3898,49807,184272
KON21,2021-07-05,3887,3980,3880,3972,57570,182144
KON21,2021-07-06,4020,4040,3946,3947,67825,184076
KON21,2021-07-07,3913,3943,3870,3936,78054,188547
KON21,2021-07-08,3910,3950,3895,3920,49781,190443
KON21,2021-07-09,4000,4020,4000,4020,58929,194606
KON21,2021-07-12,3985,4010,3985,3989,62599,191170
KON21,2021-07-13,4014,4050,4014,4048,72515,191515
KON21,2021-07-14,4100,4130,4042,4094,64793,190225
KOQ21,2021-07-15,4058,4244,4045,4238,65579,188811
KOQ21,2021-07-16,4227,4317,4205,4300,81288,188157
KOQ21,2021-07-19,4343,4343,4301,4339,65032,188094
KOQ21,2021-07-21,4370,4400,4300,4395,65111,188666
KOQ21,2021-07-22,4359,4450,4351,4432,53816,191371
KOQ21,2021-07-23,4440,4586,4440,4542,63393,195017
KOQ21,2021-07-26,4523,4658,4489,4630,65384,198228
KOQ21,2021-07-27,4665,4720,4630,4689,62519,197577
KOQ21,2021-07-28,4674,4699,4562,4590,46483,197606
KOQ21,2021-07-29,4640,4722,4640,4673,53764,199448
KOQ21,2021-07-30,4695,4740,4651,4656,56924,195097
KOQ21,2021-08-02,4490,4490,4430,4445,60852,194146
KOQ21,2021-08-03,4465,4495,4450,4489,66170,196480
KOQ21,2021-08-04,4480,4634,4480,4630,58018,199210
KOQ21,2021-08-05,4536,4551,4520,4526,57275,201531
KOQ21,2021-08-06,4515,4520,4450,4520,52958,199149
KOQ21,2021-08-09,4508,4520,4453,4453,49249,202858
KOQ21,2021-08-11,4506,4642,4506,4642,74316,201588
KOQ21,2021-08-12,4580,4655,4580,4584,51089,196575
KOU21,2021-08-13,4557,4616,4516,4610,51650,192735
KOU21,2021-08-16,4647,4715,4635,4663,60983,194645
KOU21,2021-08-17,4710,4740,4589,4635,61377,195330
KOU21,2021-08-18,4555,4592,4524,4552,63392,197036
KOU21,2021-08-19,4570,4616,4492,4505,89353,201715
KOU21,2021-08-20,4500,4550,4448,4514,64074,198375
KOU21,2021-08-23,4419,4590,4419,4552,60774,199124
KOU21,2021-08-24,4500,4560,4500,4529,58245,200848
KOU21,2021-08-25,4555,4597,4525,4589,64662,202066
KOU21,2021-08-26,4595,4619,4540,4599,54513,199414
KOU21,2021-08-27,4550,4600,4550,4560,54196,196873
KOU21,2021-08-30,4581,4595,4487,4500,46503,191708
KOU21,2021-09-01,4441,4538,4441,4448,54450,245368
KOU21,2021-09-02,4428,4500,4420,4478,68326,256759
KOU21,2021-09-03,4550,4580,4546,4550,50827,240827
KOU21,2021-09-06,4541,4595,4540,4552,44360,235131
KOU21,2021-09-07,4540,4625,4538,4625,76798,267362
KOU21,2021-09-08,4630,4769,4630,4720,76798,193669
KOU21,2021-09-09,4660,4700,4650,4650,49586,254743
KOU21,2021-09-10,4620,4630,4550,4574,64026,196985
KOU21,2021-09-13,4610,4670,4590,4617,45906,244619
KOU21,2021-09-14,4600,4680,4600,4631,49390,193424
KOV21,2021-09-15,4532,4582,4515,4567,49688,272628
KOV21,2021-09-17,4550,4550,4445,4518,82384,240060
KOV21,2021-09-20,4430,4495,4400,4443,47117,188854
KOV21,2021-09-21,4400,4473,4400,4470,57597,188977
KOV21,2021-09-22,4500,4598,4500,4579,56798,190315
KOV21,2021-09-23,4608,4670,4580,4658,62184,189663
KOV21,2021-09-24,4648,4705,4638,4665,37830,189692
KOV21,2021-09-27,4700,4707,4600,4629,43537,189495
KOV21,2021-09-28,4600,4710,4576,4688,48084,189939
KOV21,2021-09-29,4657,4735,4630,4710,43728,190968
KOV21,2021-09-30,4760,4848,4739,4833,58937,186248
KOV21,2021-10-01,4791,4810,4747,4751,43913,182933
KOV21,2021-10-04,4781,4845,4781,4838,42868,184836
KOV21,2021-10-05,4851,5000,4850,4975,75197,185031
KOV21,2021-10-06,5019,5096,5019,5067,63039,186063
KOV21,2021-10-07,5010,5037,5000,5036,42538,193506
KOV21,2021-10-08,5036,5152,5009,5152,0,191359
KOV21,2021-10-11,5135,5170,5122,5155,48915,192136
KOV21,2021-10-12,5084,5146,5080,5096,54524,193922
KOV21,2021-10-13,5150,5259,5150,5259,78831,194777
KOV21,2021-10-14,5145,5160,5120,5160,56058,193184
KOX21,2021-10-15,5042,5140,5017,5099,68243,195147
KOX21,2021-10-18,5094,5180,5094,5175,60350,191564
KOX21,2021-10-20,5190,5315,5188,5300,63933,190934
KOX21,2021-10-21,5408,5440,5175,5209,79139,192849
KOX21,2021-10-22,5095,5189,5070,5188,0,192850
KOX21,2021-10-25,5240,5290,5223,5244,46306,193121
KOX21,2021-10-26,5315,5336,5250,5323,57285,193977
KOX21,2021-10-27,5259,5320,5250,5300,54870,192949
KOX21,2021-10-28,5204,5310,5180,5310,58371,190138
KOX21,2021-10-29,5360,5440,5360,5402,59676,190000
KOX21,2021-11-01,5400,5420,5320,5396,55937,188974
KOX21,2021-11-02,5415,5415,5340,5400,67977,186976
KOX21,2021-11-03,5400,5475,5400,5446,66053,194445
KOX21,2021-11-05,5336,5356,5316,5319,57383,197829
KOX21,2021-11-08,5254,5345,5254,5329,49644,200993
KOX21,2021-11-09,5220,5260,5200,5260,88998,203782
KOX21,2021-11-10,5286,5400,5280,5398,73214,206865
KOX21,2021-11-11,5365,5410,5338,5360,87913,206586
KOX21,2021-11-12,5420,5430,5375,5405,55454,204057
KOZ21,2021-11-15,5209,5250,5143,5227,46993,207696
KOZ21,2021-11-16,5288,5310,5236,5245,53333,209902
KOZ21,2021-11-17,5306,5335,5267,5325,69411,205887
KOZ21,2021-11-18,5311,5459,5281,5446,67046,201870
KOZ21,2021-11-19,5435,5500,5435,5437,56242,199106
KOZ21,2021-11-22,5380,5403,5350,5396,37905,199325
KOZ21,2021-11-23,5437,5442,5286,5289,55633,197945
KOZ21,2021-11-24,5345,5355,5284,5344,59348,197583
KOZ21,2021-11-25,5345,5385,5330,5335,44867,191257
KOZ21,2021-11-26,5332,5332,5255,5269,42964,192854
KOZ21,2021-11-29,5315,5350,5250,5282,63993,192561
KOZ21,2021-11-30,5188,5285,5140,5188,95545,193252
KOZ21,2021-12-01,5217,5250,5209,5225,55391,193252
KOZ21,2021-12-02,5217,5217,5125,5175,63704,191567
KOZ21,2021-12-06,5300,5300,5218,5241,65540,194491
KOZ21,2021-12-07,5250,5320,5250,5305,58909,192379
KOZ21,2021-12-08,5250,5270,5200,5255,55880,194368
KOZ21,2021-12-09,5250,5293,5204,5210,65933,191832
KOZ21,2021-12-10,5210,5266,5180,5242,50066,0
KOZ21,2021-12-13,5250,5274,5218,5238,65883,199518
KOZ21,2021-12-14,5230,5230,5128,5152,65366,199577
KOF22,2021-12-15,4966,4966,4655,4755,111390,205320
KOF22,2021-12-16,4763,4916,4736,4877,77965,206588
KOF22,2021-12-17,4918,5010,4870,4879,58467,0
KOF22,2021-12-20,4878,4878,4755,4757,47538,211127
KOF22,2021-12-21,4830,4865,4820,4853,44104,213999
KOF22,2021-12-22,4865,4966,4863,4931,42612,215020
KOF22,2021-12-23,4950,4984,4937,4962,45243,210850
KOF22,2021-12-24,4958,5125,4955,5121,49355,0
KOF22,2021-12-27,5130,5149,5079,5085,31725,210577
KOF22,2021-12-28,5120,5255,5100,5217,45213,213037
KOF22,2021-12-29,5200,5200,5130,5157,44324,211310
KOF22,2021-12-30,5175,5190,5128,5150,41563,208681
KOF22,2021-12-31,5140,5180,5136,5159,35069,0
KOF22,2022-01-03,5260,5300,5258,5259,51935,211636
KOF22,2022-01-04,5217,5320,5217,5308,50130,217858
KOF22,2022-01-05,5361,5446,5350,5437,56651,216676
KOF22,2022-01-06,5434,5449,5309,5387,53408,209334
KOF22,2022-01-07,5397,5415,5330,5330,0,0
KOF22,2022-01-10,5333,5430,5302,5366,56577,209492
KOF22,2022-01-11,5250,5300,5250,5300,52261,207697
KOF22,2022-01-12,5300,5314,5240,5260,57239,211529
KOF22,2022-01-13,5300,5330,5300,5330,65254,268508
KOG22,2022-01-14,5315,5315,5220,5276,68008,201365
KOG22,2022-01-17,5260,5324,5232,5320,68914,210484
KOG22,2022-01-19,5426,5467,5340,5353,79828,214167
KOG22,2022-01-20,5365,5420,5365,5400,85660,267885
KOG22,2022-01-21,5399,5510,5387,5504,61797,220995
KOG22,2022-01-24,5500,5550,5413,5438,75794,218372
KOG22,2022-01-25,5430,5455,5395,5454,57979,222806
KOG22,2022-01-26,5434,5520,5434,5506,41163,217053
KOG22,2022-01-27,5550,5664,5550,5613,73815,281952
KOG22,2022-01-28,5653,5810,5598,5803,74419,208522
KOG22,2022-01-31,5840,5840,5770,5785,18613,209422
KOG22,2022-02-03,5680,5730,5675,5714,41554,254448
KOG22,2022-02-04,5740,5780,5740,5779,49769,208864
KOG22,2022-02-07,5760,5765,5600,5652,81157,216896
KOG22,2022-02-08,5550,5566,5495,5566,102772,221620
KOG22,2022-02-09,5455,5768,5455,5765,115016,215869
KOG22,2022-02-10,5737,5760,5737,5740,73159,272630
KOG22,2022-02-11,5830,5830,5800,5800,72203,211073
KOG22,2022-02-14,5870,5999,5870,5935,67606,221263
KOH22,2022-02-15,5845,5965,5803,5869,71551,215244
KOH22,2022-02-16,5842,5910,5762,5830,68391,212558
KOH22,2022-02-17,5854,5970,5807,5967,86639,264610
KOH22,2022-02-18,6000,6075,5986,6008,63066,207978
KOH22,2022-02-21,6100,6200,6100,6177,53089,212259
KOH22,2022-02-22,6160,6357,6160,6354,63594,208959
KOH22,2022-02-23,6275,6530,6274,6506,82332,214151
KOH22,2022-02-24,6520,7093,6520,7087,103519,312771
KOH22,2022-02-25,6993,6993,6600,6718,120005,201650
KOH22,2022-02-28,6890,7530,6890,7451,72262,202610
KOH22,2022-03-01,7365,8170,7365,8163,81261,187779
KOH22,2022-03-02,8200,8757,7780,7821,112858,185692
KOH22,2022-03-03,8000,8000,7350,7450,72160,248821
KOH22,2022-03-04,7300,7300,6724,6780,69476,190017
KOH22,2022-03-07,7000,7225,6950,7225,41113,191093
KOH22,2022-03-08,7000,7100,6985,7003,59947,193652
KOH22,2022-03-09,7003,7800,7003,7621,62766,193120
KOH22,2022-03-10,7700,7720,7665,7680,56833,242249
KOH22,2022-03-11,7525,7542,7365,7365,60149,199606
KOH22,2022-03-14,7000,7000,6900,6986,79440,201625
KOJ22,2022-03-15,6760,6949,6567,6690,71348,208785
KOJ22,2022-03-16,6743,6900,6685,6899,57754,195918
KOJ22,2022-03-17,6901,6901,6215,6553,81908,250013
KOJ22,2022-03-18,6571,6749,6105,6116,62181,196309
KOJ22,2022-03-21,6188,6400,6151,6250,50180,198279
KOJ22,2022-03-22,6322,6472,6304,6471,57172,199195
KOJ22,2022-03-23,6450,6710,6440,6704,52051,196409
KOJ22,2022-03-24,6772,6810,6496,6514,67988,240695
KOJ22,2022-03-25,6570,6619,6500,6616,53619,192077
KOJ22,2022-03-28,6629,6630,6560,6579,28246,197180
KOJ22,2022-03-29,6522,6670,6445,6631,47010,190304
KOJ22,2022-03-30,6509,6600,6468,6538,42155,197142
KOJ22,2022-03-31,6495,6513,6353,6391,49593,261309
KOJ22,2022-04-01,6353,6383,6177,6363,73240,192277
KOJ22,2022-04-04,6380,6425,6321,6367,42703,192531
KOJ22,2022-04-05,6391,6600,6391,6581,33848,195610
KOJ22,2022-04-06,6445,6699,6445,6664,51750,193495
KOJ22,2022-04-07,6582,6658,6530,6610,53684,232327
KOJ22,2022-04-08,6590,6700,6540,6681,44185,198430
KOJ22,2022-04-11,6700,6800,6700,6765,56410,198835
KOJ22,2022-04-12,6800,6890,6800,6890,49506,203364
KOJ22,2022-04-13,6780,6833,6780,6833,62625,203076
KOJ22,2022-04-14,6900,6900,6810,6820,63337,231959
KOK22,2022-04-15,6557,6710,6550,6682,36387,195068
KOK22,2022-04-18,6701,6868,6691,6858,57379,204670
KOK22,2022-04-20,6900,6923,6720,6781,79287,205013
KOK22,2022-04-21,6797,6850,6797,6808,53389,262267
KOK22,2022-04-22,6750,6910,6726,6871,63888,208212
KOK22,2022-04-25,7020,7500,6820,6972,103567,212034
KOK22,2022-04-26,6997,7100,6997,7079,58440,220455
KOK22,2022-04-27,7160,7757,7080,7757,81310,211356
KOK22,2022-04-28,7390,7650,7345,7496,71751,272874
KOK22,2022-04-29,7470,7817,7470,7683,68126,214747
KOK22,2022-05-02,7683,7683,7683,7683,0,0
KOK22,2022-05-05,7473,7473,7380,7382,53218,292567
KOK22,2022-05-06,7348,7348,6945,7058,90419,211762
KOK22,2022-05-09,7050,7100,7000,7035,39272,216523
KOK22,2022-05-10,6950,7000,6900,6953,49942,209865
KOK22,2022-05-11,6920,7204,6908,7153,60802,209307
KOK22,2022-05-12,6950,6999,6910,6990,68359,243308
KOM22,2022-05-13,6689,6800,6655,6682,43588,211081
KOM22,2022-05-16,6682,6682,6682,6682,0,0
KOM22,2022-05-17,6719,6730,6566,6664,49005,215523
KOM22,2022-05-18,6703,6731,6655,6694,43468,219720
KOM22,2022-05-19,6705,6715,6575,6647,62323,315480
KOM22,2022-05-20,6525,6880,6400,6689,114443,210489
KOM22,2022-05-23,6705,6840,6703,6834,41866,211452
KOM22,2022-05-24,6825,7100,6805,7054,73936,211023
KOM22,2022-05-25,7065,7065,6922,6960,64538,210526
KOM22,2022-05-26,6934,7128,6871,7087,65707,279921
KOM22,2022-05-27,7047,7230,6877,6879,78833,211737
KOM22,2022-05-30,6830,6854,6700,6710,67647,213672
KOM22,2022-05-31,6784,6830,6536,6607,66860,215227
KOM22,2022-06-01,6600,6675,6580,6646,54079,211260
KOM22,2022-06-02,6700,6808,6690,6748,63441,259763
KOM22,2022-06-03,6885,6885,6665,6704,55596,214018
KOM22,2022-06-06,6704,6704,6704,6704,0,0
KOM22,2022-06-07,6750,6813,6750,6760,47924,217765
KOM22,2022-06-08,6700,6740,6700,6740,60707,222672
KOM22,2022-06-09,6846,6846,6580,6590,68899,291434
KOM22,2022-06-10,6600,6640,6281,6281,78138,233187
KOM22,2022-06-13,6044,6150,6044,6130,74843,235538
KOM22,2022-06-14,6100,6219,6099,6154,68139,233665
KON22,2022-06-15,5982,6025,5731,5778,88354,226350
KON22,2022-06-16,5795,5865,5582,5683,86687,298491
KON22,2022-06-17,5663,5695,5566,5679,79016,229909
KON22,2022-06-20,5460,5495,5242,5261,94374,225210
KON22,2022-06-21,5186,5348,5114,5210,84565,234914
KON22,2022-06-22,5175,5211,4682,4688,90728,236745
KON22,2022-06-23,4740,4896,4660,4870,91214,292183
KON22,2022-06-24,4899,5005,4683,4798,76154,218258
KON22,2022-06-27,4887,5105,4833,5049,54371,217266
KON22,2022-06-28,5014,5201,4959,5159,63130,214629
KON22,2022-06-29,5125,5134,5037,5069,52249,222851
KON22,2022-06-30,5101,5148,5050,5088,53058,300599
KON22,2022-07-01,5001,5001,4737,4886,95855,218375
KON22,2022-07-04,4812,4812,4401,4460,70325,217437
KON22,2022-07-05,4497,4497,4197,4199,79014,220756
KON22,2022-07-06,3900,4073,3850,4073,118957,209588
KON22,2022-07-07,3946,4129,3946,4129,97553,291107
KON22,2022-07-08,4340,4340,4137,4137,91485,213009
KON22,2022-07-11,4137,4137,4137,4137,0,0
KON22,2022-07-12,4120,4121,4120,4121,52772,216859
KON22,2022-07-13,4090,4090,3850,3850,88714,217882
KON22,2022-07-14,3850,3850,3643,3643,113845,293423
KOQ22,2022-07-15,3603,3700,3471,3561,91192,214092
KOQ22,2022-07-18,3688,3913,3648,3887,79958,214988
KOQ22,2022-07-19,3992,4018,3779,3799,82457,211952
KOQ22,2022-07-20,3795,3984,3795,3913,70672,212089
KOQ22,2022-07-21,3904,3921,3680,3707,62668,264060
KOQ22,2022-07-22,3725,3799,3667,3727,63792,208603
KOQ22,2022-07-25,3728,3837,3696,3706,53868,210145
KOQ22,2022-07-26,3800,3956,3794,3860,69358,207745
KOQ22,2022-07-27,3751,3935,3750,3907,81411,215234
KOQ22,2022-07-28,3911,4096,3911,4030,75707,277343
KOQ22,2022-07-29,4050,4360,4050,4355,75772,206693
KOQ22,2022-08-01,4100,4174,4073,4093,75083,205126
KOQ22,2022-08-02,3941,4020,3941,3943,63025,207997
KOQ22,2022-08-03,4042,4070,3985,3985,57432,206705
KOQ22,2022-08-04,3930,3940,3909,3940,86615,252631
KOQ22,2022-08-05,4000,4020,4000,4020,54468,204852
KOQ22,2022-08-08,4100,4140,4100,4135,48345,198263
KOQ22,2022-08-09,4170,4180,4170,4170,59291,201599
KOQ22,2022-08-10,4134,4192,4134,4191,43072,201902
KOQ22,2022-08-11,4210,4300,4192,4300,47459,275719
KOQ22,2022-08-12,4300,4432,4300,4432,85631,193274
KOQ22,2022-08-15,4331,4331,4331,4331,57949,189929
KOU22,2022-08-17,4195,4221,4117,4166,47322,193727
KOU22,2022-08-18,4114,4130,4049,4059,58743,243500
KOU22,2022-08-19,4090,4189,4070,4090,58005,186711
KOU22,2022-08-22,4250,4250,4140,4163,47905,189190
KOU22,2022-08-23,4138,4236,4111,4227,74769,189263
KOU22,2022-08-24,4219,4330,4092,4290,85006,187073
KOU22,2022-08-25,4304,4305,4212,4239,46075,226378
KOU22,2022-08-26,4240,4280,4141,4149,46565,190025
KOU22,2022-08-29,4162,4180,4074,4077,57076,185767
KOU22,2022-08-30,4090,4100,3985,4003,74400,192570
KOU22,2022-09-01,4000,4030,3860,3860,52081,240683
KOU22,2022-09-02,3910,3910,3793,3830,54177,196824
KOU22,2022-09-05,3820,3859,3815,3822,41418,205081
KOU22,2022-09-06,3815,3815,3705,3705,49687,209202
KOU22,2022-09-07,3625,3630,3600,3600,98667,216348
KOU22,2022-09-08,3450,3481,3438,3438,89875,261706
KOU22,2022-09-09,3500,3500,3500,3500,63161,204353
KOU22,2022-09-12,3530,3550,3530,3550,46948,211320
KOU22,2022-09-13,3680,3759,3680,3759,66572,211176
KOU22,2022-09-14,3560,3750,3560,3700,68507,264108
KOV22,2022-09-15,3747,3770,3615,3659,63225,217149
KOV22,2022-09-19,3722,3770,3586,3606,74304,213925
KOV22,2022-09-20,3614,3720,3560,3676,62536,213308
KOV22,2022-09-21,3653,3840,3626,3807,69003,212570
KOV22,2022-09-22,3722,3805,3722,3761,48274,257165
KOV22,2022-09-23,3768,3768,3668,3673,57047,208359
KOV22,2022-09-26,3550,3566,3372,3481,71735,203840
KOV22,2022-09-27,3456,3510,3405,3463,60719,205877
KOV22,2022-09-28,3464,3479,3143,3144,94383,207943
KOV22,2022-09-29,3214,3321,3186,3278,79753,254209
KOV22,2022-09-30,3330,3357,3300,3327,59103,206249
KOV22,2022-10-03,3307,3320,3300,3320,36248,210580
KOV22,2022-10-04,3347,3501,3347,3501,53024,211023
KOV22,2022-10-05,3620,3620,3509,3532,60388,211659
KOV22,2022-10-06,3625,3650,3585,3589,52593,259248
KOV22,2022-10-07,3593,3631,3560,3630,56895,210982
KOV22,2022-10-11,3540,3540,3484,3484,64895,204812
KOV22,2022-10-12,3523,3523,3523,3523,62983,218658
KOV22,2022-10-13,3550,3550,3530,3530,63491,282817
KOX22,2022-10-14,3545,3843,3545,3786,79260,219431
KOX22,2022-10-17,3778,3813,3692,3801,63395,222280
KOX22,2022-10-18,3841,3994,3806,3933,106611,223169
KOX22,2022-10-19,4002,4063,3934,4021,101998,223822
KOX22,2022-10-20,4001,4077,3964,3995,95386,263596
KOX22,2022-10-21,4003,4041,3920,3979,59312,263596
KOX22,2022-10-24,3979,3979,3979,3979,0,0
KOX22,2022-10-25,4062,4095,3958,3964,77311,215228
KOX22,2022-10-26,3930,4026,3853,3904,87805,211719
KOX22,2022-10-27,3933,4030,3919,3924,69322,282939
KOX22,2022-10-28,3903,3903,3750,3826,86174,214448
KOX22,2022-10-31,3915,3968,3795,3858,69559,208682
KOX22,2022-11-01,3858,4081,3858,4048,86724,210935
KOX22,2022-11-02,4091,4228,4082,4193,65390,209138
KOX22,2022-11-03,4200,4226,4120,4153,64084,259492
KOX22,2022-11-04,4200,4230,4127,4182,60339,201461
KOX22,2022-11-07,4200,4270,4176,4260,45951,205442
KOX22,2022-11-08,4190,4260,4190,4254,63820,209227
KOX22,2022-11-09,4200,4207,4120,4145,78733,208096
KOX22,2022-11-10,4142,4142,4020,4109,71305,268534
KOX22,2022-11-11,4187,4187,4187,4187,72433,208899
KOX22,2022-11-14,3993,3993,3987,3987,69176,210597
KOZ22,2022-11-15,4010,4050,3898,3920,71473,221840
KOZ22,2022-11-16,3957,3974,3885,3907,50796,286880
KOZ22,2022-11-17,3900,3900,3746,3791,59509,205062
KOZ22,2022-11-21,3796,3854,3750,3815,65003,204996
KOZ22,2022-11-22,3835,3960,3776,3949,62237,207904
KOZ22,2022-11-23,3976,4050,3917,4036,56633,207154
KOZ22,2022-11-24,4000,4105,3985,3989,45971,207880
KOZ22,2022-11-25,4047,4075,3973,4060,66213,206645
KOZ22,2022-11-28,4060,4060,4060,4060,0,0
KOZ22,2022-11-29,4123,4174,4092,4098,58947,205286
KOZ22,2022-11-30,4120,4145,4070,4099,97100,208929
KOZ22,2022-12-01,4072,4080,3980,3996,86268,211607
KOZ22,2022-12-02,4020,4020,3900,3905,69571,211701
KOZ22,2022-12-05,3890,3925,3865,3903,92531,217977
KOZ22,2022-12-06,3825,4040,3820,4039,72148,218069
KOZ22,2022-12-07,4020,4020,3890,3911,66998,214832
KOZ22,2022-12-08,3960,3960,3860,3886,51538,214515
KOZ22,2022-12-09,3900,3924,3900,3924,101639,219040
KOZ22,2022-12-12,3780,3780,3678,3678,79021,215407
KOZ22,2022-12-13,3826,3826,3826,3826,67586,213059
KOZ22,2022-12-14,3850,3900,3850,3885,44680,212069
KOF23,2022-12-15,3909,3947,3838,3841,50147,212841
KOF23,2022-12-16,3854,3950,3829,3863,29040,210328
KOF23,2022-12-19,3904,3920,3855,3882,49891,211516
KOF23,2022-12-20,3890,3931,3813,3839,50451,208999
KOF23,2022-12-21,3821,3935,3819,3914,45818,208492
KOF23,2022-12-22,3925,3939,3818,3863,62801,207324
KOF23,2022-12-23,3822,3833,3791,3802,55945,204103
KOF23,2022-12-26,3802,3802,3802,3802,0,0
KOF23,2022-12-27,3950,4085,3950,4065,38728,200536
KOF23,2022-12-28,4060,4102,4042,4069,31639,200064
KOF23,2022-12-29,4043,4086,4000,4078,56749,200198
KOF23,2022-12-30,4095,4225,4060,4171,50680,202351
KOF23,2023-01-02,4171,4171,4171,4171,0,0
KOF23,2023-01-03,4150,4265,4150,4265,61364,201259
KOF23,2023-01-04,4223,4240,4161,4210,59347,198939
KOF23,2023-01-05,4168,4168,4070,4080,48553,199856
KOF23,2023-01-06,4081,4098,3934,3981,65380,198402
KOF23,2023-01-09,3955,4020,3895,4020,82358,197336
KOF23,2023-01-10,3868,3910,3815,3887,63696,194922
KOF23,2023-01-11,3815,3823,3800,3823,54872,193263
KOF23,2023-01-12,3800,3823,3800,3823,66525,191732
KOG23,2023-01-13,3899,3908,3828,3833,0,0
KOG23,2023-01-16,3888,3890,3841,3846,52046,188433
KOG23,2023-01-17,3847,3860,3781,3790,59438,187740
KOG23,2023-01-18,3816,3884,3805,3859,43368,183750
KOG23,2023-01-19,3864,3907,3850,3887,40902,179235
KOG23,2023-01-20,3876,3932,3858,3885,65915,180818
KOG23,2023-01-23,3885,3885,3885,3885,0,0
KOG23,2023-01-25,3806,3812,3720,3754,34331,176141
KOG23,2023-01-26,3760,3809,3729,3778,54207,174782
KOG23,2023-01-27,3783,3880,3783,3874,57903,170106
KOG23,2023-01-30,3950,3955,3840,3850,55797,172190
KOG23,2023-01-31,3859,3860,3700,3720,56508,172624
KOG23,2023-02-02,3680,3698,3620,3652,54465,168241
KOG23,2023-02-03,3650,3725,3640,3725,59876,165241
KOG23,2023-02-06,3725,3725,3725,3725,0,0
KOG23,2023-02-07,3817,3850,3805,3818,69515,160570
KOG23,2023-02-08,3822,3900,3815,3820,46495,156632
KOG23,2023-02-09,3860,3861,3806,3832,59460,159313
KOG23,2023-02-10,3807,3900,3783,3806,40414,154970
KOG23,2023-02-13,3886,3910,3810,3850,51235,154697
KOG23,2023-02-14,3918,3920,3884,3884,49472,156745
KOH23,2023-02-15,3915,3945,3870,3914,79332,159276
KOH23,2023-02-16,3923,4050,3899,4030,62494,159937
KOH23,2023-02-17,4055,4122,4055,4095,50555,159005
KOH23,2023-02-20,4110,4150,4099,4121,41170,160190
KOH23,2023-02-21,4150,4150,4080,4097,60727,163364
KOH23,2023-02-22,4106,4175,4092,4099,59724,166605
KOH23,2023-02-23,4140,4191,4120,4190,61682,167171
KOH23,2023-02-24,4183,4210,4145,4156,52590,165425
KOH23,2023-02-27,4138,4191,4109,4184,53704,165551
KOH23,2023-02-28,4145,4156,4111,4113,47502,165405
KOH23,2023-03-01,4123,4174,4120,4146,85900,169369
KOH23,2023-03-02,4210,4300,4210,4270,49640,169194
KOH23,2023-03-03,4301,4325,4270,4318,34581,171788
KOH23,2023-03-06,4246,4260,4246,4250,41243,171692
KOH23,2023-03-07,4246,4282,4190,4199,49639,172296
KOH23,2023-03-08,4218,4227,4173,4175,56022,171430
KOH23,2023-03-09,4194,4194,4160,4166,65195,170198
KOH23,2023-03-10,4185,4185,4127,4170,83904,169142
KOH23,2023-03-13,4110,4139,4110,4139,74942,171434
KOH23,2023-03-14,4103,4103,4103,4103,61745,171746
KOJ23,2023-03-15,4065,4108,4056,4059,77867,176360
KOJ23,2023-03-16,4006,4092,4000,4083,61040,180023
KOJ23,2023-03-17,4083,4154,4044,4071,75104,188161
KOJ23,2023-03-20,4035,4035,3918,3935,72326,189035
KOJ23,2023-03-21,3964,4006,3915,3937,92687,193860
KOJ23,2023-03-22,3949,3962,3803,3835,75152,195586
KOJ23,2023-03-23,3842,3847,3737,3750,113211,193764
KOJ23,2023-03-24,3760,3869,3695,3751,67629,191213
KOJ23,2023-03-27,3783,3889,3762,3884,76601,192213
KOJ23,2023-03-28,3896,4013,3880,4011,48311,192245
KOJ23,2023-03-29,3990,4034,3958,4030,58441,191616
KOJ23,2023-03-30,4015,4112,4010,4112,54161,191586
KOJ23,2023-03-31,4125,4132,4010,4058,53809,193660
KOJ23,2023-04-03,4122,4175,4105,4169,51581,191867
KOJ23,2023-04-04,4215,4242,4207,4242,72890,193266
KOJ23,2023-04-05,4190,4206,4190,4205,53406,193142
KOJ23,2023-04-06,4232,4245,4189,4191,63875,196321
KOJ23,2023-04-07,4226,4231,4178,4220,77330,196349
KOJ23,2023-04-10,4218,4349,4214,4327,73947,196328
KOJ23,2023-04-11,4329,4344,4280,4280,86641,201404
KOJ23,2023-04-12,4200,4203,4170,4170,81845,203415
KOJ23,2023-04-13,4100,4100,4100,4100,67464,204264
KOK23,2023-04-14,3890,3949,3865,3911,51471,203128
KOK23,2023-04-17,3935,4016,3933,4014,81777,206508
KOK23,2023-04-18,4009,4181,4009,4140,71352,206400
KOK23,2023-04-19,4132,4183,4073,4097,70774,206956
KOK23,2023-04-20,4106,4130,4051,4110,71514,204938
KOK23,2023-04-25,4000,4084,3985,4081,59318,204842
KOK23,2023-04-26,4050,4074,4023,4061,87993,208432
KOK23,2023-04-27,4069,4080,4028,4045,110077,211155
KOK23,2023-04-28,4050,4190,3877,3937,52995,211332
KOK23,2023-05-01,3937,3937,3937,3937,0,0
KOK23,2023-05-02,3943,4020,3943,4016,51170,205268
KOK23,2023-05-03,4002,4025,3969,4019,96403,208213
KOK23,2023-05-05,4079,4100,4050,4070,84004,203324
KOK23,2023-05-08,4120,4120,4084,4084,106907,198148
KOK23,2023-05-09,4020,4084,4020,4050,88724,196221
KOK23,2023-05-10,4000,4030,3930,3930,63912,192780
KOK23,2023-05-11,3820,3820,3800,3800,63637,190520
KOK23,2023-05-12,3756,3843,3751,3843,65795,191064
KOK23,2023-05-15,3850,3850,3850,3850,72376,191642
KOM23,2023-05-19,3666,3735,3661,3725,36720,200124
KOM23,2023-05-22,3659,3698,3652,3673,62833,201300
KOM23,2023-05-23,3672,3701,3540,3551,69355,202825
KOM23,2023-05-24,3557,3579,3470,3527,67293,204646
KOM23,2023-05-25,3516,3581,3512,3565,66442,196403
KOM23,2023-05-26,3543,3620,3543,3590,35395,194795
KOM23,2023-05-29,3550,3592,3537,3585,66292,199614
KOM23,2023-05-30,3582,3584,3425,3430,94749,203361
KOM23,2023-05-31,3400,3400,3232,3255,59254,201568
KOM23,2023-06-01,3280,3320,3278,3320,46430,200482
KOM23,2023-06-02,3336,3435,3336,3416,62643,200226
KOM23,2023-06-05,3416,3416,3416,3416,0,0
KOM23,2023-06-06,3390,3460,3356,3356,49386,202668
KOM23,2023-06-07,3390,3422,3390,3411,58676,204973
KOM23,2023-06-08,3410,3410,3375,3375,65064,202198
KOM23,2023-06-09,3470,3492,3465,3478,45534,201117
KOM23,2023-06-12,3420,3426,3380,3382,60203,200725
KOM23,2023-06-13,3415,3460,3414,3441,73971,200825
KOM23,2023-06-14,3469,3545,3469,3478,54212,199663
KON23,2023-06-15,3501,3555,3467,3547,108120,203966
KON23,2023-06-16,3569,3825,3556,3785,67233,198854
KON23,2023-06-19,3805,3815,3744,3766,39703,192560
KON23,2023-06-20,3768,3800,3728,3737,62937,186684
KON23,2023-06-21,3735,3770,3588,3631,48318,180153
KON23,2023-06-22,3600,3650,3564,3582,48311,180428
KON23,2023-06-23,3562,3690,3562,3644,35003,180249
KON23,2023-06-26,3661,3739,3661,3739,53860,180696
KON23,2023-06-27,3733,3770,3685,3685,65142,180236
KON23,2023-06-28,3670,3798,3670,3751,58299,182483
KON23,2023-06-30,3815,3815,3751,3751,65435,183839
KON23,2023-07-03,3950,3950,3875,3945,59234,183959
KON23,2023-07-04,3890,3890,3815,3815,75841,182935
KON23,2023-07-05,3830,3845,3800,3800,75841,196910
KON23,2023-07-06,3800,3845,3800,3844,71110,181912
KON23,2023-07-07,3805,3805,3755,3757,40210,182834
KON23,2023-07-10,3750,3843,3747,3843,54897,185148
KON23,2023-07-11,3850,3850,3815,3815,38202,184232
KON23,2023-07-12,3839,3847,3811,3847,61304,189120
KON23,2023-07-13,3781,3786,3774,3786,75388,190758
KOQ23,2023-07-14,3853,3900,3780,3844,44494,189595
KOQ23,2023-07-17,3810,3894,3810,3885,57017,190504
KOQ23,2023-07-18,3850,3903,3826,3851,72773,194434
KOQ23,2023-07-19,3851,3851,3851,3851,0,0
KOQ23,2023-07-20,3900,4002,3900,3992,88360,194120
KOQ23,2023-07-21,3985,4020,3950,3993,73626,193810
KOQ23,2023-07-24,3938,4124,3906,4092,63523,193733
KOQ23,2023-07-25,4044,4089,3986,4000,81738,195506
KOQ23,2023-07-26,4015,4073,3960,3987,55340,196322
KOQ23,2023-07-27,3992,3992,3921,3922,64756,198531
KOQ23,2023-07-28,3884,3885,3830,3872,45191,201070
KOQ23,2023-07-31,3824,3829,3792,3792,53410,201424
KOQ23,2023-08-01,3804,3814,3773,3774,47788,199942
KOQ23,2023-08-02,3840,3840,3791,3816,59671,199199
KOQ23,2023-08-03,3795,3795,3745,3755,66687,196390
KOQ23,2023-08-04,3789,3801,3755,3782,57892,196477
KOQ23,2023-08-07,3781,3805,3684,3700,64535,195259
KOQ23,2023-08-08,3726,3726,3670,3676,56965,196375
KOQ23,2023-08-09,3670,3745,3670,3745,62430,199858
KOQ23,2023-08-10,3735,3760,3730,3740,47128,198125
KOQ23,2023-08-11,3720,3739,3707,3727,40181,193526
KOQ23,2023-08-14,3730,3733,3697,3697,80109,192841
KOU23,2023-08-15,3670,3805,3662,3759,49479,191412
KOU23,2023-08-16,3783,3824,3777,3815,53127,193376
KOU23,2023-08-17,3807,3899,3798,3894,62111,193505
KOU23,2023-08-18,3887,3934,3840,3854,41224,193666
KOU23,2023-08-21,3958,3958,3910,3922,44933,194779
KOU23,2023-08-22,3882,3907,3847,3857,51975,196043
KOU23,2023-08-23,3868,3876,3804,3812,69978,198424
KOU23,2023-08-24,3822,3875,3806,3815,62131,200992
KOU23,2023-08-25,3800,3860,3789,3860,44063,199274
KOU23,2023-08-28,3839,3839,3800,3800,52847,204864
KOU23,2023-08-29,3800,3815,3790,3801,65161,209007
KOU23,2023-08-30,3790,3866,3790,3860,46156,208791
KOU23,2023-09-01,3860,3915,3860,3910,37383,207561
KOU23,2023-09-04,3849,3880,3848,3873,54026,208642
KOU23,2023-09-05,3853,3870,3800,3800,69812,208790
KOU23,2023-09-06,3820,3820,3760,3760,42430,210214
KOU23,2023-09-07,3780,3780,3746,3750,66359,211259
KOU23,2023-09-08,3720,3730,3701,3730,78081,205695
KOU23,2023-09-11,3730,3730,3628,3628,90816,207774
KOU23,2023-09-12,3690,3690,3598,3598,82326,206016
KOU23,2023-09-13,3623,3650,3600,3635,61622,202451
KOU23,2023-09-14,3605,3660,3605,3660,53964,203441
KOV23,2023-09-15,3715,3756,3713,3729,56351,204411
KOV23,2023-09-18,3675,3747,3664,3678,74502,207847
KOV23,2023-09-19,3681,3701,3619,3700,74502,217004
KOV23,2023-09-20,3682,3694,3660,3662,83525,215059
KOV23,2023-09-21,3665,3665,3610,3648,62928,214965
KOV23,2023-09-22,3665,3665,3610,3647,50662,217966
KOV23,2023-09-25,3661,3690,3635,3675,63604,219840
KOV23,2023-09-26,3675,3675,3600,3618,81364,217378
KOV23,2023-09-27,3600,3702,3598,3678,68641,221984
KOV23,2023-09-29,3664,3742,3664,3689,53104,224186
KOV23,2023-10-02,3636,3667,3629,3645,45653,222038
KOV23,2023-10-03,3686,3686,3640,3644,40277,221966
KOV23,2023-10-04,3630,3670,3625,3646,82931,230457
KOV23,2023-10-05,3641,3641,3561,3566,71610,230705
KOV23,2023-10-06,3570,3585,3550,3562,44864,230599
KOV23,2023-10-09,3620,3621,3570,3577,64491,230125
KOV23,2023-10-10,3550,3556,3521,3541,95027,234302
KOV23,2023-10-11,3555,3585,3530,3530,92200,234450
KOV23,2023-10-12,3571,3618,3562,3618,62575,230163
KOX23,2023-10-13,3606,3716,3583,3714,63045,225695
KOX23,2023-10-16,3720,3742,3701,3735,71068,223913
KOX23,2023-10-17,3735,3760,3708,3739,57878,222625
KOX23,2023-10-18,3735,3790,3730,3769,58898,223598
KOX23,2023-10-19,3772,3796,3706,3726,67677,224055
KOX23,2023-10-20,3727,3727,3681,3716,43202,222092
KOX23,2023-10-23,3679,3708,3675,3692,74134,212102
KOX23,2023-10-24,3686,3686,3592,3606,68742,211404
KOX23,2023-10-25,3600,3612,3569,3606,66541,215447
KOX23,2023-10-26,3589,3695,3589,3671,45858,212089
KOX23,2023-10-27,3641,3694,3617,3675,47189,211928
KOX23,2023-10-30,3670,3670,3625,3625,63153,213479
KOX23,2023-10-31,3637,3637,3559,3564,49716,215846
KOX23,2023-11-01,3552,3610,3552,3601,66311,216743
KOX23,2023-11-02,3610,3675,3610,3658,47174,215228
KOX23,2023-11-03,3646,3680,3632,3632,44302,212598
KOX23,2023-11-06,3621,3661,3614,3635,64820,213350
KOX23,2023-11-07,3600,3616,3600,3603,46537,211253
KOX23,2023-11-08,3660,3663,3641,3642,39895,212522
KOX23,2023-11-09,3660,3660,3620,3620,53326,215538
KOX23,2023-11-10,3665,3685,3665,3673,63839,217397
KOX23,2023-11-13,3673,3673,3673,3673,0,0
KOX23,2023-11-14,3730,3759,3729,3759,83282,219171
KOZ23,2023-11-15,3829,3904,3828,3898,68577,214906
KOZ23,2023-11-16,3878,3915,3863,3869,59576,210160
KOZ23,2023-11-17,3850,3850,3788,3809,46966,208147
KOZ23,2023-11-20,3821,3829,3780,3803,51622,208339
KOZ23,2023-11-21,3827,3877,3817,3819,72186,210528
KOZ23,2023-11-22,3816,3881,3813,3851,49905,210424
KOZ23,2023-11-23,3830,3851,3820,3828,51353,211241
KOZ23,2023-11-24,3819,3820,3778,3782,35029,211391
KOZ23,2023-11-27,3780,3798,3744,3766,59502,210674
KOZ23,2023-11-28,3769,3790,3744,3756,56396,207183
KOZ23,2023-11-29,3743,3774,3710,3734,36006,206142
KOZ23,2023-11-30,3738,3761,3737,3754,59471,208661
KOZ23,2023-12-01,3685,3735,3685,3733,27351,208321
KOZ23,2023-12-04,3705,3705,3670,3678,68009,211963
KOZ23,2023-12-05,3686,3690,3612,3636,100049,216557
KOZ23,2023-12-06,3633,3636,3546,3602,71522,216188
KOZ23,2023-12-07,3540,3592,3530,3578,41141,214153
KOZ23,2023-12-08,3596,3640,3596,3600,46553,215539
KOZ23,2023-12-11,3650,3650,3605,3605,56334,216723
KOZ23,2023-12-12,3620,3620,3605,3608,57561,217271
KOZ23,2023-12-13,3580,3585,3580,3585,52313,219433
KOZ23,2023-12-14,3585,3601,3585,3601,49390,215935
KOF24,2023-12-15,3669,3678,3625,3654,50237,216045
KOF24,2023-12-18,3658,3705,3632,3687,57638,218704
KOF24,2023-12-19,3705,3725,3700,3701,46703,220305
KOF24,2023-12-20,3716,3738,3705,3719,48793,221033
KOF24,2023-12-21,3729,3750,3660,3674,36703,217514
KOF24,2023-12-22,3655,3679,3630,3677,21999,217402
KOF24,2023-12-26,3683,3700,3675,3699,43569,219536
KOF24,2023-12-27,3700,3722,3690,3700,42868,213487
KOF24,2023-12-28,3685,3695,3656,3657,51554,214704
KOF24,2023-12-29,3663,3675,3610,3662,48688,215342
KOF24,2024-01-02,3605,3643,3600,3633,83424,214637
KOF24,2024-01-03,3623,3662,3615,3651,43055,214362
KOF24,2024-01-04,3673,3686,3656,3684,58390,212004
KOF24,2024-01-05,3702,3715,3664,3690,43295,209554
KOF24,2024-01-08,3685,3689,3680,3680,76464,208094
KOF24,2024-01-09,3662,3700,3662,3692,86820,206008
KOF24,2024-01-10,3700,3742,3700,3712,95307,207276
KOF24,2024-01-11,3720,3740,3720,3740,83644,202342
KOF24,2024-01-12,3730,3780,3730,3780,66811,203333
KOG24,2024-01-15,3810,3843,3801,3803,96711,207056
KOG24,2024-01-16,3812,3905,3812,3879,80248,207016
KOG24,2024-01-17,3895,3902,3845,3855,63364,209502
KOG24,2024-01-18,3855,3940,3839,3929,0,0
KOG24,2024-01-19,3934,3978,3910,3962,71821,210844
KOG24,2024-01-22,3944,3959,3923,3928,35082,209926
KOG24,2024-01-23,3939,3994,3939,3963,60483,210359
KOG24,2024-01-24,3971,4000,3959,3997,64748,209735
KOG24,2024-01-26,3967,4036,3960,4019,74197,214451
KOG24,2024-01-29,3997,3997,3948,3951,62037,214979
KOG24,2024-01-30,3957,3968,3860,3868,93733,213781
KOG24,2024-01-31,3849,3875,3813,3814,72312,213617
KOG24,2024-02-02,3800,3806,3779,3788,69190,208948
KOG24,2024-02-05,3781,3828,3776,3822,52577,209612
KOG24,2024-02-06,3853,3866,3842,3863,64570,212608
KOG24,2024-02-07,3870,3930,3850,3930,68735,213967
KOG24,2024-02-08,3950,3950,3910,3917,73004,216832
KOG24,2024-02-09,3953,3955,3920,3920,52052,218313
KOG24,2024-02-13,3885,3930,3885,3930,72480,221665
KOG24,2024-02-14,3942,3995,3942,3995,72900,225884
KOH24,2024-02-15,4000,4006,3920,3927,66210,225284
KOH24,2024-02-16,3927,3938,3887,3910,60927,227927
KOH24,2024-02-19,3954,3988,3926,3963,45299,230273
KOH24,2024-02-20,3970,3999,3964,3978,53060,233386
KOH24,2024-02-21,3989,4020,3929,3971,101715,240043
KOH24,2024-02-22,3959,4000,3943,3954,70608,238958
KOH24,2024-02-23,3940,3980,3930,3969,48313,234976
KOH24,2024-02-26,3959,3993,3950,3987,47949,237902
KOH24,2024-02-27,3990,4033,3980,4021,71763,241314
KOH24,2024-02-28,4015,4045,3980,3983,55216,243724
KOH24,2024-02-29,3995,4035,3995,4025,64468,253387
KOH24,2024-03-01,4040,4048,4020,4024,55838,257308
KOH24,2024-03-04,4037,4037,4007,4017,31342,260208
KOH24,2024-03-05,4040,4052,4040,4049,51691,265960
KOH24,2024-03-06,4086,4145,4085,4142,57463,270182
KOH24,2024-03-07,4145,4145,4145,4145,75469,274598
KOH24,2024-03-08,4165,4222,4165,4181,89225,276573
KOH24,2024-03-11,4150,4208,4135,4208,64330,274991
KOH24,2024-03-12,4220,4231,4200,4200,78065,282025
KOH24,2024-03-13,4207,4245,4207,4245,94544,289409
KOH24,2024-03-14,4238,4394,4238,4330,117016,299190
KOJ24,2024-03-15,4337,4370,4312,4342,69433,291546
KOJ24,2024-03-18,4401,4404,4305,4326,80323,288019
KOJ24,2024-03-19,4332,4350,4286,4297,99194,294457
KOJ24,2024-03-20,4300,4393,4297,4364,101748,291127
KOJ24,2024-03-21,4376,4400,4334,4352,77218,287251
KOJ24,2024-03-22,4355,4381,4299,4307,74296,288214
KOJ24,2024-03-25,4322,4375,4284,4352,69993,289030
KOJ24,2024-03-26,4361,4382,4320,4332,47272,289462
KOJ24,2024-03-27,4330,4338,4250,4256,73849,287917
KOJ24,2024-03-29,4288,4328,4281,4325,36531,284711
KOJ24,2024-04-01,4360,4420,4351,4418,59947,287569
KOJ24,2024-04-02,4395,4467,4384,4464,64463,282362
KOJ24,2024-04-03,4508,4600,4505,4579,141691,283241
KOJ24,2024-04-04,4560,4591,4543,4577,80603,283789
KOJ24,2024-04-05,4548,4566,4531,4564,71980,268274
KOJ24,2024-04-08,4536,4540,4469,4514,67914,265695
KOJ24,2024-04-09,4520,4537,4514,4517,65843,266291
KOJ24,2024-04-12,4490,4591,4450,4498,66678,267644
KOK24,2024-04-15,4345,4360,4254,4277,90982,272031
KOK24,2024-04-16,4299,4299,4213,4214,92055,269440
KOK24,2024-04-17,4217,4230,4115,4159,122575,271380
KOK24,2024-04-18,4145,4172,4120,4125,77559,266188
KOK24,2024-04-19,4130,4165,4025,4056,97851,263873
KOK24,2024-04-22,4075,4096,4005,4078,65262,254188
KOK24,2024-04-23,4059,4143,4055,4073,72123,254196
KOK24,2024-04-24,4060,4111,4016,4040,66058,253400
KOK24,2024-04-25,4054,4054,3904,3958,117394,255102
KOK24,2024-04-26,3952,3986,3922,3931,65367,245831
KOK24,2024-04-29,3965,3990,3924,3949,45112,241305
KOK24,2024-04-30,3951,3965,3854,3862,84566,243746
KOK24,2024-05-02,3850,3895,3850,3895,48820,238389
KOK24,2024-05-03,3870,3895,3860,3890,40674,230394
KOK24,2024-05-06,3893,3920,3888,3909,39361,227559
KOK24,2024-05-07,3912,3960,3912,3960,70166,221326
KOK24,2024-05-08,3961,3968,3936,3957,87832,220803
KOK24,2024-05-09,3920,3923,3900,3923,48976,220917
KOK24,2024-05-10,3825,3865,3820,3853,68017,220693
KOK24,2024-05-13,3925,3940,3900,3908,57439,219787
KOK24,2024-05-14,3927,3945,3800,3800,71698,212654
KOM24,2024-05-15,3828,3891,3796,3872,82423,210898
KOM24,2024-05-16,3865,3882,3809,3823,52596,205361
KOM24,2024-05-17,3834,3915,3834,3895,67458,204710
KOM24,2024-05-20,3915,3929,3878,3905,52100,199664
KOM24,2024-05-21,3901,3939,3831,3836,74486,201632
KOM24,2024-05-23,3845,3899,3845,3853,64859,202777
KOM24,2024-05-24,3879,3903,3865,3872,58543,202898
KOM24,2024-05-27,3900,3900,3850,3865,44726,203499
KOM24,2024-05-28,3869,3959,3869,3951,64075,203978
KOM24,2024-05-29,3963,4033,3950,4028,82184,206453
KOM24,2024-05-30,4010,4016,3975,3987,95619,212347
KOM24,2024-05-31,4030,4078,4030,4069,90558,219011
KOM24,2024-06-04,3912,3948,3875,3881,88393,220556
KOM24,2024-06-05,3885,3911,3855,3868,66354,215951
KOM24,2024-06-06,3890,3960,3890,3935,54591,215636
KOM24,2024-06-07,3966,4017,3943,3953,63128,214980
KOM24,2024-06-10,3953,3980,3922,3931,31690,215918
KOM24,2024-06-11,3930,3975,3892,3931,72838,215452
KOM24,2024-06-12,3981,4001,3962,3962,63118,216667
KOM24,2024-06-13,3970,4000,3934,3934,67837,218681
KON24,2024-06-14,3930,3980,3910,3961,232,0
KON24,2024-06-18,3951,3961,3917,3937,81421,229789
KON24,2024-06-19,3945,3976,3932,3959,52256,219156
KON24,2024-06-20,3970,3985,3936,3980,48882,218166
KON24,2024-06-21,3980,3980,3916,3930,58712,215347
KON24,2024-06-24,3908,3956,3900,3937,40082,211737
KON24,2024-06-25,3933,3933,3891,3897,65240,211517
KON24,2024-06-26,3902,3937,3879,3926,58236,206042
KON24,2024-06-27,3913,3969,3910,3945,59948,204700
KON24,2024-06-28,3955,3994,3955,3976,64244,203691
KON24,2024-07-01,4032,4060,4021,4024,59294,210848
KON24,2024-07-02,4070,4145,4068,4140,78058,218410
KON24,2024-07-03,4100,4140,4100,4133,75698,222349
KON24,2024-07-04,4130,4155,4110,4117,63312,228811
KON24,2024-07-05,4101,4120,4070,4088,51843,233507
KON24,2024-07-09,4013,4030,4010,4015,81428,235174
KON24,2024-07-10,3999,4000,3950,3998,107394,229364
KON24,2024-07-11,4000,4009,3995,4005,49595,225937
KON24,2024-07-12,3988,4000,3970,3970,62285,221682
KOQ24,2024-07-15,3905,3960,3905,3921,50012,223188
KOQ24,2024-07-16,3911,3990,3904,3966,55822,220707
KOQ24,2024-07-17,3952,4029,3951,3977,59127,218883
KOQ24,2024-07-18,4000,4007,3952,3985,58517,221883
KOQ24,2024-07-19,3976,4017,3966,4013,34462,216920
KOQ24,2024-07-22,4011,4048,4011,4035,49963,217947
KOQ24,2024-07-23,4030,4057,4000,4012,47003,217401
KOQ24,2024-07-24,4021,4040,3968,3992,71404,221901
KOQ24,2024-07-25,3991,4012,3954,4008,66335,222405
KOQ24,2024-07-26,4016,4055,3997,4044,52074,218561
KOQ24,2024-07-29,3968,4051,3968,4021,73579,223486
KOQ24,2024-07-30,4006,4065,3999,4040,74613,220720
KOQ24,2024-07-31,4040,4040,3992,4028,64423,221064
KOQ24,2024-08-01,3990,4010,3970,3988,123789,218898
KOQ24,2024-08-02,3992,4040,3992,4021,99595,218654
KOQ24,2024-08-05,3966,4003,3930,3930,92091,220250
KOQ24,2024-08-06,3910,3910,3824,3829,109702,222321
KOQ24,2024-08-07,3869,3870,3743,3800,90040,224872
KOQ24,2024-08-08,3810,3811,3770,3807,76438,222812
KOQ24,2024-08-09,3815,3840,3815,3840,58890,218050
KOQ24,2024-08-12,3840,3900,3820,3830,53784,222038
KOQ24,2024-08-13,3880,3880,3840,3840,55188,222205
KOQ24,2024-08-14,3860,3890,3850,3890,80359,224541
KOU24,2024-08-15,3809,3870,3809,3863,60491,225038
KOU24,2024-08-16,3860,3899,3852,3872,62644,225277
KOU24,2024-08-19,3896,3946,3883,3924,70934,228716
KOU24,2024-08-20,3918,3922,3859,3866,60626,228666
KOU24,2024-08-21,3869,3909,3860,3888,64853,222870
KOU24,2024-08-22,3900,3929,3884,3928,95069,221143
KOU24,2024-08-23,3934,3988,3915,3976,69609,223891
KOU24,2024-08-26,3980,4075,3966,4021,96898,226995
KOU24,2024-08-27,4036,4055,4003,4005,87640,225283
KOU24,2024-08-28,4011,4022,3986,4020,62281,223767
KOU24,2024-08-29,4012,4056,3980,4047,56204,224753
KOU24,2024-08-30,4035,4102,4029,4075,63742,230900
KOU24,2024-09-02,4002,4034,4000,4032,47966,226900
KOU24,2024-09-03,4035,4070,4018,4020,72810,228237
KOU24,2024-09-04,4022,4022,3979,3992,71159,229654
KOU24,2024-09-05,3980,4034,3975,4021,54096,232124
KOU24,2024-09-06,4015,4017,3980,3980,59641,232403
KOU24,2024-09-09,3962,3994,3962,3985,57096,233734
KOU24,2024-09-10,4002,4007,3970,3981,77959,237470
KOU24,2024-09-11,3990,4024,3950,3967,82367,242259
KOU24,2024-09-12,3965,4020,3961,4020,83404,247627
KOV24,2024-09-13,3931,3979,3892,3909,121661,259519
KOV24,2024-09-17,3857,3895,3827,3847,77497,255163
KOV24,2024-09-18,3848,3943,3848,3917,82747,251511
KOV24,2024-09-19,3927,4041,3890,3948,148413,262270
KOV24,2024-09-20,3980,4031,3948,4027,59369,254752
KOV24,2024-09-23,4052,4112,4046,4049,83284,260058
KOV24,2024-09-24,4071,4101,4030,4074,79823,262180
KOV24,2024-09-25,4077,4143,4076,4125,91983,258665
KOV24,2024-09-26,4120,4238,4120,4235,84940,258553
KOV24,2024-09-27,4243,4283,4149,4159,132344,258379
KOV24,2024-09-30,4150,4163,4120,4124,56631,256833
KOV24,2024-10-01,4125,4190,4124,4166,63557,257623
KOV24,2024-10-02,4165,4323,4165,4305,119000,262414
KOV24,2024-10-03,4290,4320,4260,4267,99355,258051
KOV24,2024-10-04,4336,4424,4330,4400,99167,251725
KOV24,2024-10-07,4360,4400,4360,4400,60148,249585
KOV24,2024-10-08,4360,4363,4334,4349,111187,250764
KOV24,2024-10-09,4350,4360,4300,4343,90582,248042
KOV24,2024-10-10,4320,4378,4013,4350,108838,251551
KOV24,2024-10-11,4450,4450,4250,4283,99963,252079
KOV24,2024-10-14,4430,4430,4300,4370,93051,251084
KOX24,2024-10-15,4332,4348,4271,4312,95406,248273
KOX24,2024-10-16,4315,4395,4313,4372,118488,250999
KOX24,2024-10-17,4369,4397,4315,4342,100646,261981
KOX24,2024-10-18,4349,4439,4298,4318,104397,258075
KOX24,2024-10-21,4307,4378,4301,4366,54971,255657
KOX24,2024-10-22,4380,4451,4361,4450,75113,254456
KOX24,2024-10-23,4456,4586,4456,4563,102234,257024
KOX24,2024-10-24,4577,4690,4519,4688,98788,259382
KOX24,2024-10-25,4673,4740,4617,4632,97467,252233
KOX24,2024-10-28,4612,4690,4586,4631,60668,248979
KOX24,2024-10-29,4640,4754,4630,4737,89447,250424
KOX24,2024-10-30,4715,4802,4707,4800,82918,246955
KOX24,2024-11-01,4860,4976,4855,4976,83410,246507
KOX24,2024-11-04,4946,5000,4941,4984,70549,242438
KOX24,2024-11-05,4955,4982,4900,4914,84057,240020
KOX24,2024-11-06,4910,4999,4889,4999,78859,243835
KOX24,2024-11-07,5000,5077,5000,5038,104193,245610
KOX24,2024-11-08,5055,5160,5017,5160,123802,239911
KOX24,2024-11-11,5200,5270,5200,5270,79094,238158
KOX24,2024-11-12,5218,5225,5199,5224,131965,239980
KOX24,2024-11-13,5156,5191,5116,5185,166266,245489
KOX24,2024-11-14,5120,5151,5050,5151,135018,247747
KOZ24,2024-11-15,4993,5122,4955,5119,112146,253114
KOZ24,2024-11-18,5045,5054,4938,4971,102222,253787
KOZ24,2024-11-19,4976,5071,4890,5016,96083,252020
KOZ24,2024-11-20,5040,5055,4921,4926,92644,244155
KOZ24,2024-11-21,4926,4931,4758,4891,145908,244234
KOZ24,2024-11-22,4855,4884,4785,4790,95229,239910
KOZ24,2024-11-25,4855,4868,4810,4829,55017,235537
KOZ24,2024-11-26,4836,4890,4808,4851,75291,233557
KOZ24,2024-11-27,4872,4945,4829,4928,81832,230207
KOZ24,2024-11-28,4924,5060,4924,5060,80733,226776
KOZ24,2024-11-29,5100,5300,5039,5238,109758,227559
KOZ24,2024-12-02,5300,5300,5191,5217,65864,229527
KOZ24,2024-12-03,5260,5345,5226,5343,80392,231466
KOZ24,2024-12-04,5363,5390,5251,5287,119811,236748
KOZ24,2024-12-05,5292,5345,5292,5332,83156,235695
KOZ24,2024-12-06,5350,5352,5300,5336,92092,234629
KOZ24,2024-12-09,5329,5329,5274,5308,64219,236476
KOZ24,2024-12-10,5275,5285,5165,5165,111184,241199
KOZ24,2024-12-11,5099,5134,5050,5113,120030,238514
KOZ24,2024-12-12,5090,5160,5014,5160,119534,238860
KOF25,2024-12-13,4977,5014,4935,4994,101852,241421
KOF25,2024-12-16,4975,5039,4892,4900,98575,250062
KOF25,2024-12-17,4894,4921,4854,4889,91037,247337
KOF25,2024-12-18,4883,4883,4670,4700,119842,247590
KOF25,2024-12-19,4675,4806,4580,4752,157030,251239
KOF25,2024-12-20,4733,4820,4670,4762,116508,244206
KOF25,2024-12-23,4768,4910,4768,4901,48992,241663
KOF25,2024-12-24,4885,4923,4846,4895,47182,240879
KOF25,2024-12-26,4850,4916,4813,4900,42211,239482
KOF25,2024-12-27,4905,4980,4878,4975,56591,242999
KOF25,2024-12-30,4956,4993,4920,4925,45092,239837
KOF25,2024-12-31,4912,4920,4800,4861,72477,239495
KOF25,2025-01-02,4862,4862,4609,4690,74951,234076
KOF25,2025-01-03,4720,4725,4670,4723,87677,233618
KOF25,2025-01-06,4740,4750,4665,4690,84275,233493
KOF25,2025-01-07,4659,4742,4659,4713,97738,231390
KOF25,2025-01-08,4700,4719,4682,4711,78596,227006
KOF25,2025-01-09,4695,4698,4605,4635,106194,225556
KOF25,2025-01-10,4697,4722,4696,4710,77607,229080
KOF25,2025-01-13,4800,4840,4781,4815,75523,218696
KOF25,2025-01-14,4789,4809,4613,4668,80099,221897
KOG25,2025-01-15,4575,4595,4475,4512,101035,222977
KOG25,2025-01-16,4494,4547,4454,4471,97149,224569
KOG25,2025-01-17,4466,4469,4393,4441,92079,223575
KOG25,2025-01-20,4457,4498,4434,4470,58179,222880
KOG25,2025-01-21,4479,4520,4423,4508,74588,220729
KOG25,2025-01-22,4507,4525,4430,4464,59237,220165
KOG25,2025-01-23,4457,4475,4410,4468,82557,222061
KOG25,2025-01-24,4445,4516,4423,4488,108617,222762
KOG25,2025-01-27,4499,4521,4480,4509,51195,219343
KOG25,2025-01-28,4485,4550,4466,4535,59656,219153
KOG25,2025-01-31,4560,4581,4524,4552,51221,219710
KOG25,2025-02-03,4609,4664,4599,4627,62329,219875
KOG25,2025-02-04,4635,4635,4546,4591,58027,220432
KOG25,2025-02-05,4580,4650,4577,4613,74758,221110
KOG25,2025-02-06,4610,4700,4610,4678,80473,223563
KOG25,2025-02-07,4675,4809,4675,4781,100050,227401
KOG25,2025-02-10,4796,4839,4770,4828,106188,226292
KOG25,2025-02-12,4850,4941,4850,4875,119246,225625
KOG25,2025-02-13,4840,4845,4705,4768,97142,227425
KOH25,2025-02-14,4662,4738,4645,4700,122,0
KOH25,2025-02-17,4674,4755,4654,4742,77429,232195
KOH25,2025-02-18,4722,4739,4686,4694,78378,237913
KOH25,2025-02-19,4692,4869,4689,4848,112708,242406
KOH25,2025-02-20,4817,4855,4791,4816,69725,239575
KOH25,2025-02-21,4830,4876,4825,4836,97093,243818
KOH25,2025-02-24,4790,4804,4726,4731,46796,244880
KOH25,2025-02-25,4716,4795,4690,4723,69259,244430
KOH25,2025-02-26,4718,4757,4691,4728,65630,241609
KOH25,2025-02-27,4711,4735,4654,4696,89684,239333
KOH25,2025-02-28,4677,4735,4656,4729,76860,241330
KOH25,2025-03-03,4708,4710,4681,4682,50914,241061
KOH25,2025-03-04,4709,4709,4590,4600,91888,238082
KOH25,2025-03-05,4614,4699,4595,4669,90251,236629
KOH25,2025-03-06,4705,4749,4688,4744,107247,239817
KOH25,2025-03-07,4742,4883,4742,4870,131478,242153
KOH25,2025-03-10,4800,4877,4755,4776,95316,244496
KOH25,2025-03-11,4780,4811,4698,4737,114939,239274
KOH25,2025-03-12,4789,4815,4749,4759,94670,244703
KOH25,2025-03-13,4780,4850,4766,4773,86679,247422
KOJ25,2025-03-14,4679,4717,4635,4694,88944,248014
KOJ25,2025-03-17,4703,4710,4592,4605,80160,250640
KOJ25,2025-03-19,4657,4678,4598,4634,96070,250149
KOJ25,2025-03-20,4625,4703,4616,4669,111206,260294
KOJ25,2025-03-21,4682,4685,4635,4651,76908,256932
KOJ25,2025-03-24,4637,4649,4581,4589,86568,256611
KOJ25,2025-03-25,4595,4630,4547,4564,103859,257257
KOJ25,2025-03-26,4579,4610,4554,4588,70956,255190
KOJ25,2025-03-27,4596,4704,4593,4692,83576,237294
KOJ25,2025-03-28,4723,4785,4723,4762,89655,258352
KOJ25,2025-04-02,4830,4879,4826,4842,78829,256769
KOJ25,2025-04-03,4810,4827,4800,4811,65131,256811
KOJ25,2025-04-04,4760,4794,4700,4702,90621,254177
KOJ25,2025-04-07,4606,4635,4553,4562,110726,253375
KOJ25,2025-04-08,4617,4620,4530,4564,122240,252515
KOJ25,2025-04-09,4556,4556,4400,4426,132491,248610
KOJ25,2025-04-10,4510,4510,4426,4444,90966,247188
KOJ25,2025-04-11,4450,4488,4450,4461,85695,243199
KOJ25,2025-04-14,4420,4445,4350,4354,80065,244009
KOK25,2025-04-15,4287,4288,4201,4230,104470,247195
KOK25,2025-04-16,4228,4240,4182,4207,94914,241905
KOK25,2025-04-17,4224,4258,4181,4184,82063,241147
KOK25,2025-04-18,4193,4223,4114,4117,72684,239000
KOK25,2025-04-21,4107,4120,4060,4070,70503,238488
KOK25,2025-04-22,4076,4122,4030,4108,86695,235300
KOK25,2025-04-23,4116,4177,4075,4142,96905,235722
KOK25,2025-04-24,4141,4160,4122,4135,64921,234310
KOK25,2025-04-25,4153,4238,4130,4139,92662,239137
KOK25,2025-04-28,4086,4088,4021,4040,51205,236253
KOK25,2025-04-29,4045,4067,4010,4010,55576,234571
KOK25,2025-04-30,4010,4012,3959,3971,64943,233859
KOK25,2025-05-02,4014,4023,3860,3920,68810,232901
KOK25,2025-05-05,3880,3894,3825,3889,53012,233677
KOK25,2025-05-06,3840,3860,3795,3795,70080,233382
KOK25,2025-05-07,3783,3800,3703,3725,91358,234996
KOK25,2025-05-08,3710,3780,3685,3772,96041,235144
KOK25,2025-05-09,3800,3805,3730,3790,89661,240098
KOK25,2025-05-13,3830,3830,3825,3827,86227,244857
KOK25,2025-05-14,4000,4000,3900,3900,121576,242608
KOM25,2025-05-15,3946,3973,3851,3872,96117,238933
KOM25,2025-05-16,3867,3886,3818,3839,74573,239366
KOM25,2025-05-19,3868,3906,3855,3891,56961,237903
KOM25,2025-05-20,3893,3958,3876,3920,74851,242380
KOM25,2025-05-21,3922,3938,3875,3891,79236,243689
KOM25,2025-05-22,3890,3907,3801,3822,66842,247462
KOM25,2025-05-23,3841,3857,3810,3824,54070,244075
KOM25,2025-05-26,3829,3837,3776,3835,34817,243913
KOM25,2025-05-27,3815,3871,3805,3867,49593,243185
KOM25,2025-05-28,3859,3907,3849,3899,68326,242428
KOM25,2025-05-29,3890,3957,3880,3929,69553,244448
KOM25,2025-05-30,3925,3928,3860,3888,59698,241994
KOM25,2025-06-03,3935,3968,3915,3938,103618,336143
KOM25,2025-06-04,3912,3960,3900,3946,59422,245345
KOM25,2025-06-05,3934,3940,3900,3904,64761,245562
KOM25,2025-06-06,3925,3925,3900,3911,62878,241688
KOM25,2025-06-09,3945,3945,3920,3920,50525,243774
KOM25,2025-06-10,3924,3941,3875,3876,77832,245390
KOM25,2025-06-11,3838,3869,3837,3846,62821,244530
KOM25,2025-06-12,3854,3881,3841,3847,55636,242900
KON25,2025-06-13,3865,3942,3855,3925,113276,244432
KON25,2025-06-16,4030,4102,4030,4096,117399,241865
KON25,2025-06-17,4118,4123,4053,4064,110158,235561
KON25,2025-06-18,4077,4100,4060,4085,67036,233309
KON25,2025-06-19,4095,4108,4071,4078,42836,232713
KON25,2025-06-20,4086,4114,4058,4071,63777,231757
KON25,2025-06-23,4056,4100,4055,4087,50757,232160
KON25,2025-06-24,4079,4079,3948,3963,89335,231437
KON25,2025-06-25,3976,3993,3935,3939,64359,231315
KON25,2025-06-26,3949,3998,3942,3986,63167,220799
KON25,2025-06-30,3941,3976,3940,3958,30371,220799
KON25,2025-07-01,3955,3958,3920,3942,54076,269214
KON25,2025-07-02,3940,4034,3940,4034,64163,224873
KON25,2025-07-03,4035,4061,4019,4032,58749,225914
KON25,2025-07-04,4028,4028,3994,3995,45823,226243
KON25,2025-07-07,4057,4057,3990,4010,52221,228491
KON25,2025-07-08,4030,4090,4030,4057,103674,229490
KON25,2025-07-09,4057,4057,4056,4056,91409,230203
KON25,2025-07-10,4090,4115,4039,4039,100487,226285
KON25,2025-07-11,4110,4115,4070,4070,87673,231427
KOQ25,2025-07-14,4139,4205,4134,4183,79930,230086
KOQ25,2025-07-15,4182,4191,4094,4106,128330,230594
KOQ25,2025-07-16,4128,4163,4104,4158,90890,231958
KOQ25,2025-07-17,4156,4175,4111,4138,119798,232699
KOQ25,2025-07-18,4138,4301,4129,4262,136709,237735
KOQ25,2025-07-21,4242,4252,4159,4174,75830,235195
KOQ25,2025-07-22,4194,4215,4160,4196,75575,231767
KOQ25,2025-07-23,4181,4260,4172,4244,75900,231569
KOQ25,2025-07-24,4254,4299,4224,4259,75735,233661
KOQ25,2025-07-25,4243,4252,4174,4221,82818,229303
KOQ25,2025-07-28,4208,4210,4148,4150,48430,226093
KOQ25,2025-07-29,4188,4205,4132,4188,61890,224301
KOQ25,2025-07-30,4210,4215,4190,4209,59067,224701
KOQ25,2025-07-31,4193,4205,4169,4175,52614,223190
KOQ25,2025-08-01,4180,4209,4155,4193,71301,224913
KOQ25,2025-08-04,4149,4175,4144,4166,72995,221839
KOQ25,2025-08-05,4200,4276,4200,4250,81986,225916
KOQ25,2025-08-06,4250,4250,4207,4220,53291,226626
KOQ25,2025-08-07,4215,4222,4196,4202,54424,227566
KOQ25,2025-08-08,4240,4240,4205,4214,91640,311976
KOQ25,2025-08-11,4214,4350,4214,4334,83281,227408
KOQ25,2025-08-12,4400,4400,4343,4343,120621,232784
KOQ25,2025-08-13,4415,4415,4367,4367,97321,236360
KOQ25,2025-08-14,4338,4338,4338,4338,88920,244194
KOU25,2025-08-15,4348,4432,4341,4425,81890,249718
KOU25,2025-08-18,4473,4489,4449,4476,70059,249400
KOU25,2025-08-19,4470,4528,4427,4449,95632,253319
KOU25,2025-08-20,4453,4460,4391,4424,69550,251695
KOU25,2025-08-21,4432,4470,4381,4391,59539,250917
KOU25,2025-08-22,4388,4470,4386,4453,67090,249263
KOU25,2025-08-25,4488,4488,4395,4413,43615,249263
KOU25,2025-08-26,4423,4431,4386,4397,46894,252058
KOU25,2025-08-27,4391,4433,4378,4412,73274,254938
KOU25,2025-08-28,4404,4413,4354,4375,53234,253737
KOU25,2025-08-29,4379,4379,4308,4308,77969,253380
KOU25,2025-09-02,4353,4400,4346,4383,59839,254494
KOU25,2025-09-03,4367,4400,4346,4362,67415,253198
KOU25,2025-09-04,4340,4382,4340,4371,73897,250875
KOU25,2025-09-08,4368,4405,4361,4399,55479,250875
KOU25,2025-09-09,4395,4405,4380,4388,46854,252265
KOU25,2025-09-10,4370,4370,4340,4340,87050,254559
KOU25,2025-09-11,4380,4429,4374,4383,64358,256725
KOU25,2025-09-12,4383,4383,4383,4383,78526,263070
KOV25,2025-09-17,4460,4488,4392,4414,100222,263281
KOV25,2025-09-18,4419,4425,4335,4368,87738,260960
KOV25,2025-09-19,4376,4395,4355,4365,76508,260581
KOV25,2025-09-22,4369,4407,4360,4383,54679,261122
KOV25,2025-09-23,4360,4361,4237,4304,157094,266151
KOV25,2025-09-24,4302,4340,4281,4331,57779,258603
KOV25,2025-09-25,4380,4390,4350,4365,81471,250105
KOV25,2025-09-26,4363,4390,4318,4321,72074,250893
KOV25,2025-09-29,4310,4350,4307,4319,52120,254348
KOV25,2025-09-30,4303,4322,4279,4305,93836,258884
KOV25,2025-10-01,4302,4379,4297,4359,83099,260977
KOV25,2025-10-02,4388,4425,4388,4411,82073,270071
KOV25,2025-10-03,4410,4435,4388,4400,62039,273808
KOV25,2025-10-06,4380,4386,4358,4385,45567,272369
KOV25,2025-10-07,4390,4418,4380,4406,55737,276188
KOV25,2025-10-08,4432,4479,4431,4468,127995,277380
KOV25,2025-10-09,4479,4508,4440,4506,128061,278044
KOV25,2025-10-10,4530,4531,4450,4468,113058,282064
KOV25,2025-10-13,4390,4445,4390,4420,95626,277517
KOV25,2025-10-14,4500,4500,4350,4350,119170,278862
KOX25,2025-10-15,4407,4448,4388,4429,117165,281788
KOX25,2025-10-16,4424,4443,4408,4431,0,8
KOX25,2025-10-17,4438,4479,4410,4439,84025,279053
KOX25,2025-10-21,4464,4494,4430,4447,64163,279217
KOX25,2025-10-22,4430,4440,4369,4401,109930,277711
KOX25,2025-10-23,4397,4430,4364,4425,113478,270452
KOX25,2025-10-24,4426,4427,4374,4382,73808,265714
KOX25,2025-10-27,4400,4400,4313,4335,69120,268476
KOX25,2025-10-28,4333,4342,4277,4284,106224,270174
KOX25,2025-10-29,4272,4284,4190,4212,118172,268147
KOX25,2025-10-30,4207,4257,4207,4217,82258,264546
KOX25,2025-10-31,4234,4252,4185,4185,93756,264770
KOX25,2025-11-03,4160,4160,4081,4089,113744,265151
KOX25,2025-11-04,4090,4144,4090,4110,119345,265293
KOX25,2025-11-05,4100,4112,4075,4075,87213,262625
KOX25,2025-11-06,4053,4117,4053,4114,85351,262069
KOX25,2025-11-07,4111,4111,4079,4080,81478,264821
KOX25,2025-11-10,4059,4107,4053,4080,57032,262314
KOX25,2025-11-11,4085,4135,4042,4068,89319,263747
KOX25,2025-11-12,4070,4070,3900,3957,57444,263092
KOX25,2025-11-13,4015,4015,3900,3935,106879,265902
KOZ25,2025-11-14,4095,4107,4059,4100,92204,269476
KOZ25,2025-11-17,4056,4140,4056,4118,106354,271451
KOZ25,2025-11-18,4123,4188,4110,4176,99940,270652
KOZ25,2025-11-19,4189,4232,4169,4178,83103,274629
KOZ25,2025-11-20,4166,4172,4096,4112,70608,278925
KOZ25,2025-11-21,4110,4118,4046,4050,121669,287400
KOZ25,2025-11-24,4063,4081,4030,4041,73960,288313
KOZ25,2025-11-25,4027,4052,3953,3974,119178,290245
KOZ25,2025-11-26,3954,4023,3954,3998,78914,283393
KOZ25,2025-11-27,4002,4056,3998,4050,47327,282153
KOZ25,2025-11-28,4058,4111,4056,4077,24394,276811
KOZ25,2025-12-01,4103,4117,4060,4060,51780,280164
KOZ25,2025-12-02,4060,4101,4040,4096,64559,277917
KOZ25,2025-12-03,4095,4121,4080,4090,68758,272607
KOZ25,2025-12-04,4079,4090,4065,4065,61647,268825
KOZ25,2025-12-05,4076,4119,4076,4095,46832,262698
KOZ25,2025-12-08,4085,4085,4040,4055,37603,265197
KOZ25,2025-12-09,4040,4050,4030,4031,58351,265437
KOZ25,2025-12-10,4032,4033,4000,4000,93865,268266
KOZ25,2025-12-11,4050,4060,4010,4010,99894,267153
KOZ25,2025-12-12,4000,4000,3980,3980,90282,263277
KOF26,2025-12-15,3994,4042,3985,3991,75568,266480
KOF26,2025-12-16,3987,3995,3942,3947,100271,266936
KOF26,2025-12-17,3950,3962,3918,3951,80639,270189
KOF26,2025-12-18,3941,3997,3941,3960,70597,271603
KOF26,2025-12-19,3953,3965,3883,3892,81381,276507
KOF26,2025-12-22,3925,3981,3909,3973,50781,270951
KOF26,2025-12-23,3972,4011,3972,4010,80764,280181
KOF26,2025-12-24,4015,4022,3984,3986,13344,0
KOF26,2025-12-24,4015,4024,3978,4010,57393,262197