SBH21,2020-12-24,14.89,15,14.74,14.9,40589,1044157
SBH21,2020-12-28,14.93,15.13,14.83,14.98,42587,1045983
SBH21,2020-12-29,15.03,15.07,14.85,15.04,48258,1052268
SBH21,2020-12-30,15.07,15.45,14.98,15.28,83752,1059759
SBH21,2020-12-31,15.28,15.53,15.16,15.49,80996,1066198
SBH21,2021-01-04,15.65,16.13,15.55,15.76,207666,1083901
SBH21,2021-01-05,15.75,16.15,15.64,16.12,168620,1089003
SBH21,2021-01-06,16.12,16.32,16.02,16.25,128829,1090002
SBH21,2021-01-07,16.33,16.33,15.55,15.6,134943,1091938
SBH21,2021-01-08,15.7,15.87,15.54,15.6,97522,1092579
SBH21,2021-01-11,15.55,15.75,15.4,15.67,128993,1097716
SBH21,2021-01-12,15.75,15.94,15.44,15.46,111525,1095452
SBH21,2021-01-13,15.55,15.98,15.51,15.84,108368,1094291
SBH21,2021-01-14,15.95,16.75,15.95,16.67,178767,1103636
SBH21,2021-01-15,16.67,16.71,16.27,16.45,167438,1103852
SBH21,2021-01-19,16.5,16.7,16.06,16.1,127140,1101665
SBH21,2021-01-20,16.1,16.56,16.02,16.27,105015,1103852
SBH21,2021-01-21,16.3,16.38,15.81,16.05,136310,1102747
SBH21,2021-01-22,15.99,16.04,15.73,15.87,110398,1103640
SBH21,2021-01-25,15.94,16.1,15.72,15.74,113267,1103035
SBH21,2021-01-26,15.74,15.86,15.62,15.74,116015,1104626
SBH21,2021-01-27,15.84,16.19,15.66,15.8,121501,1106233
SBH21,2021-01-28,15.78,16,15.57,15.59,115929,1108146
SBH21,2021-01-29,15.57,16.03,15.55,15.83,119999,1105959
SBH21,2021-02-01,15.93,16.27,15.87,16.15,122232,1106027
SBH21,2021-02-02,16.25,16.48,16.08,16.29,124960,1107089
SBH21,2021-02-03,16.29,16.38,15.96,16.04,119927,1101883
SBH21,2021-02-04,16.14,16.16,15.82,16.05,140838,1109715
SBH21,2021-02-05,16.17,16.52,16.07,16.42,207046,1124871
SBH21,2021-02-08,16.46,16.61,16.26,16.27,191727,1122657
SBH21,2021-02-09,16.35,16.58,16.21,16.44,239995,1130449
SBH21,2021-02-10,16.53,17.05,16.37,16.71,310125,1134980
SBH21,2021-02-11,16.7,16.82,16.47,16.55,206998,1141216
SBH21,2021-02-12,16.51,16.59,16.3,16.38,133688,1143331
SBH21,2021-02-16,16.54,16.77,16.49,16.73,157513,1124674
SBH21,2021-02-17,16.85,17.09,16.8,16.96,160818,1118136
SBH21,2021-02-18,17,17.54,17,17.51,170329,1121965
SBH21,2021-02-19,17.66,17.96,17.6,17.79,218396,1104288
SBH21,2021-02-22,17.89,18.89,17.64,18.78,243251,1088079
SBH21,2021-02-23,18.76,18.94,18.25,18.41,197628,1065425
SBH21,2021-02-24,18.4,18.5,18.1,18.16,145382,1044835
SBH21,2021-02-25,18.12,18.38,17.7,17.84,146872,1039904
SBK21,2021-02-26,16.82,16.82,16.41,16.45,113834,1015462
SBK21,2021-03-01,16.55,16.7,16.17,16.21,114888,1012113
SBK21,2021-03-02,16.2,16.53,16.02,16.43,118919,1009386
SBK21,2021-03-03,16.5,16.53,16.07,16.14,97009,1013880
SBK21,2021-03-04,16.13,16.41,15.96,16.26,116289,1013325
SBK21,2021-03-05,16.26,16.56,16.08,16.4,112900,1018394
SBK21,2021-03-08,16.5,16.54,16.15,16.2,94014,1022180
SBK21,2021-03-09,16.13,16.16,15.85,15.9,155195,1031790
SBK21,2021-03-10,15.95,16.13,15.91,15.96,98001,1030878
SBK21,2021-03-11,16.06,16.41,16,16.36,113864,1037964
SBK21,2021-03-12,16.29,16.3,16.07,16.13,85739,1041591
SBK21,2021-03-15,16.2,16.28,15.91,16.12,118035,1039735
SBK21,2021-03-16,16.2,16.55,16.07,16.3,90486,1047853
SBK21,2021-03-17,16.23,16.28,15.94,15.99,104256,1055534
SBK21,2021-03-18,16.05,16.1,15.81,15.89,67868,1060853
SBK21,2021-03-19,15.81,15.89,15.55,15.76,114374,1052950
SBK21,2021-03-22,15.76,15.86,15.51,15.53,92046,1058767
SBK21,2021-03-23,15.52,15.54,15.05,15.43,164218,1048979
SBK21,2021-03-24,15.4,15.67,15.28,15.63,83980,1053368
SBK21,2021-03-25,15.54,15.63,15.01,15.09,136092,1057972
SBK21,2021-03-26,15.12,15.29,15.09,15.19,90595,1055067
SBK21,2021-03-29,15.13,15.16,14.84,14.92,129080,1048321
SBK21,2021-03-30,15,15.14,14.87,14.92,88681,1049454
SBK21,2021-03-31,14.94,15.03,14.67,14.77,164302,1065410
SBK21,2021-04-01,14.71,14.94,14.68,14.71,131210,1067291
SBK21,2021-04-05,14.74,14.96,14.69,14.84,73846,1059423
SBK21,2021-04-06,14.8,15.21,14.79,15.16,158161,1044032
SBK21,2021-04-07,15.18,15.34,14.99,15.14,123177,1042028
SBK21,2021-04-08,15.13,15.39,15.13,15.18,164692,1043400
SBK21,2021-04-09,15.26,15.72,15.22,15.46,233363,1043444
SBK21,2021-04-12,15.48,15.63,15.32,15.35,200857,1049753
SBK21,2021-04-13,15.34,15.64,15.34,15.43,204331,1052839
SBK21,2021-04-14,15.5,15.93,15.5,15.86,252597,1068927
SBK21,2021-04-15,15.97,16.42,15.87,16.38,288824,1037074
SBK21,2021-04-16,16.38,16.8,16.22,16.72,204542,1031282
SBK21,2021-04-19,16.67,16.72,16.26,16.29,130381,1021179
SBK21,2021-04-20,16.33,16.88,16.33,16.77,177497,1014761
SBK21,2021-04-21,16.71,16.99,16.62,16.94,117697,1009835
SBK21,2021-04-22,16.9,17.07,16.81,16.92,115753,1011763
SBK21,2021-04-23,16.91,17.08,16.83,16.91,106668,1014734
SBK21,2021-04-26,16.95,17.24,16.82,17.17,123795,1016506
SBK21,2021-04-27,17.17,17.98,17.16,17.94,192441,1021800
SBK21,2021-04-28,17.86,17.86,17.14,17.3,143887,1010341
SBK21,2021-04-29,17.29,17.52,16.63,17.08,109239,1000289
SBN21,2021-04-30,16.91,17.08,16.63,16.98,93540,987988
SBN21,2021-05-03,17.02,17.32,16.69,16.73,83440,990759
SBN21,2021-05-04,16.76,17.27,16.76,17.12,77055,992776
SBN21,2021-05-05,17.24,17.58,17.18,17.53,101468,999412
SBN21,2021-05-06,17.57,17.89,17.34,17.55,128130,1005152
SBN21,2021-05-07,17.55,17.69,17.32,17.49,96222,1014132
SBN21,2021-05-10,17.35,17.75,17.26,17.49,89413,1018863
SBN21,2021-05-11,17.49,18.14,17.4,18.1,147600,1030575
SBN21,2021-05-12,18.17,18.25,17.78,17.84,113166,1035878
SBN21,2021-05-13,17.8,17.8,17.01,17.11,157166,1022680
SBN21,2021-05-14,17.2,17.45,16.92,16.96,95565,1027612
SBN21,2021-05-17,17,17.12,16.8,16.99,73990,1033441
SBN21,2021-05-18,17.05,17.36,16.96,17.21,104545,1034144
SBN21,2021-05-19,17.1,17.1,16.85,16.95,88002,1037314
SBN21,2021-05-20,16.96,17.12,16.89,17.04,58530,1029920
SBN21,2021-05-21,16.98,17.02,16.6,16.67,97740,1028871
SBN21,2021-05-24,16.66,16.92,16.54,16.83,75020,1021933
SBN21,2021-05-25,16.88,17.27,16.86,17.04,78788,1021300
SBN21,2021-05-26,17.08,17.13,16.63,16.78,116956,1020150
SBN21,2021-05-27,16.8,17.2,16.78,17.12,105860,1010861
SBN21,2021-05-28,17.2,17.69,17.2,17.36,131750,1015612
SBN21,2021-06-01,17.51,17.89,17.51,17.69,130409,1024776
SBN21,2021-06-02,17.77,17.93,17.49,17.68,113706,1033767
SBN21,2021-06-03,17.74,17.74,17.29,17.43,100344,1028849
SBN21,2021-06-04,17.43,17.82,17.43,17.71,109542,1027479
SBN21,2021-06-07,17.73,17.83,17.32,17.38,139191,1025563
SBN21,2021-06-08,17.34,17.76,17.3,17.71,180073,1017887
SBN21,2021-06-09,17.71,17.9,17.56,17.73,240208,1014846
SBN21,2021-06-10,17.66,17.84,17.58,17.66,213255,1029099
SBN21,2021-06-11,17.66,17.69,17.36,17.54,206373,1047150
SBN21,2021-06-14,17.5,17.5,16.93,17.29,204590,1032583
SBN21,2021-06-15,17.34,17.46,16.93,17.05,207821,1002786
SBN21,2021-06-16,17,17.31,16.96,17.04,121323,995362
SBN21,2021-06-17,16.91,16.95,16.52,16.55,181259,976391
SBN21,2021-06-18,16.61,16.78,16.32,16.43,142476,953979
SBN21,2021-06-21,16.42,16.91,16.19,16.78,142242,955824
SBN21,2021-06-22,16.73,16.77,16.3,16.43,117893,925321
SBN21,2021-06-23,16.5,16.85,16.49,16.69,85924,922717
SBN21,2021-06-24,16.63,16.99,16.5,16.93,99292,913353
SBN21,2021-06-25,16.96,17,16.73,16.9,124133,903582
SBN21,2021-06-28,16.98,17.26,16.8,17.23,95965,900771
SBN21,2021-06-29,17.24,17.3,16.92,17.23,84073,892168
SBV21,2021-06-30,17.55,17.93,17.46,17.89,110585,897523
SBV21,2021-07-01,17.92,18.49,17.73,17.94,154635,911278
SBV21,2021-07-02,18,18.34,17.89,18.15,83079,920196
SBV21,2021-07-06,18.35,18.43,17.82,17.87,119489,931814
SBV21,2021-07-07,17.89,18.11,17.45,17.75,121566,937454
SBV21,2021-07-08,17.78,17.81,17.32,17.45,77470,934234
SBV21,2021-07-09,17.33,17.46,17.17,17.28,96462,935392
SBV21,2021-07-12,17.24,17.25,16.93,16.99,99505,933678
SBV21,2021-07-13,17.1,17.22,16.73,17.08,103006,928170
SBV21,2021-07-14,17.24,17.25,16.84,16.93,71549,930440
SBV21,2021-07-15,16.86,17.37,16.83,17.33,78653,924607
SBV21,2021-07-16,17.33,17.78,17.24,17.71,75538,923304
SBV21,2021-07-19,17.7,17.79,17.05,17.07,77119,918047
SBV21,2021-07-20,17.2,17.53,17.2,17.41,66429,920665
SBV21,2021-07-21,17.55,17.69,17.27,17.67,66386,916557
SBV21,2021-07-22,17.7,17.74,17.47,17.62,71880,926508
SBV21,2021-07-23,17.65,18.28,17.65,18.17,111617,936614
SBV21,2021-07-26,18.22,18.64,17.77,18.42,106516,946834
SBV21,2021-07-27,18.65,18.73,18.26,18.35,105442,954073
SBV21,2021-07-28,18.4,18.69,18.1,18.61,91951,966497
SBV21,2021-07-29,18.7,18.81,18.23,18.3,113080,984251
SBV21,2021-07-30,18.3,18.45,17.8,17.91,105103,982113
SBV21,2021-08-02,17.86,18.15,17.86,17.95,79967,985664
SBV21,2021-08-03,17.92,18.24,17.74,17.98,99796,987110
SBV21,2021-08-04,18.08,18.2,17.91,17.93,98042,991388
SBV21,2021-08-05,18,18.69,17.83,18.62,110035,997533
SBV21,2021-08-06,18.56,18.92,18.5,18.68,94167,995409
SBV21,2021-08-09,18.59,18.7,18.36,18.47,77768,997463
SBV21,2021-08-10,18.63,19.75,18.54,19.59,188756,998508
SBV21,2021-08-11,19.66,19.67,19.3,19.47,109741,996300
SBV21,2021-08-12,19.45,19.64,19.33,19.54,102550,1008384
SBV21,2021-08-13,19.6,20.1,19.53,19.95,124108,1014994
SBV21,2021-08-16,19.99,20.17,19.89,20.03,104980,1027493
SBV21,2021-08-17,20.02,20.37,19.93,20.02,105062,1033177
SBV21,2021-08-18,20.01,20.31,19.99,20.17,86697,1047285
SBV21,2021-08-19,20.09,20.09,19.71,19.79,112223,1049127
SBV21,2021-08-20,19.79,19.98,19.47,19.58,93094,1054734
SBV21,2021-08-23,19.58,19.79,19.5,19.58,82403,1056802
SBV21,2021-08-24,19.68,19.88,19.51,19.58,101939,1063378
SBV21,2021-08-25,19.52,19.83,19.42,19.73,75113,1062839
SBV21,2021-08-26,19.78,19.87,19.49,19.68,76591,1058728
SBV21,2021-08-27,19.68,20.1,19.62,20.04,88411,1057173
SBV21,2021-08-30,20.04,20.3,20.01,20.22,79073,1053580
SBV21,2021-08-31,20.3,20.3,19.73,19.84,131854,1058996
SBV21,2021-09-01,19.93,20.05,19.61,19.67,139540,1068438
SBV21,2021-09-02,19.67,19.94,19.62,19.9,163990,1069820
SBV21,2021-09-03,19.9,19.91,19.55,19.62,142852,1058031
SBV21,2021-09-07,19.63,19.72,19.44,19.48,171615,1052962
SBV21,2021-09-08,19.5,19.76,19.45,19.49,248748,1043858
SBV21,2021-09-09,19.51,19.55,19.1,19.24,266714,1027699
SBV21,2021-09-10,19.25,19.25,18.73,18.79,242990,1027569
SBV21,2021-09-13,18.81,19.02,18.57,18.98,226681,1025495
SBV21,2021-09-14,19.06,19.18,18.8,18.96,223939,1024815
SBV21,2021-09-15,18.99,19.65,18.96,19.52,262355,991041
SBV21,2021-09-16,19.52,19.7,19.3,19.49,162749,966718
SBV21,2021-09-17,19.52,19.59,19.04,19.18,108643,961396
SBV21,2021-09-20,19,19.1,18.81,18.86,110580,951046
SBV21,2021-09-21,18.89,19.24,18.82,18.97,93133,952975
SBV21,2021-09-22,19.04,19.38,19.02,19.33,103849,941325
SBV21,2021-09-23,19.4,19.54,19.29,19.49,89554,931900
SBV21,2021-09-24,19.55,19.55,19.05,19.1,86956,919749
SBV21,2021-09-27,19.24,19.29,18.72,18.73,131229,898584
SBV21,2021-09-28,18.76,19.05,18.49,18.98,120052,889873
SBV21,2021-09-29,18.96,19.32,18.87,18.94,74196,886380
SBH22,2021-09-30,19.74,20.38,19.56,20.34,100012,888352
SBH22,2021-10-01,20.31,20.35,20.02,20.06,74762,887251
SBH22,2021-10-04,20.03,20.1,19.63,19.69,84557,890390
SBH22,2021-10-05,19.74,20.04,19.62,19.85,66958,888354
SBH22,2021-10-06,19.8,19.87,19.65,19.77,60392,886232
SBH22,2021-10-07,19.77,20.02,19.76,19.84,71059,885367
SBH22,2021-10-08,19.89,20.34,19.84,20.29,90019,888208
SBH22,2021-10-11,20.34,20.61,20.22,20.33,77839,892318
SBH22,2021-10-12,20.32,20.38,20.03,20.07,66201,891672
SBH22,2021-10-13,20.11,20.15,19.83,19.86,75807,890663
SBH22,2021-10-14,19.88,20.01,19.48,19.59,127355,884467
SBH22,2021-10-15,19.6,19.97,19.59,19.8,82258,883063
SBH22,2021-10-18,19.77,19.8,19.14,19.35,111065,881240
SBH22,2021-10-19,19.35,19.44,18.82,18.87,139440,871316
SBH22,2021-10-20,19.01,19.11,18.84,18.97,98062,869052
SBH22,2021-10-21,19,19.19,18.87,18.94,78891,869103
SBH22,2021-10-22,19.03,19.15,18.92,19.08,70120,868565
SBH22,2021-10-25,19.15,19.44,18.98,19.39,77632,860917
SBH22,2021-10-26,19.37,19.69,19.32,19.66,73969,874742
SBH22,2021-10-27,19.6,19.86,19.53,19.7,70529,878623
SBH22,2021-10-28,19.7,19.83,19.5,19.62,71861,881257
SBH22,2021-10-29,19.62,19.7,19.21,19.27,72087,880125
SBH22,2021-11-01,19.28,19.54,19.19,19.37,51508,883248
SBH22,2021-11-02,19.37,19.65,19.29,19.54,64286,884507
SBH22,2021-11-03,19.53,19.53,19.33,19.38,51229,882524
SBH22,2021-11-04,19.42,19.83,19.38,19.63,99392,888940
SBH22,2021-11-05,19.66,19.99,19.56,19.94,86019,894664
SBH22,2021-11-08,19.99,20.1,19.88,19.92,78991,895598
SBH22,2021-11-09,19.94,20.1,19.8,19.9,71006,897739
SBH22,2021-11-10,19.9,19.98,19.52,19.6,95359,897091
SBH22,2021-11-11,19.62,20.15,19.62,20.12,93416,902558
SBH22,2021-11-12,20.11,20.17,19.92,20.01,69759,906596
SBH22,2021-11-15,20.01,20.12,19.64,19.74,63708,906922
SBH22,2021-11-16,19.7,20.01,19.67,19.99,56629,906385
SBH22,2021-11-17,19.99,20.51,19.96,20.42,122788,918470
SBH22,2021-11-18,20.46,20.69,20.1,20.18,101158,926143
SBH22,2021-11-19,20.18,20.29,19.89,19.99,68490,926081
SBH22,2021-11-22,19.99,20.1,19.68,19.76,71421,920860
SBH22,2021-11-23,19.7,20.15,19.6,20.11,87468,920493
SBH22,2021-11-24,20.01,20.19,19.8,19.93,72631,915252
SBH22,2021-11-26,19.7,19.73,19.15,19.35,148295,900211
SBH22,2021-11-29,19.56,19.66,19.15,19.19,82363,892804
SBH22,2021-11-30,19.12,19.19,18.55,18.6,179867,882199
SBH22,2021-12-01,18.86,18.88,18.56,18.6,111088,875752
SBH22,2021-12-02,18.69,18.78,18.46,18.62,121801,866817
SBH22,2021-12-03,18.68,18.96,18.67,18.75,88511,860670
SBH22,2021-12-06,18.84,19.25,18.76,19.16,77762,857752
SBH22,2021-12-07,19.22,19.51,19.2,19.48,100569,857621
SBH22,2021-12-08,19.4,19.9,19.36,19.82,108080,865468
SBH22,2021-12-09,19.82,19.87,19.53,19.69,76284,867392
SBH22,2021-12-10,19.66,19.84,19.52,19.71,63248,869737
SBH22,2021-12-13,19.76,19.85,19.58,19.64,54784,871534
SBH22,2021-12-14,19.72,19.79,19.61,19.65,70383,874996
SBH22,2021-12-15,19.58,19.59,19.18,19.29,83722,874672
SBH22,2021-12-16,19.4,19.53,19.19,19.4,69481,875612
SBH22,2021-12-17,19.34,19.39,19.01,19.11,63697,871161
SBH22,2021-12-20,18.95,18.95,18.52,18.59,107117,868357
SBH22,2021-12-21,18.68,18.78,18.57,18.74,88498,864082
SBH22,2021-12-22,18.8,19.38,18.74,19.26,89772,865938
SBH22,2021-12-23,19.23,19.38,19.12,19.24,54233,863932
SBH22,2021-12-27,19.15,19.29,19.05,19.21,29118,864481
SBH22,2021-12-28,19.22,19.36,18.91,18.96,43985,864262
SBH22,2021-12-29,18.97,19.17,18.83,19.1,56365,868866
SBH22,2021-12-30,19.1,19.1,18.62,18.78,73851,864473
SBH22,2021-12-31,18.78,18.98,18.75,18.88,46934,867292
SBH22,2022-01-03,18.94,19.01,18.68,18.74,40743,868302
SBH22,2022-01-04,18.75,18.85,18.62,18.75,89145,873918
SBH22,2022-01-05,18.8,18.8,18.32,18.34,111931,884075
SBH22,2022-01-06,18.31,18.39,18.15,18.19,91644,882213
SBH22,2022-01-07,18.26,18.44,17.99,18.05,97480,880754
SBH22,2022-01-10,18.15,18.2,17.6,17.83,165499,882465
SBH22,2022-01-11,17.95,18.21,17.85,18.11,127641,883009
SBH22,2022-01-12,18.19,18.47,18.15,18.34,120265,882014
SBH22,2022-01-13,18.34,18.42,17.94,18.09,106862,880770
SBH22,2022-01-14,18.1,18.37,18.03,18.31,82071,880209
SBH22,2022-01-18,18.5,18.79,18.45,18.66,128590,882598
SBH22,2022-01-19,18.75,19.15,18.7,19.07,130142,880527
SBH22,2022-01-20,19.01,19.29,18.87,18.93,128526,880555
SBH22,2022-01-21,18.81,19.11,18.68,18.9,89229,877634
SBH22,2022-01-24,18.84,18.98,18.51,18.81,103533,876615
SBH22,2022-01-25,18.85,18.95,18.62,18.78,119811,875995
SBH22,2022-01-26,18.75,18.81,18.38,18.49,140576,880311
SBH22,2022-01-27,18.39,18.53,18.31,18.41,103028,882006
SBH22,2022-01-28,18.42,18.5,18.09,18.2,120801,888731
SBH22,2022-01-31,18.3,18.36,17.9,18.22,161904,893730
SBH22,2022-02-01,18.29,18.56,18.17,18.48,136301,897035
SBH22,2022-02-02,18.5,18.5,17.86,17.93,175360,904027
SBH22,2022-02-03,17.93,18.12,17.77,17.99,140061,912395
SBH22,2022-02-04,18.01,18.3,17.98,18.23,167163,922776
SBH22,2022-02-07,18.16,18.3,17.97,18.05,146463,929504
SBH22,2022-02-08,18.01,18.14,17.84,18.08,151783,931602
SBH22,2022-02-09,18.08,18.68,18.02,18.48,360359,925212
SBH22,2022-02-10,18.48,18.54,18.22,18.3,182095,918987
SBH22,2022-02-11,18.23,18.35,18.07,18.26,199120,923815
SBH22,2022-02-14,18.22,18.4,18.01,18.12,136973,919626
SBH22,2022-02-15,18.19,18.27,17.96,18.07,171331,871213
SBH22,2022-02-16,18.15,18.25,18.04,18.07,122912,862096
SBH22,2022-02-17,18.05,18.35,18.05,18.28,104839,862658
SBH22,2022-02-18,18.25,18.48,18.11,18.2,107619,861083
SBH22,2022-02-22,18.3,18.5,18.27,18.48,159652,857376
SBH22,2022-02-23,18.48,18.6,18.45,18.53,137044,849701
SBH22,2022-02-24,18.69,18.87,18.25,18.32,209439,850796
SBH22,2022-02-25,18.33,18.38,17.95,17.99,121899,845535
SBK22,2022-02-28,17.77,17.78,17.58,17.7,81029,817993
SBK22,2022-03-01,17.72,18.43,17.7,18.34,154592,816211
SBK22,2022-03-02,18.5,18.67,18.28,18.64,154127,819620
SBK22,2022-03-03,18.65,18.98,18.45,18.93,156371,814895
SBK22,2022-03-04,18.9,19.48,18.81,19.35,244699,826679
SBK22,2022-03-07,19.58,19.89,19.22,19.27,226715,834283
SBK22,2022-03-08,19.2,19.73,19.01,19.43,160704,837413
SBK22,2022-03-09,19.43,19.63,18.91,18.94,161636,827173
SBK22,2022-03-10,19.02,19.59,18.96,19.1,180258,829782
SBK22,2022-03-11,19.12,19.29,18.87,19.24,103241,830101
SBK22,2022-03-14,19.2,19.2,19,19.13,74544,832058
SBK22,2022-03-15,18.85,18.9,18.57,18.73,105363,818877
SBK22,2022-03-16,18.8,18.85,18.51,18.56,65415,810810
SBK22,2022-03-17,18.62,18.97,18.56,18.69,64296,809265
SBK22,2022-03-18,18.74,19,18.57,18.93,60744,810369
SBK22,2022-03-21,19,19.34,18.98,19.28,83288,816060
SBK22,2022-03-22,19.33,19.33,19.12,19.15,77546,817462
SBK22,2022-03-23,19.15,19.37,19.03,19.24,66138,821155
SBK22,2022-03-24,19.21,19.5,19.2,19.26,82994,825305
SBK22,2022-03-25,19.31,19.65,19.21,19.61,100619,823215
SBK22,2022-03-28,19.52,19.64,19.37,19.59,93369,826858
SBK22,2022-03-29,19.59,19.6,18.84,19.11,162638,819459
SBK22,2022-03-30,19.23,19.59,19.2,19.47,115937,825578
SBK22,2022-03-31,19.31,19.54,19.24,19.49,93055,825138
SBK22,2022-04-01,19.42,19.52,19.25,19.37,114541,834737
SBK22,2022-04-04,19.37,19.77,19.37,19.61,148819,856057
SBK22,2022-04-05,19.71,19.81,19.54,19.65,125279,859871
SBK22,2022-04-06,19.7,19.76,19.45,19.59,153903,862052
SBK22,2022-04-07,19.6,20.04,19.59,19.84,252227,883323
SBK22,2022-04-08,19.93,20.45,19.84,20.41,302705,915133
SBK22,2022-04-11,20.33,20.37,20.06,20.31,249938,919048
SBK22,2022-04-12,20.39,20.48,20.16,20.22,308230,916130
SBK22,2022-04-13,20.22,20.51,20.02,20.1,238482,930032
SBK22,2022-04-14,20.15,20.35,19.91,20.06,146583,934216
SBK22,2022-04-18,20.14,20.32,19.98,20.26,97287,928967
SBK22,2022-04-19,20.2,20.21,19.72,19.74,161660,909622
SBK22,2022-04-20,19.8,19.85,19.61,19.62,110323,907806
SBK22,2022-04-21,19.7,19.94,19.57,19.87,124750,905298
SBK22,2022-04-22,19.8,19.85,19.21,19.24,157620,892821
SBK22,2022-04-25,19.15,19.15,18.87,18.95,135521,863631
SBK22,2022-04-26,19.02,19.19,18.9,18.99,109429,846421
SBK22,2022-04-27,18.99,19.4,18.8,19.02,126187,842979
SBK22,2022-04-28,19.06,19.47,18.94,19.42,133206,830986
SBN22,2022-04-29,19.25,19.4,19.12,19.15,108715,826758
SBN22,2022-05-02,19.07,19.1,18.69,18.85,85221,824306
SBN22,2022-05-03,18.85,18.92,18.59,18.62,91223,818627
SBN22,2022-05-04,18.7,18.91,18.54,18.62,98819,815851
SBN22,2022-05-05,18.74,18.88,18.61,18.78,87349,815851
SBN22,2022-05-06,18.84,19.21,18.57,19.16,105660,807327
SBN22,2022-05-09,19,19.03,18.56,18.66,91585,804768
SBN22,2022-05-10,18.65,18.77,18.51,18.54,81355,797453
SBN22,2022-05-11,18.62,18.73,18.44,18.55,74949,794485
SBN22,2022-05-12,18.47,18.71,18.3,18.64,94071,793256
SBN22,2022-05-13,18.72,19.2,18.68,19.17,109927,788686
SBN22,2022-05-16,19.7,19.7,19.28,19.68,144334,809260
SBN22,2022-05-17,19.66,20.24,19.57,20,175711,825281
SBN22,2022-05-18,19.95,20.13,19.74,19.83,107933,837210
SBN22,2022-05-19,19.76,19.88,19.51,19.77,81448,842025
SBN22,2022-05-20,19.82,20.1,19.73,19.95,77452,845894
SBN22,2022-05-23,20.05,20.09,19.72,19.77,103964,853744
SBN22,2022-05-24,19.7,19.99,19.45,19.75,131880,847420
SBN22,2022-05-25,19.82,19.93,19.54,19.68,84743,850460
SBN22,2022-05-26,19.4,19.62,19.27,19.54,91741,848398
SBN22,2022-05-27,19.51,19.73,19.4,19.61,63378,845522
SBN22,2022-05-31,19.8,19.92,19.33,19.4,106068,848463
SBN22,2022-06-01,19.4,19.68,19.28,19.44,106654,846793
SBN22,2022-06-02,19.38,19.59,19.23,19.35,104362,845041
SBN22,2022-06-03,19.35,19.42,19.25,19.29,66204,847113
SBN22,2022-06-06,19.45,19.76,19.45,19.56,170853,851053
SBN22,2022-06-07,19.4,19.41,18.94,18.97,288804,849814
SBN22,2022-06-08,18.97,19.17,18.84,18.98,244001,849153
SBN22,2022-06-09,18.99,19.45,18.82,19.29,292020,829346
SBN22,2022-06-10,19.3,19.35,18.84,18.87,196051,827532
SBN22,2022-06-13,18.8,18.81,18.61,18.71,236325,817160
SBN22,2022-06-14,18.71,18.86,18.58,18.7,154000,800806
SBN22,2022-06-15,18.66,18.73,18.38,18.46,194656,790924
SBN22,2022-06-16,18.53,18.64,18.39,18.58,146319,792481
SBN22,2022-06-17,18.72,18.96,18.57,18.6,132373,783865
SBN22,2022-06-21,18.6,19,18.6,18.66,133021,779773
SBN22,2022-06-22,18.6,18.6,18.42,18.45,148058,777567
SBN22,2022-06-23,18.42,18.55,18.32,18.38,148978,764789
SBN22,2022-06-24,18.39,18.43,18.23,18.37,115513,752687
SBN22,2022-06-27,18.39,18.55,18.2,18.3,110379,741495
SBN22,2022-06-28,18.49,18.63,18.38,18.53,100782,734324
SBN22,2022-06-29,18.56,18.64,18.31,18.55,80700,718413
SBV22,2022-06-30,18.49,18.76,18.41,18.5,90338,709806
SBV22,2022-07-01,18.45,18.54,18.06,18.07,97639,711923
SBV22,2022-07-05,18.2,18.29,17.71,17.8,124646,713245
SBV22,2022-07-06,17.9,18.03,17.75,17.99,102677,712330
SBV22,2022-07-07,18.04,18.59,17.98,18.52,121737,708181
SBV22,2022-07-08,18.49,19.15,18.45,19.02,152051,708860
SBV22,2022-07-11,19.05,19.12,18.84,18.86,83277,701746
SBV22,2022-07-12,18.8,18.9,18.6,18.69,77315,701144
SBV22,2022-07-13,18.69,19.2,18.69,19.14,94903,704283
SBV22,2022-07-14,19.14,19.19,18.82,18.97,71960,701954
SBV22,2022-07-15,18.97,19.38,18.93,19.25,78020,702985
SBV22,2022-07-18,19.27,19.59,19.24,19.41,79151,701321
SBV22,2022-07-19,19.31,19.39,18.8,18.84,97044,703614
SBV22,2022-07-20,18.87,18.94,18.63,18.67,63647,698413
SBV22,2022-07-21,18.7,18.74,18.26,18.35,96123,697698
SBV22,2022-07-22,18.42,18.43,17.87,17.89,135259,705128
SBV22,2022-07-25,17.86,17.89,17.44,17.47,145057,717127
SBV22,2022-07-26,17.58,17.82,17.35,17.47,137753,722469
SBV22,2022-07-27,17.51,17.62,17.32,17.4,116072,734010
SBV22,2022-07-28,17.55,17.97,17.49,17.72,124216,737224
SBV22,2022-07-29,17.81,17.89,17.52,17.54,72878,743895
SBV22,2022-08-01,17.58,17.65,17.2,17.6,100703,752773
SBV22,2022-08-02,17.67,17.78,17.36,17.69,87751,760093
SBV22,2022-08-03,17.61,18.03,17.5,17.77,89396,758741
SBV22,2022-08-04,17.63,17.86,17.53,17.55,78034,761319
SBV22,2022-08-05,17.66,17.98,17.58,17.94,80962,762154
SBV22,2022-08-08,17.96,18.14,17.79,17.96,77681,763253
SBV22,2022-08-09,17.93,18.07,17.75,17.98,79075,765669
SBV22,2022-08-10,17.98,18.4,17.96,18.28,107564,759259
SBV22,2022-08-11,18.28,18.5,18.18,18.49,94112,751010
SBV22,2022-08-12,18.49,18.65,18.39,18.6,67018,742934
SBV22,2022-08-15,18.56,18.7,18.43,18.54,83168,733799
SBV22,2022-08-16,18.5,18.54,18.22,18.27,83649,737535
SBV22,2022-08-17,18.26,18.43,18.14,18.24,67274,739299
SBV22,2022-08-18,18.28,18.28,17.75,17.77,102904,746763
SBV22,2022-08-19,17.78,18.2,17.61,18.09,114200,749393
SBV22,2022-08-22,17.94,18.09,17.74,17.94,74321,749340
SBV22,2022-08-23,18,18.04,17.8,17.89,69682,750335
SBV22,2022-08-24,17.93,18.24,17.9,18.04,86039,744871
SBV22,2022-08-25,18.09,18.19,17.71,17.9,121058,751090
SBV22,2022-08-26,17.91,18.49,17.85,18.47,142517,756221
SBV22,2022-08-29,18.47,18.51,18.21,18.44,87956,754569
SBV22,2022-08-30,18.44,18.52,18.06,18.1,82716,752642
SBV22,2022-08-31,18.21,18.25,17.85,17.89,106437,757415
SBV22,2022-09-01,17.86,18.07,17.75,17.99,136487,765175
SBV22,2022-09-02,18.06,18.32,18.03,18.15,149562,772699
SBV22,2022-09-06,18.24,18.28,17.93,17.98,201780,760601
SBV22,2022-09-07,17.98,18.34,17.92,18.05,223921,758058
SBV22,2022-09-08,18.05,18.24,17.85,17.93,250493,758572
SBV22,2022-09-09,18.01,18.26,17.93,18.22,346643,748267
SBV22,2022-09-12,18.26,18.52,18.13,18.35,276302,746041
SBV22,2022-09-13,18.4,18.59,18.22,18.38,249692,751873
SBV22,2022-09-14,18.4,18.55,18.24,18.27,206803,758066
SBV22,2022-09-15,18.36,18.38,18.16,18.18,164590,738741
SBV22,2022-09-16,18.18,18.21,17.87,17.88,172332,741020
SBV22,2022-09-19,17.89,17.91,17.5,17.69,132459,751185
SBV22,2022-09-20,17.81,18.26,17.66,18.19,145216,744972
SBV22,2022-09-21,18.25,18.35,18.08,18.22,105636,744459
SBV22,2022-09-22,18.2,18.52,18.2,18.49,98746,741710
SBV22,2022-09-23,18.5,18.55,18.04,18.28,155005,724223
SBV22,2022-09-26,18.26,18.75,18.15,18.35,136094,722752
SBV22,2022-09-27,18.42,18.67,18.15,18.19,124576,710887
SBV22,2022-09-28,18.23,18.48,18.1,18.29,121597,707082
SBV22,2022-09-29,18.27,18.48,18.22,18.44,89341,703869
SBH23,2022-09-30,17.83,17.9,17.6,17.68,75196,679830
SBH23,2022-10-03,17.79,17.83,17.36,17.42,101703,689266
SBH23,2022-10-04,17.52,17.99,17.41,17.91,103501,687018
SBH23,2022-10-05,17.95,18.1,17.89,17.95,95787,683132
SBH23,2022-10-06,17.97,18.5,17.95,18.46,133328,685866
SBH23,2022-10-07,18.31,18.73,18.31,18.68,143451,683951
SBH23,2022-10-10,18.68,18.78,18.53,18.61,107681,682630
SBH23,2022-10-11,18.59,18.75,18.35,18.74,118230,687209
SBH23,2022-10-12,18.74,18.94,18.57,18.68,102965,693431
SBH23,2022-10-13,18.69,18.83,18.41,18.81,101655,697837
SBH23,2022-10-14,18.83,18.9,18.75,18.84,85146,700893
SBH23,2022-10-17,18.81,18.92,18.67,18.77,96062,709933
SBH23,2022-10-18,18.77,18.77,18.53,18.67,85118,711664
SBH23,2022-10-19,18.73,18.73,18.45,18.65,95646,718725
SBH23,2022-10-20,18.64,18.66,18.36,18.39,77143,720857
SBH23,2022-10-21,18.38,18.57,18.26,18.38,56875,720729
SBH23,2022-10-24,18.32,18.37,18.1,18.13,89887,719073
SBH23,2022-10-25,18.16,18.2,18.06,18.11,70855,723503
SBH23,2022-10-26,18.1,18.11,17.85,17.86,94284,725232
SBH23,2022-10-27,17.88,17.93,17.69,17.71,105626,724195
SBH23,2022-10-28,17.72,17.73,17.55,17.58,96174,724986
SBH23,2022-10-31,17.7,18,17.67,17.97,156899,738092
SBH23,2022-11-01,18.05,18.5,18.05,18.43,143214,737846
SBH23,2022-11-02,18.45,18.49,18.15,18.47,111550,736278
SBH23,2022-11-03,18.35,18.49,18.2,18.47,85376,740282
SBH23,2022-11-04,18.5,18.82,18.48,18.71,126072,753118
SBH23,2022-11-07,18.5,18.8,18.41,18.68,111009,758031
SBH23,2022-11-08,18.7,19.03,18.59,19,117462,766340
SBH23,2022-11-09,18.95,19.43,18.85,19.38,177983,774650
SBH23,2022-11-10,19.26,19.43,19.08,19.41,172991,789103
SBH23,2022-11-11,19.45,19.85,19.44,19.64,167139,809941
SBH23,2022-11-14,19.59,19.98,19.5,19.83,116621,825039
SBH23,2022-11-15,19.86,20.33,19.74,20.29,141929,832522
SBH23,2022-11-16,20.3,20.48,20.22,20.27,152002,844738
SBH23,2022-11-17,20.11,20.2,19.68,19.73,147422,853223
SBH23,2022-11-18,19.6,20.34,19.59,20.05,140776,863449
SBH23,2022-11-21,19.98,20,19.73,19.86,85609,866918
SBH23,2022-11-22,19.94,20.07,19.68,19.74,89721,872727
SBH23,2022-11-23,19.74,19.78,19.45,19.55,77970,874322
SBH23,2022-11-25,19.78,19.83,19.28,19.33,103830,877404
SBH23,2022-11-28,19.25,19.45,19.05,19.38,111643,880157
SBH23,2022-11-29,19.52,19.78,19.06,19.53,124178,876309
SBH23,2022-11-30,19.52,19.94,19.49,19.63,91046,878154
SBH23,2022-12-01,19.7,19.73,19.41,19.62,82205,880530
SBH23,2022-12-02,19.66,19.68,19.35,19.48,89433,884761
SBH23,2022-12-05,19.55,19.94,19.52,19.55,99347,885592
SBH23,2022-12-06,19.54,19.68,19.36,19.39,75741,881388
SBH23,2022-12-07,19.45,19.54,19.27,19.48,82078,880769
SBH23,2022-12-08,19.57,19.85,19.52,19.68,92780,890317
SBH23,2022-12-09,19.73,19.87,19.56,19.6,85695,893153
SBH23,2022-12-12,19.68,19.71,19.31,19.38,98084,894316
SBH23,2022-12-13,19.47,19.83,19.31,19.76,111975,899777
SBH23,2022-12-14,19.66,20.41,19.59,20.29,188606,908113
SBH23,2022-12-15,20.28,20.73,19.86,19.98,184296,907621
SBH23,2022-12-16,19.88,20.29,19.8,20.09,88298,908868
SBH23,2022-12-19,20.1,20.43,20.03,20.14,94283,912829
SBH23,2022-12-20,20.15,20.7,20.14,20.58,143238,922300
SBH23,2022-12-21,20.65,20.99,20.6,20.75,89213,929517
SBH23,2022-12-22,20.75,21.03,20.6,20.89,95050,938612
SBH23,2022-12-23,20.95,21.18,20.81,20.98,65210,947019
SBH23,2022-12-27,20.98,20.99,20.23,20.32,77602,943801
SBH23,2022-12-28,20.27,20.49,20.1,20.16,84459,942738
SBH23,2022-12-29,20.23,20.44,20.13,20.29,49459,944298
SBH23,2022-12-30,20.4,20.43,20.01,20.04,51356,945663
SBH23,2023-01-03,20,20.02,19.64,19.7,120990,940021
SBH23,2023-01-04,19.7,19.71,19.51,19.54,110173,935342
SBH23,2023-01-05,19.6,19.63,19.32,19.34,121947,929614
SBH23,2023-01-06,19.38,19.38,18.94,18.96,160651,925170
SBH23,2023-01-09,19.02,19.28,18.92,19.17,122740,919652
SBH23,2023-01-10,19.17,19.83,19.13,19.64,147694,905839
SBH23,2023-01-11,19.55,20.04,19.54,19.65,115988,899255
SBH23,2023-01-12,19.65,19.81,19.45,19.59,78480,893649
SBH23,2023-01-13,19.63,19.81,19.46,19.73,78480,893863
SBH23,2023-01-17,19.84,20.19,19.68,20.14,119565,898526
SBH23,2023-01-18,20.09,20.25,19.68,19.82,114648,900070
SBH23,2023-01-19,19.8,19.99,19.58,19.68,98308,899199
SBH23,2023-01-20,19.76,19.82,19.5,19.72,98312,902759
SBH23,2023-01-23,19.63,19.92,19.6,19.7,97532,910440
SBH23,2023-01-24,19.7,19.94,19.57,19.88,124136,924848
SBH23,2023-01-25,19.93,20.15,19.73,20.11,142747,937457
SBH23,2023-01-26,20.08,20.85,20.07,20.68,245428,945193
SBH23,2023-01-27,20.76,21.03,20.55,20.96,245428,960251
SBH23,2023-01-30,21.01,21.33,20.89,21.21,224599,973346
SBH23,2023-01-31,21.25,21.82,21.17,21.76,265991,995391
SBH23,2023-02-01,21.8,21.86,21.33,21.37,216583,998629
SBH23,2023-02-02,21.36,21.77,21.3,21.66,187991,1008410
SBH23,2023-02-03,21.69,21.71,21.18,21.24,188008,1013556
SBH23,2023-02-06,21.25,21.37,20.58,20.66,283008,1001006
SBH23,2023-02-07,20.78,21.05,20.5,20.84,266889,1001483
SBH23,2023-02-08,20.84,21.29,20.65,21.2,273327,990029
SBH23,2023-02-09,21.29,21.73,21.24,21.45,276552,991406
SBH23,2023-02-10,21.49,21.89,21.26,21.58,276552,985540
SBH23,2023-02-13,21.57,21.66,21.12,21.2,0,0
SBH23,2023-02-14,21.27,21.6,21.18,21.57,145870,969635
SBH23,2023-02-15,21.48,21.5,21.25,21.38,210347,940322
SBH23,2023-02-16,21.48,21.65,21.27,21.45,131551,935948
SBH23,2023-02-17,21.45,21.69,21.35,21.41,131551,929298
SBH23,2023-02-21,21.5,21.71,21.31,21.33,153891,926553
SBH23,2023-02-22,21.36,21.49,21.25,21.29,144738,928284
SBH23,2023-02-23,21.34,21.7,21.28,21.58,180056,926804
SBH23,2023-02-24,21.7,21.78,21.23,21.28,180056,919690
SBH23,2023-02-27,21.37,22.14,21.27,22.09,129063,914634
SBK23,2023-02-28,20.31,20.47,19.96,20.07,103036,901119
SBK23,2023-03-01,20.09,20.65,20.04,20.57,145170,910461
SBK23,2023-03-02,20.57,20.62,20.2,20.31,97949,913064
SBK23,2023-03-03,20.35,21.04,20.32,20.92,97949,924658
SBK23,2023-03-06,20.93,20.96,20.63,20.87,109768,926306
SBK23,2023-03-07,20.87,21.25,20.81,21.02,140957,929179
SBK23,2023-03-08,21,21.03,20.77,20.88,105217,926975
SBK23,2023-03-09,20.82,21.33,20.71,21.15,140009,933486
SBK23,2023-03-10,21.04,21.22,20.66,21.16,140009,931108
SBK23,2023-03-13,21.23,21.27,20.7,20.8,0,0
SBK23,2023-03-14,20.86,21.02,20.65,20.68,124133,932452
SBK23,2023-03-15,20.64,20.7,20.39,20.5,128196,925947
SBK23,2023-03-16,20.61,20.85,20.35,20.76,115769,921152
SBK23,2023-03-17,20.79,20.94,20.53,20.67,115972,927220
SBK23,2023-03-20,20.5,20.69,20.42,20.48,0,0
SBK23,2023-03-21,20.6,20.92,20.49,20.8,74393,929418
SBK23,2023-03-22,20.85,21.38,20.78,21.14,125482,934315
SBK23,2023-03-23,21.15,21.34,20.81,20.89,112032,936375
SBK23,2023-03-24,20.97,20.99,20.65,20.82,112032,942496
SBK23,2023-03-27,20.91,21.15,20.74,20.93,0,0
SBK23,2023-03-28,20.99,21.45,20.96,21.31,118607,953477
SBK23,2023-03-29,21.38,21.42,21.05,21.25,219789,948848
SBK23,2023-03-30,21.3,22,21.3,21.96,254317,958408
SBK23,2023-03-31,21.99,22.36,21.78,22.25,254317,989483
SBK23,2023-04-03,22.35,22.63,22.19,22.4,0,0
SBK23,2023-04-04,22.25,22.6,22.22,22.47,174100,1005892
SBK23,2023-04-05,22.48,23.01,22.41,22.95,257389,1008290
SBK23,2023-04-06,23.01,23.68,22.71,23.61,257389,1012457
SBK23,2023-04-10,23.56,23.82,23.44,23.56,0,0
SBK23,2023-04-11,23.73,24.45,23.62,24.37,399911,992086
SBK23,2023-04-12,24.65,24.85,23.92,24.05,309005,983403
SBK23,2023-04-13,24,24.7,23.9,24.04,231140,970340
SBK23,2023-04-14,23.92,24.27,23.75,24.1,231140,970997
SBK23,2023-04-17,24.25,24.5,24.12,24.44,0,0
SBK23,2023-04-18,24.44,24.69,24.1,24.54,169697,961060
SBK23,2023-04-19,24.46,24.9,24.3,24.37,153950,963850
SBK23,2023-04-20,24.26,25.37,24.19,25.25,190932,963985
SBK23,2023-04-21,25.62,25.62,24.67,24.83,190932,958595
SBK23,2023-04-24,24.77,25.99,24.6,25.91,0,0
SBK23,2023-04-25,25.9,26.87,25.59,26.65,219755,959708
SBK23,2023-04-26,26.7,27.07,26.37,26.51,216312,959024
SBK23,2023-04-27,26.41,27.41,26.27,26.99,253502,970211
SBN23,2023-04-28,26.35,26.5,25.96,26.35,241607,950767
SBN23,2023-05-01,26.39,26.48,25.43,25.54,0,0
SBN23,2023-05-02,25.5,26.06,25.07,25.14,161480,940050
SBN23,2023-05-03,25.08,25.44,24.88,25.17,134602,945784
SBN23,2023-05-04,25.17,25.66,24.95,25.52,105771,947718
SBN23,2023-05-05,25.6,26.45,25.59,26.32,105771,949260
SBN23,2023-05-08,26.42,26.48,26.01,26.09,0,0
SBN23,2023-05-09,26.06,26.43,25.93,26.19,122392,955975
SBN23,2023-05-10,26.17,26.74,26.01,26.66,120220,961884
SBN23,2023-05-11,26.62,26.74,25.99,26.02,162456,961425
SBN23,2023-05-12,26.07,26.39,26,26.22,96094,960100
SBN23,2023-05-15,26.3,26.43,25.83,26.29,93186,963282
SBN23,2023-05-16,26.26,26.63,26.01,26.07,107514,963347
SBN23,2023-05-17,26.14,26.15,25.8,25.91,75022,964997
SBN23,2023-05-18,25.88,25.97,25.46,25.61,120221,968146
SBN23,2023-05-19,25.65,26.09,25.59,25.78,85252,972832
SBN23,2023-05-22,25.75,26.05,25.58,25.99,89540,977684
SBN23,2023-05-23,25.99,26.22,25.77,25.81,126617,983887
SBN23,2023-05-24,25.77,25.93,25.46,25.49,139415,985411
SBN23,2023-05-25,25.4,25.45,24.61,24.83,275683,980007
SBN23,2023-05-26,24.95,25.64,24.71,25.37,275683,973410
SBN23,2023-05-30,25.38,25.83,25.19,25.33,213852,962437
SBN23,2023-05-31,25.3,25.44,25.02,25.06,141343,976640
SBN23,2023-06-01,25.1,25.4,24.74,24.88,158898,994122
SBN23,2023-06-02,24.88,24.88,24.57,24.73,186488,1000634
SBN23,2023-06-05,24.85,25.08,24.33,24.4,255977,1002573
SBN23,2023-06-06,24.44,24.75,24.23,24.58,267599,1021535
SBN23,2023-06-07,24.68,24.89,24.38,24.5,196997,1023348
SBN23,2023-06-08,24.49,25.68,24.42,25.48,319320,1022204
SBN23,2023-06-09,25.7,26.15,25.35,25.38,276536,1026537
SBN23,2023-06-12,25.38,26,25.22,25.47,240699,1015985
SBN23,2023-06-13,25.46,25.63,25.03,25.16,262937,1001738
SBN23,2023-06-14,25.19,25.88,25.12,25.84,186779,998711
SBN23,2023-06-15,25.84,26.41,25.6,26,272109,979539
SBN23,2023-06-16,26.07,26.49,25.96,26.43,272109,978122
SBN23,2023-06-20,26.25,26.48,25.93,26.22,220217,967113
SBN23,2023-06-21,26.25,26.38,25.83,25.88,202441,962304
SBN23,2023-06-22,25.89,25.89,24.9,24.93,212533,945702
SBN23,2023-06-23,24.96,24.98,24.13,24.18,209198,933449
SBN23,2023-06-26,24.53,24.74,23.67,23.72,194233,914259
SBN23,2023-06-27,23.72,23.83,22.86,23.03,230576,891033
SBN23,2023-06-28,23.28,23.29,22.46,22.57,149939,881151
SBN23,2023-06-29,22.63,22.63,21.81,22.07,216573,870076
SBV23,2023-06-30,22.18,23.09,22.17,22.79,146767,860912
SBV23,2023-07-03,22.87,23.61,22.78,23.32,146767,863595
SBV23,2023-07-05,23.4,23.72,23.06,23.53,125556,867124
SBV23,2023-07-06,23.5,23.58,23.2,23.25,90020,871389
SBV23,2023-07-07,23.15,23.83,23.11,23.53,81795,876736
SBV23,2023-07-10,23.48,23.5,23.2,23.44,77233,877431
SBV23,2023-07-11,23.47,23.71,23.16,23.53,88746,877695
SBV23,2023-07-12,23.53,24,23.31,23.91,90937,874955
SBV23,2023-07-13,23.91,24.25,23.76,24.01,78194,873447
SBV23,2023-07-14,24.08,24.4,24.01,24.32,78661,876299
SBV23,2023-07-17,24.36,24.39,23.64,23.8,83960,878868
SBV23,2023-07-18,23.71,24.06,23.59,23.86,60769,881020
SBV23,2023-07-19,23.86,24.37,23.7,24.21,86294,882794
SBV23,2023-07-20,24.3,24.7,24.16,24.67,96835,888259
SBV23,2023-07-21,24.55,25.1,24.34,25.01,102938,894762
SBV23,2023-07-24,25,25.3,24.84,24.92,104367,906313
SBV23,2023-07-25,24.88,24.88,24.54,24.69,84825,911185
SBV23,2023-07-26,24.65,24.81,24.15,24.39,94653,911834
SBV23,2023-07-27,24.42,24.58,24.02,24.43,76368,917958
SBV23,2023-07-28,24.4,24.43,23.87,23.92,79757,919047
SBV23,2023-07-31,23.95,24.19,23.84,24.11,78475,916865
SBV23,2023-08-01,24.11,24.57,23.99,24.39,92590,919658
SBV23,2023-08-02,24.39,24.61,24.09,24.2,71002,920935
SBV23,2023-08-03,24.21,24.42,23.71,24.02,93034,918643
SBV23,2023-08-04,24.07,24.11,23.57,23.69,69713,915626
SBV23,2023-08-07,23.69,24.03,23.4,23.74,82719,916121
SBV23,2023-08-08,23.7,23.71,23.29,23.45,92013,912260
SBV23,2023-08-09,23.65,23.8,23.47,23.71,76533,913151
SBV23,2023-08-10,23.85,24.2,23.66,23.95,95278,917579
SBV23,2023-08-11,23.99,24.42,23.72,24.33,94793,927844
SBV23,2023-08-14,24.3,24.41,23.93,24.05,68113,927939
SBV23,2023-08-15,24.03,24.28,23.7,23.77,87563,929306
SBV23,2023-08-16,23.77,24.3,23.63,24.19,92710,933229
SBV23,2023-08-17,24.25,24.74,23.94,24,156278,943961
SBV23,2023-08-18,24,24.03,23.67,23.76,108841,947284
SBV23,2023-08-21,23.8,24.16,23.38,23.4,129945,950479
SBV23,2023-08-22,23.48,23.71,23.31,23.4,115314,944221
SBV23,2023-08-23,23.34,24.23,23.08,23.85,222574,931080
SBV23,2023-08-24,23.99,24.37,23.64,24.29,141318,929758
SBV23,2023-08-25,24.29,24.89,24.1,24.83,154935,944191
SBV23,2023-08-28,24.9,25.64,24.78,25.57,176891,945727
SBV23,2023-08-29,25.53,25.68,25.22,25.45,154992,944052
SBV23,2023-08-30,25.39,25.9,25.23,25.34,173338,957747
SBV23,2023-08-31,25.31,25.63,25.02,25.06,137891,951965
SBV23,2023-09-01,25.11,25.87,25.05,25.81,137891,957408
SBV23,2023-09-05,25.82,26.94,25.66,26.65,252269,966992
SBV23,2023-09-06,26.56,26.9,25.99,26.22,178517,980783
SBV23,2023-09-07,26.21,26.89,25.94,26.68,166882,986977
SBV23,2023-09-08,26.87,27.1,26.11,26.31,225444,1003909
SBV23,2023-09-11,26.34,26.49,25.96,26.4,244842,1001198
SBV23,2023-09-12,26.36,27.26,26.09,26.83,273310,996532
SBV23,2023-09-13,26.75,26.9,26.44,26.54,202256,1004396
SBV23,2023-09-14,26.7,27.14,26.61,26.98,189240,1002575
SBV23,2023-09-15,26.93,27.59,26.76,26.91,265226,969259
SBV23,2023-09-18,26.83,27.26,26.45,27.11,177905,952182
SBV23,2023-09-19,27.1,27.62,27.02,27.44,133579,956532
SBV23,2023-09-20,27.28,27.32,26.66,26.79,147442,949540
SBV23,2023-09-21,26.78,26.99,26.56,26.93,153221,945774
SBV23,2023-09-22,26.9,27.27,26.71,26.97,129278,937996
SBV23,2023-09-25,27,27.02,26.23,26.31,158307,918504
SBV23,2023-09-26,26.25,26.5,25.97,26.02,163430,903444
SBV23,2023-09-27,26.14,26.41,25.96,26.13,140105,895393
SBV23,2023-09-28,26.24,26.85,25.95,26.73,138630,886625
SBH24,2023-09-29,27,27.1,26.36,26.48,88593,827922
SBH24,2023-10-02,26.54,26.79,26.25,26.35,87706,828997
SBH24,2023-10-03,26.33,26.44,25.59,25.67,143313,820468
SBH24,2023-10-04,25.67,26.27,25.28,25.93,143149,818541
SBH24,2023-10-05,25.93,26.41,25.77,26.16,80601,815941
SBH24,2023-10-06,26.3,26.83,26.13,26.74,111377,815845
SBH24,2023-10-09,26.86,27.28,26.68,27.18,116995,815625
SBH24,2023-10-10,27.17,27.24,26.78,27.05,94731,821749
SBH24,2023-10-11,27.05,27.18,26.3,26.4,91640,823777
SBH24,2023-10-12,26.4,26.75,26.25,26.35,86832,828826
SBH24,2023-10-13,26.44,27.18,26.35,27.03,83527,831991
SBH24,2023-10-16,27.09,27.1,26.8,27.05,62418,836640
SBH24,2023-10-17,26.99,27.57,26.96,27.49,107018,842662
SBH24,2023-10-18,27.56,27.67,27.17,27.48,90744,849792
SBH24,2023-10-19,27.36,27.41,26.85,27.29,82727,846692
SBH24,2023-10-20,27.24,27.25,26.8,26.85,67408,846333
SBH24,2023-10-23,26.85,27.58,26.49,27.48,100995,851942
SBH24,2023-10-24,27.55,27.75,27.32,27.53,86064,857661
SBH24,2023-10-25,27.6,28,27.28,27.63,104194,861750
SBH24,2023-10-26,27.67,27.79,27,27.04,78090,859094
SBH24,2023-10-27,27.04,27.5,27,27.34,58474,861727
SBH24,2023-10-30,27.5,27.53,26.65,26.75,96740,866672
SBH24,2023-10-31,26.83,27.15,26.69,27.09,77978,865859
SBH24,2023-11-01,27.16,27.69,27.13,27.51,119979,873298
SBH24,2023-11-02,27.56,27.72,27.1,27.48,76359,870675
SBH24,2023-11-03,27.56,27.83,27.33,27.77,65290,874998
SBH24,2023-11-06,27.65,28.08,27.59,27.95,102644,879948
SBH24,2023-11-07,27.92,28.14,27.52,27.59,83606,879489
SBH24,2023-11-08,27.57,27.58,27.18,27.21,96561,861191
SBH24,2023-11-09,27.25,27.92,27.2,27.78,77323,860997
SBH24,2023-11-10,27.75,27.87,27.2,27.29,82056,859833
SBH24,2023-11-13,27.3,27.75,27.16,27.71,81277,861153
SBH24,2023-11-14,27.71,27.81,27.13,27.18,78300,860384
SBH24,2023-11-15,27.2,27.37,27.02,27.15,89119,858996
SBH24,2023-11-16,27.1,27.42,27.01,27.19,72661,860967
SBH24,2023-11-17,27.15,27.32,27,27.18,74466,862367
SBH24,2023-11-20,27.23,27.6,27.07,27.56,74046,866695
SBH24,2023-11-21,27.64,27.78,27.48,27.75,72501,871894
SBH24,2023-11-22,27.77,27.77,27.16,27.22,72501,877434
SBH24,2023-11-24,27.28,27.38,26.81,26.98,125975,879002
SBH24,2023-11-27,26.98,27.3,26.8,27.2,94855,876511
SBH24,2023-11-28,27.17,27.25,26.8,26.99,111446,875946
SBH24,2023-11-29,27.04,27.12,26.8,26.86,81048,873501
SBH24,2023-11-30,26.83,26.85,25.9,26.04,231682,877636
SBH24,2023-12-01,26.15,26.17,24.95,25.09,312497,873262
SBH24,2023-12-04,25.06,25.98,24.58,25.81,223484,867084
SBH24,2023-12-05,25.9,25.9,24.81,24.96,193482,853428
SBH24,2023-12-06,24.92,24.92,22.94,23,367711,825471
SBH24,2023-12-07,23.39,23.93,22.8,23.03,248817,810955
SBH24,2023-12-08,23.1,23.6,23.1,23.36,168473,786673
SBH24,2023-12-11,23.44,23.49,22.17,22.47,163483,784440
SBH24,2023-12-12,22.47,22.66,21.48,22.59,207941,781527
SBH24,2023-12-13,22.56,23.12,21.82,21.97,160783,778683
SBH24,2023-12-14,21.97,22.31,21.16,22.18,180650,783369
SBH24,2023-12-15,22.3,22.59,21.75,21.99,113339,777465
SBH24,2023-12-18,21.98,21.99,21.25,21.31,122753,771058
SBH24,2023-12-19,21.4,21.62,20.85,21.43,144175,774617
SBH24,2023-12-20,21.39,21.67,20.81,20.92,125995,784367
SBH24,2023-12-21,20.8,20.83,20.12,20.24,161510,788088
SBH24,2023-12-22,20.38,21.08,20.23,20.62,161510,790560
SBH24,2023-12-26,20.6,20.77,20.03,20.53,60232,792894
SBH24,2023-12-27,20.57,20.93,20.15,20.6,90188,801809
SBH24,2023-12-28,20.51,21.91,20.46,21.76,126027,805827
SBH24,2023-12-29,21.76,21.88,20.33,20.58,126027,829579
SBH24,2024-01-02,20.6,21.38,20.6,20.9,128008,826270
SBH24,2024-01-03,20.9,21.4,20.71,20.85,100750,826690
SBH24,2024-01-04,20.98,21.25,20.86,21.08,88077,835279
SBH24,2024-01-05,21.13,21.21,20.6,21.11,80854,820521
SBH24,2024-01-08,21.11,21.79,21.11,21.74,105763,813141
SBH24,2024-01-09,21.8,21.96,21.54,21.7,105649,811145
SBH24,2024-01-10,21.58,21.94,21.36,21.41,108316,811185
SBH24,2024-01-11,21.41,21.91,21.32,21.76,95909,805444
SBH24,2024-01-12,21.89,21.95,21.56,21.61,95909,803292
SBH24,2024-01-16,21.85,22.64,21.85,22.52,173253,801086
SBH24,2024-01-17,22.55,22.69,22.21,22.35,129965,810061
SBH24,2024-01-18,22.35,23.2,22.29,23.04,115359,810468
SBH24,2024-01-19,23.1,23.75,23.04,23.57,179738,813685
SBH24,2024-01-22,23.56,23.74,23.42,23.5,113789,819046
SBH24,2024-01-23,23.48,23.88,23.25,23.75,113996,819120
SBH24,2024-01-24,23.7,24.54,23.45,24.46,167061,826069
SBH24,2024-01-25,24.48,24.62,23.92,24.04,170612,835506
SBH24,2024-01-26,24,24.33,23.64,23.77,131937,844322
SBH24,2024-01-29,23.77,24.3,23.42,23.53,123385,845539
SBH24,2024-01-30,23.42,24.02,23.29,23.91,117633,851084
SBH24,2024-01-31,23.93,24.18,23.77,24.13,111314,850139
SBH24,2024-02-01,24.13,24.24,23.45,23.56,132662,854362
SBH24,2024-02-02,23.44,24.02,23.31,23.89,155715,861418
SBH24,2024-02-05,23.94,23.99,23.43,23.53,135557,865150
SBH24,2024-02-06,23.52,23.92,23.02,23.56,212495,881004
SBH24,2024-02-07,23.7,24.41,23.64,23.88,238989,883510
SBH24,2024-02-08,23.87,24.05,23.55,23.98,184530,880562
SBH24,2024-02-09,24,24.42,23.86,24.02,186734,880582
SBH24,2024-02-12,23.95,23.99,23.52,23.56,164576,883389
SBH24,2024-02-13,23.62,23.64,23.23,23.3,145520,884135
SBH24,2024-02-14,23.3,23.57,22.79,23.37,172936,879580
SBH24,2024-02-15,23.37,23.38,22.75,22.82,214847,848369
SBH24,2024-02-16,22.85,23.39,22.71,23.08,214847,844046
SBH24,2024-02-20,23,23,22.49,22.75,184200,848563
SBH24,2024-02-21,22.78,22.93,22.47,22.77,122560,848078
SBH24,2024-02-22,22.77,22.95,22.11,22.83,193691,846702
SBH24,2024-02-23,22.7,23.08,22.56,22.62,134991,841248
SBH24,2024-02-26,22.67,23.45,22.45,23.15,163007,830647
SBH24,2024-02-27,23.24,24.07,23.12,23.84,162528,822162
SBH24,2024-02-28,23.8,24.16,23.67,24.01,89797,819088
SBK24,2024-02-29,22.73,22.73,21.54,21.69,177337,814296
SBK24,2024-03-01,21.83,21.88,20.96,21.09,180175,826664
SBK24,2024-03-04,21.13,21.43,20.55,20.6,148636,843111
SBK24,2024-03-05,20.69,21.16,20.53,20.87,114930,842380
SBK24,2024-03-06,20.87,21.68,20.72,21.45,115903,834112
SBK24,2024-03-07,21.47,21.48,20.86,21.28,97243,821301
SBK24,2024-03-08,21.29,21.4,21.01,21.15,82611,823236
SBK24,2024-03-11,21.18,21.99,21.13,21.95,113640,820215
SBK24,2024-03-12,21.9,22.1,21.77,21.89,128775,819781
SBK24,2024-03-13,22,22.18,21.36,21.93,125495,826761
SBK24,2024-03-14,22,22.23,21.66,21.77,112859,830645
SBK24,2024-03-15,21.75,22.15,21.72,22.12,87209,834986
SBK24,2024-03-18,22.2,22.35,21.94,22.16,88534,832085
SBK24,2024-03-19,22.15,22.22,21.48,21.64,107437,834490
SBK24,2024-03-20,21.58,21.8,21.13,21.77,110753,837131
SBK24,2024-03-21,21.89,22.18,21.82,22.06,86462,834834
SBK24,2024-03-22,21.97,22.23,21.75,21.85,80790,839214
SBK24,2024-03-25,21.78,22.13,21.72,21.95,77209,838390
SBK24,2024-03-26,21.94,22.48,21.93,22.39,161154,839231
SBK24,2024-03-27,22.34,22.39,21.76,22.19,101828,837492
SBK24,2024-03-28,22.19,22.59,22.06,22.52,128190,844898
SBK24,2024-04-01,22.65,22.91,22.53,22.72,156783,844173
SBK24,2024-04-02,22.65,22.91,22.27,22.32,144956,845531
SBK24,2024-04-03,22.32,22.63,22.04,22.22,126723,845158
SBK24,2024-04-04,22.29,22.47,22.12,22.36,100612,849225
SBK24,2024-04-05,22.37,22.48,21.8,21.99,154174,843191
SBK24,2024-04-08,21.93,22.23,21.55,21.59,171191,841671
SBK24,2024-04-09,21.54,21.71,21.38,21.49,185060,834056
SBK24,2024-04-10,21.69,21.83,21.4,21.46,142164,832658
SBK24,2024-04-11,21.45,21.56,20.81,20.85,236521,834462
SBK24,2024-04-12,20.85,20.97,20.41,20.45,219637,829273
SBK24,2024-04-15,20.51,20.6,20,20.02,194935,810765
SBK24,2024-04-16,20.05,20.05,19.28,19.63,290262,811191
SBK24,2024-04-17,19.57,19.63,19.17,19.32,187639,819977
SBK24,2024-04-18,19.5,19.77,19.25,19.59,141891,828235
SBK24,2024-04-19,19.8,19.84,19.45,19.73,145857,831042
SBK24,2024-04-22,19.88,20.15,19.71,19.8,123175,836717
SBK24,2024-04-23,19.8,19.99,19.73,19.91,123224,827078
SBK24,2024-04-24,19.91,20.04,19.77,20,108695,831294
SBK24,2024-04-25,19.9,19.92,19.25,19.48,188753,837376
SBK24,2024-04-26,19.44,20,19.35,19.4,176304,833847
SBK24,2024-04-29,19.37,20.23,19.37,20.2,154480,831471
SBN24,2024-04-30,19.78,19.84,19.26,19.41,88055,800460
SBN24,2024-05-01,19.48,19.48,19.09,19.22,78007,806095
SBN24,2024-05-02,19.35,19.49,19.1,19.25,96216,812058
SBN24,2024-05-03,19.3,19.52,19.18,19.28,87688,818978
SBN24,2024-05-06,19.3,19.52,19.15,19.48,61074,823674
SBN24,2024-05-07,19.5,20,19.38,19.95,143690,825438
SBN24,2024-05-08,19.95,19.95,19.51,19.6,110386,816174
SBN24,2024-05-09,19.6,19.87,19.4,19.58,91298,819973
SBN24,2024-05-10,19.58,19.61,19.25,19.3,71067,820362
SBN24,2024-05-13,19.24,19.34,18.58,18.63,159369,827606
SBN24,2024-05-14,18.6,18.95,18.31,18.87,115757,829891
SBN24,2024-05-15,18.9,18.96,18.5,18.65,93062,829174
SBN24,2024-05-16,18.65,18.65,17.95,18.33,163447,848854
SBN24,2024-05-17,18.35,18.45,18.06,18.13,83522,856399
SBN24,2024-05-20,18.08,18.79,18.05,18.68,96414,858619
SBN24,2024-05-21,18.67,18.76,18.41,18.56,73575,858459
SBN24,2024-05-22,18.56,18.6,18.2,18.23,67278,861824
SBN24,2024-05-23,18.23,18.57,18.23,18.26,102734,867858
SBN24,2024-05-24,18.26,18.48,18.03,18.41,102847,875374
SBN24,2024-05-28,18.67,18.8,18.53,18.73,130178,875017
SBN24,2024-05-29,18.7,18.73,18.22,18.35,112986,874712
SBN24,2024-05-30,18.32,18.37,18.15,18.19,96689,873068
SBN24,2024-05-31,18.18,18.46,18.03,18.3,113417,878880
SBN24,2024-06-03,18.3,18.85,18.21,18.78,132247,885624
SBN24,2024-06-04,18.77,18.9,18.62,18.86,176048,881990
SBN24,2024-06-05,18.87,19.17,18.73,19.13,235244,877898
SBN24,2024-06-06,19.15,19.33,19.08,19.22,211219,871827
SBN24,2024-06-07,19.2,19.37,18.76,19,269025,861297
SBN24,2024-06-10,18.95,19.3,18.6,18.63,244989,854595
SBN24,2024-06-11,18.7,18.95,18.59,18.79,178135,858042
SBN24,2024-06-12,18.75,19.19,18.73,19.1,231690,869800
SBN24,2024-06-13,19.05,19.64,19.05,19.59,278332,881058
SBN24,2024-06-14,19.49,19.6,19.27,19.43,166218,864106
SBN24,2024-06-17,19.32,19.32,18.81,18.98,199118,842776
SBN24,2024-06-18,18.93,19.19,18.81,18.92,199118,829334
SBN24,2024-06-20,19.1,19.43,18.82,18.89,204398,831770
SBN24,2024-06-21,18.92,19.06,18.81,18.97,152461,833220
SBN24,2024-06-24,18.92,19.44,18.82,19.41,201962,834293
SBN24,2024-06-25,19.47,19.47,18.84,19.1,215789,808974
SBN24,2024-06-26,19.1,19.31,18.91,19.24,151078,812601
SBN24,2024-06-27,19.29,20.16,19.23,20.12,230854,801932
SBV24,2024-06-28,20.21,20.48,19.94,20.3,183236,772293
SBV24,2024-07-01,20.25,20.41,20.06,20.23,103948,770825
SBV24,2024-07-02,20.14,20.78,19.93,20.61,160907,775139
SBV24,2024-07-03,20.61,20.73,20.45,20.53,160907,776435
SBV24,2024-07-05,20.53,20.67,20.08,20.14,121276,782484
SBV24,2024-07-08,20.13,20.37,19.83,20.13,101114,779397
SBV24,2024-07-09,20.31,20.31,19.61,19.62,103268,778762
SBV24,2024-07-10,19.69,20.12,19.52,19.81,102253,775518
SBV24,2024-07-11,19.79,19.9,19.39,19.43,110612,770673
SBV24,2024-07-12,19.45,19.53,19.18,19.2,102144,770662
SBV24,2024-07-15,19.15,19.82,19.09,19.76,98805,770987
SBV24,2024-07-16,19.82,19.88,19.54,19.62,67920,769545
SBV24,2024-07-17,19.6,19.6,19.15,19.36,89079,765974
SBV24,2024-07-18,19.36,19.38,18.81,18.94,116201,766485
SBV24,2024-07-19,19,19,18.55,18.66,110526,774332
SBV24,2024-07-22,18.66,18.74,18.25,18.3,118349,781383
SBV24,2024-07-23,18.3,18.41,18.08,18.16,101280,787803
SBV24,2024-07-24,18.2,18.31,17.86,17.91,134148,793064
SBV24,2024-07-25,18,18.7,17.92,18.66,145694,801591
SBV24,2024-07-26,18.7,18.74,18.32,18.42,71405,800270
SBV24,2024-07-29,18.5,19.05,18.47,19.01,97814,795302
SBV24,2024-07-30,19.06,19.14,18.81,19.12,71605,794156
SBV24,2024-07-31,19.18,19.32,18.75,18.94,95466,796425
SBV24,2024-08-01,19,19.22,18.39,18.5,111438,793958
SBV24,2024-08-02,18.53,18.67,18,18.1,109986,803212
SBV24,2024-08-05,18.05,18.35,17.64,18.08,103889,802084
SBV24,2024-08-06,18.1,18.13,17.77,17.87,76274,803315
SBV24,2024-08-07,17.87,18.26,17.8,18.14,69547,806724
SBV24,2024-08-08,18.08,18.85,17.95,18.57,123552,805722
SBV24,2024-08-09,18.5,18.88,18.31,18.48,79691,801477
SBV24,2024-08-12,18.52,18.73,18.23,18.29,65513,803458
SBV24,2024-08-13,18.35,18.7,18.3,18.39,67555,808191
SBV24,2024-08-14,18.36,18.44,17.91,17.97,75553,811741
SBV24,2024-08-15,17.98,18.09,17.81,17.88,78336,814657
SBV24,2024-08-16,17.85,18.37,17.84,18.03,69991,816121
SBV24,2024-08-19,18,18.13,17.92,18.02,60917,818350
SBV24,2024-08-20,18.09,18.12,17.52,17.57,110742,822948
SBV24,2024-08-21,17.6,17.74,17.52,17.65,73174,829745
SBV24,2024-08-22,17.68,18.06,17.64,17.85,71093,832301
SBV24,2024-08-23,17.91,18.43,17.89,18.39,112853,832989
SBV24,2024-08-26,18.5,19.17,18.5,19.04,180379,833547
SBV24,2024-08-27,19.18,19.68,18.52,19.6,213597,831103
SBV24,2024-08-28,19.61,19.66,19.12,19.54,179763,824821
SBV24,2024-08-29,19.56,19.98,19.45,19.89,197772,829614
SBV24,2024-08-30,19.88,19.95,19.28,19.38,197772,835282
SBV24,2024-09-03,19.12,19.77,19.02,19.49,160066,831823
SBV24,2024-09-04,19.4,19.54,19.07,19.24,131076,827948
SBV24,2024-09-05,19.25,19.57,19.15,19.22,105484,825029
SBV24,2024-09-06,19.29,19.61,18.84,18.91,147049,825627
SBV24,2024-09-09,18.92,19.04,18.6,18.83,222905,820626
SBV24,2024-09-10,18.83,18.87,18.43,18.47,227075,819876
SBV24,2024-09-11,18.5,18.98,18.44,18.73,244204,819169
SBV24,2024-09-12,18.7,19.24,18.69,19.07,264962,827604
SBV24,2024-09-13,19.05,19.42,18.92,19.01,219232,826454
SBV24,2024-09-16,18.99,19.43,18.84,19.18,180780,786341
SBV24,2024-09-17,19.18,20.15,19.06,19.98,270279,756272
SBV24,2024-09-18,19.92,21.4,19.84,21.16,455855,766393
SBV24,2024-09-19,21,22.08,20.97,21.93,320480,792182
SBV24,2024-09-20,21.95,23.13,21.95,22.66,360469,800676
SBV24,2024-09-23,22.41,23.17,22.28,22.55,209523,808238
SBV24,2024-09-24,22.5,23.3,22.38,23.12,180814,810059
SBV24,2024-09-25,22.99,23.57,22.9,23.42,166363,812421
SBV24,2024-09-26,23.58,23.71,23.23,23.31,158501,825141
SBV24,2024-09-27,23.22,23.22,22.51,22.79,184454,815184
SBH25,2024-09-30,22.55,22.7,22.15,22.47,120054,782829
SBH25,2024-10-01,22.5,23.07,22.24,22.97,121282,791833
SBH25,2024-10-02,23,23.17,22.46,22.68,106611,797321
SBH25,2024-10-03,22.54,23.34,22.39,23.24,108822,805885
SBH25,2024-10-04,23.3,23.45,22.73,23.01,81497,805415
SBH25,2024-10-07,23,23.14,22.32,22.55,92973,798972
SBH25,2024-10-08,22.46,22.69,22.2,22.49,80164,799899
SBH25,2024-10-09,22.51,22.54,21.77,22.04,104178,793979
SBH25,2024-10-10,22.08,22.35,21.86,22.16,75066,795936
SBH25,2024-10-11,22.15,22.68,21.91,22.24,108653,806586
SBH25,2024-10-14,22.23,22.58,22.03,22.39,68637,803614
SBH25,2024-10-15,22.28,22.87,22.18,22.82,107994,813905
SBH25,2024-10-16,22.75,22.95,21.97,22,91239,816381
SBH25,2024-10-17,22.07,22.32,21.71,22.16,84147,817323
SBH25,2024-10-18,22.18,22.64,22.1,22.18,60774,823526
SBH25,2024-10-21,22.22,22.35,21.63,21.83,76179,824702
SBH25,2024-10-22,21.83,22.04,21.55,21.73,93086,824496
SBH25,2024-10-23,22,22.43,21.85,22.34,132002,842333
SBH25,2024-10-24,22.44,22.58,22.12,22.2,77860,847239
SBH25,2024-10-25,22.25,22.32,21.92,22.14,70027,845781
SBH25,2024-10-28,22.08,22.16,21.67,21.96,63986,847809
SBH25,2024-10-29,22.01,22.23,21.89,22.08,58758,850281
SBH25,2024-10-30,22.16,22.43,21.86,22.22,82406,851157
SBH25,2024-10-31,22.2,22.82,22.1,22.74,136080,869795
SBH25,2024-11-01,22.79,23,21.97,22.07,116405,870504
SBH25,2024-11-04,22.12,22.23,21.58,21.93,91709,861478
SBH25,2024-11-05,21.93,22.01,21.66,21.9,76696,863169
SBH25,2024-11-06,21.75,22.1,21.6,22.03,102017,857273
SBH25,2024-11-07,22.11,22.49,22.06,22.2,93642,858629
SBH25,2024-11-08,22.2,22.33,21.75,21.82,110355,859882
SBH25,2024-11-11,21.87,21.96,21.12,21.36,147258,855460
SBH25,2024-11-12,21.36,21.63,21.2,21.35,109926,854106
SBH25,2024-11-13,21.35,21.55,20.86,21.17,120233,860741
SBH25,2024-11-14,21.17,21.82,20.86,21.56,112135,866837
SBH25,2024-11-15,21.56,21.92,21.42,21.58,81449,869787
SBH25,2024-11-18,21.59,22.32,21.59,22.2,134976,874727
SBH25,2024-11-19,22.25,22.42,21.78,22.02,92325,879396
SBH25,2024-11-20,21.97,22.08,21.49,21.65,65394,876440
SBH25,2024-11-21,21.7,21.77,21.26,21.38,74418,872128
SBH25,2024-11-22,21.41,21.61,21.26,21.36,58170,872548
SBH25,2024-11-25,21.4,21.43,21.11,21.15,89837,873093
SBH25,2024-11-26,21.15,21.77,21.13,21.57,109703,877135
SBH25,2024-11-27,21.68,22,21.54,21.69,109832,878475
SBH25,2024-11-29,21.65,21.69,21.01,21.08,117925,882331
SBH25,2024-12-02,21.09,21.26,20.7,21.07,138647,887032
SBH25,2024-12-03,21.14,21.59,21.08,21.37,123575,890137
SBH25,2024-12-04,21.42,21.42,21.16,21.26,73400,895490
SBH25,2024-12-05,21.15,21.28,20.82,21.2,94870,897432
SBH25,2024-12-06,21.3,21.86,21.12,21.81,158124,919285
SBH25,2024-12-09,21.81,21.9,21.35,21.5,104537,921997
SBH25,2024-12-10,21.5,21.52,20.82,21.04,170684,930326
SBH25,2024-12-11,21.02,21.37,20.82,21.28,102591,933601
SBH25,2024-12-12,21.34,21.42,20.72,20.89,148597,939441
SBH25,2024-12-13,20.95,20.97,20.57,20.72,97353,945053
SBH25,2024-12-16,20.77,20.89,20.43,20.68,116809,941952
SBH25,2024-12-17,20.68,20.73,19.76,19.84,220660,945162
SBH25,2024-12-18,19.85,19.92,19.55,19.65,138605,945588
SBH25,2024-12-19,19.55,19.68,19.26,19.4,142495,948937
SBH25,2024-12-20,19.48,19.6,19.3,19.51,87219,955345
SBH25,2024-12-23,19.6,19.79,19.42,19.54,75317,957131
SBH25,2024-12-24,19.6,19.82,19.5,19.54,75317,958813
SBH25,2024-12-26,19.51,19.54,19.17,19.26,55069,957249
SBH25,2024-12-27,19.24,19.45,19.18,19.37,72616,962330
SBH25,2024-12-30,19.37,19.66,19.05,19.13,100462,965350
SBH25,2024-12-31,19.11,19.35,19.04,19.26,100462,966547
SBH25,2025-01-02,19.31,19.94,19.2,19.73,118544,965208
SBH25,2025-01-03,19.62,19.76,19.42,19.65,84927,966335
SBH25,2025-01-06,19.69,19.8,19.3,19.33,97207,957780
SBH25,2025-01-07,19.34,19.68,19.3,19.45,122544,959156
SBH25,2025-01-08,19.51,19.54,19.17,19.24,109977,962420
SBH25,2025-01-09,19.25,19.27,18.84,19.1,143757,975706
SBH25,2025-01-10,19.15,19.48,18.96,19.22,112986,980206
SBH25,2025-01-13,19.22,19.22,18.7,18.9,152685,981639
SBH25,2025-01-14,18.88,18.92,18.24,18.32,251949,987977
SBH25,2025-01-15,18.27,18.44,17.92,18.01,186512,997021
SBH25,2025-01-16,18.15,18.71,18.11,18.41,221028,997905
SBH25,2025-01-17,18.42,18.46,18.02,18.22,221028,988473
SBH25,2025-01-21,18.07,18.25,17.57,17.79,257127,992164
SBH25,2025-01-22,17.79,18.28,17.74,18.16,174723,997997
SBH25,2025-01-23,18.18,18.76,18.13,18.69,191892,996236
SBH25,2025-01-24,18.64,19.15,18.63,19.02,185943,1001763
SBH25,2025-01-27,19,19.58,18.88,19.17,179287,1006491
SBH25,2025-01-28,19.1,19.4,18.91,19.23,139144,1002229
SBH25,2025-01-29,19.27,19.5,19.21,19.45,132230,1002323
SBH25,2025-01-30,19.47,19.56,19.2,19.47,145632,1008148
SBH25,2025-01-31,19.47,19.49,19.1,19.35,131873,1009812
SBH25,2025-02-03,19.4,19.53,18.97,19.26,147446,1009540
SBH25,2025-02-04,19.18,19.71,19.18,19.66,137770,1013425
SBH25,2025-02-05,19.7,19.78,19.55,19.76,120848,1015696
SBH25,2025-02-06,19.7,20.19,19.51,19.57,225751,1019014
SBH25,2025-02-07,19.57,19.77,19.3,19.36,188368,1016991
SBH25,2025-02-10,19.37,19.79,19.3,19.5,226996,1012805
SBH25,2025-02-11,19.54,19.94,19.52,19.87,248088,1011895
SBH25,2025-02-12,19.89,20.08,19.69,19.76,226175,1023194
SBH25,2025-02-13,19.82,20.24,19.78,20.17,257101,1029983
SBH25,2025-02-14,20.15,20.45,20.05,20.42,257101,1026294
SBH25,2025-02-18,20.5,20.72,20.47,20.52,230110,988298
SBH25,2025-02-19,20.45,20.77,20.37,20.69,176987,984710
SBH25,2025-02-20,20.68,21.1,20.62,21.05,207340,993148
SBH25,2025-02-21,21.05,21.35,20.95,21.31,168060,986791
SBH25,2025-02-24,21.32,21.45,21.03,21.09,203523,965588
SBH25,2025-02-25,21.06,21.57,20.96,21.46,182521,965822
SBH25,2025-02-26,21.41,21.43,20.54,20.64,189175,961537
SBH25,2025-02-27,20.75,20.85,19.61,19.69,201138,947156
SBK25,2025-02-28,18.95,18.98,18.42,18.52,148056,910458
SBK25,2025-03-03,18.52,18.56,18.14,18.22,149274,904956
SBK25,2025-03-04,18.2,18.28,17.94,18.1,122677,904274
SBK25,2025-03-05,18.21,18.51,18.13,18.2,105309,904713
SBK25,2025-03-06,18.2,18.3,17.84,18.13,133601,902796
SBK25,2025-03-07,18.28,18.45,18.22,18.31,93911,895161
SBK25,2025-03-10,18.47,19,18.34,18.85,163736,887924
SBK25,2025-03-11,18.94,19.04,18.57,18.67,114948,881296
SBK25,2025-03-12,18.82,19.12,18.69,18.86,104778,884789
SBK25,2025-03-13,18.84,19.27,18.76,19.25,106302,886958
SBK25,2025-03-14,19.17,19.32,18.75,19.19,93051,885544
SBK25,2025-03-17,19.25,20,19.22,19.97,213969,895337
SBK25,2025-03-18,19.9,20.09,19.63,19.99,162620,899339
SBK25,2025-03-19,19.86,20.05,19.54,19.69,117578,902316
SBK25,2025-03-20,19.65,20.06,19.56,20,99343,903989
SBK25,2025-03-21,19.95,20.07,19.66,19.72,105382,909370
SBK25,2025-03-24,19.72,19.72,19.23,19.26,140675,899512
SBK25,2025-03-25,19.31,19.6,19.2,19.51,102063,898876
SBK25,2025-03-26,19.55,19.63,19.22,19.35,120464,896705
SBK25,2025-03-27,19.3,19.36,18.94,19.09,126932,893196
SBK25,2025-03-28,19.09,19.21,18.91,18.96,125574,895590
SBK25,2025-03-31,19,19.32,18.72,18.86,162957,891944
SBK25,2025-04-01,18.89,19.4,18.85,19.35,165589,894479
SBK25,2025-04-02,19.36,19.63,19.08,19.59,152012,905264
SBK25,2025-04-03,19.34,19.54,18.95,19.11,163167,916392
SBK25,2025-04-04,19.07,19.11,18.76,18.84,206969,914061
SBK25,2025-04-07,18.75,19.05,18.62,18.68,215340,894901
SBK25,2025-04-08,18.74,18.87,18.26,18.31,250647,873824
SBK25,2025-04-09,18.26,18.35,17.87,17.91,322841,864425
SBK25,2025-04-10,18.4,18.5,18.06,18.12,295874,860079
SBK25,2025-04-11,18.1,18.31,17.91,18,239107,858741
SBK25,2025-04-14,17.98,18.12,17.81,17.87,157882,846776
SBK25,2025-04-15,17.86,17.95,17.51,17.52,212428,854643
SBK25,2025-04-16,17.57,17.89,17.51,17.86,163516,836529
SBK25,2025-04-17,17.9,17.99,17.82,17.93,163516,841786
SBK25,2025-04-21,17.93,18.14,17.76,17.81,69906,838997
SBK25,2025-04-22,17.77,18.05,17.65,17.99,130612,830293
SBK25,2025-04-23,17.99,18.1,17.82,17.94,124314,825353
SBK25,2025-04-24,17.98,18,17.78,17.92,108611,833935
SBK25,2025-04-25,17.92,18.2,17.89,18.18,133392,835596
SBK25,2025-04-28,18.18,18.19,17.65,17.84,160874,822276
SBK25,2025-04-29,17.84,17.93,17.44,17.62,151870,814178
SBN25,2025-04-30,17.55,17.85,17.2,17.25,145340,792113
SBN25,2025-05-01,17.3,17.37,17.08,17.16,127951,792311
SBN25,2025-05-02,17.23,17.29,16.97,17.2,115499,800677
SBN25,2025-05-05,17.32,17.54,17.2,17.47,75738,801717
SBN25,2025-05-06,17.47,17.65,17.39,17.44,88400,797126
SBN25,2025-05-07,17.39,17.39,17.06,17.13,112962,794221
SBN25,2025-05-08,17.19,17.55,17.05,17.5,98901,796203
SBN25,2025-05-09,17.5,17.9,17.44,17.78,115282,789410
SBN25,2025-05-12,17.91,18.09,17.62,17.7,95478,789213
SBN25,2025-05-13,17.75,18.29,17.61,18.22,149358,788002
SBN25,2025-05-14,18.22,18.29,17.94,18.06,97027,786818
SBN25,2025-05-15,18.02,18.03,17.57,17.67,110004,786667
SBN25,2025-05-16,17.67,17.79,17.42,17.52,78178,794355
SBN25,2025-05-19,17.56,17.69,17.41,17.45,80310,799120
SBN25,2025-05-20,17.47,17.55,17.26,17.34,80343,805373
SBN25,2025-05-21,17.38,17.78,17.36,17.7,82249,807577
SBN25,2025-05-22,17.64,17.7,17.32,17.4,110298,811073
SBN25,2025-05-23,17.3,17.38,17.21,17.29,94338,820117
SBN25,2025-05-27,17.44,17.52,17.07,17.22,109502,824628
SBN25,2025-05-28,17.3,17.3,16.85,16.9,144882,851432
SBN25,2025-05-29,16.93,17.15,16.81,17,153407,855103
SBN25,2025-05-30,17.03,17.24,17,17.05,115241,868782
SBN25,2025-06-02,17.11,17.38,16.85,16.88,132590,875745
SBN25,2025-06-03,16.92,16.97,16.66,16.9,170531,878105
SBN25,2025-06-04,16.95,17.09,16.73,16.75,148193,890861
SBN25,2025-06-05,16.75,16.78,16.46,16.57,192128,896752
SBN25,2025-06-06,16.54,16.59,16.32,16.49,250597,902639
SBN25,2025-06-09,16.49,16.75,16.42,16.67,235579,900573
SBN25,2025-06-10,16.67,16.82,16.42,16.48,226513,903273
SBN25,2025-06-11,16.4,16.6,16.34,16.42,240595,898247
SBN25,2025-06-12,16.45,16.47,16.18,16.27,227340,906730
SBN25,2025-06-13,16.43,16.5,16.07,16.13,191278,911135
SBN25,2025-06-16,16.1,16.61,15.93,16.52,249131,881929
SBN25,2025-06-17,16.47,16.5,15.98,16.08,188969,877614
SBN25,2025-06-18,16,16.14,15.8,15.88,188969,882177
SBN25,2025-06-20,16.1,16.29,15.99,16.1,147833,885183
SBN25,2025-06-23,16.1,16.29,15.99,16.04,148331,869329
SBN25,2025-06-24,15.95,16.17,15.71,15.77,194360,860131
SBN25,2025-06-25,15.77,16,15.7,15.98,191154,843204
SBN25,2025-06-26,15.93,15.98,15.55,15.65,170086,832608
SBN25,2025-06-27,15.65,16.04,15.58,15.81,123660,824260
SBV25,2025-06-30,16.6,16.74,16.14,16.2,127877,830186
SBV25,2025-07-01,16.21,16.21,15.55,15.7,202770,840169
SBV25,2025-07-02,15.8,15.97,15.44,15.58,148137,847685
SBV25,2025-07-03,15.6,16.4,15.44,16.38,173767,847293
SBV25,2025-07-07,16.3,16.46,16.07,16.28,121781,842797
SBV25,2025-07-08,16.26,16.37,16.1,16.13,88418,850532
SBV25,2025-07-09,16.15,16.61,16.08,16.56,119939,856435
SBV25,2025-07-10,16.41,16.56,16.22,16.26,120831,859834
SBV25,2025-07-11,16.32,16.6,16.2,16.57,84302,862156
SBV25,2025-07-14,16.59,16.67,16.27,16.3,86245,862875
SBV25,2025-07-15,16.28,16.61,16.25,16.56,73039,866727
SBV25,2025-07-16,16.56,16.67,16.4,16.56,63929,863261
SBV25,2025-07-17,16.55,16.88,16.54,16.74,100978,862948
SBV25,2025-07-18,16.77,17.02,16.71,16.82,108005,862419
SBV25,2025-07-21,16.82,16.86,16.35,16.37,86730,857590
SBV25,2025-07-22,16.38,16.51,16.1,16.28,102463,866505
SBV25,2025-07-23,16.28,16.33,16.03,16.24,98813,874352
SBV25,2025-07-24,16.3,16.63,16.25,16.57,100991,876243
SBV25,2025-07-25,16.6,16.64,16.23,16.29,71529,877886
SBV25,2025-07-28,16.28,16.53,16.22,16.43,56192,876761
SBV25,2025-07-29,16.45,16.74,16.37,16.59,71192,872591
SBV25,2025-07-30,16.56,16.58,16.37,16.45,57581,872169
SBV25,2025-07-31,16.49,16.61,16.28,16.35,88376,872356
SBV25,2025-08-01,16.35,16.42,16.12,16.18,83929,880340
SBV25,2025-08-04,16.17,16.47,16.17,16.25,86906,885833
SBV25,2025-08-05,16.26,16.27,15.92,16.09,122978,888761
SBV25,2025-08-06,16.13,16.16,16,16.01,79632,889487
SBV25,2025-08-07,16.14,16.27,15.97,16.01,80045,893016
SBV25,2025-08-08,16.02,16.35,16.02,16.25,84385,894005
SBV25,2025-08-11,16.34,16.58,16.32,16.49,108369,897381
SBV25,2025-08-12,16.55,17.05,16.53,16.94,186933,898919
SBV25,2025-08-13,16.94,17.02,16.78,16.85,137996,900535
SBV25,2025-08-14,16.84,16.85,16.51,16.58,105687,896396
SBV25,2025-08-15,16.59,16.63,16.35,16.44,72431,898240
SBV25,2025-08-18,16.47,16.49,16.2,16.25,84849,895254
SBV25,2025-08-19,16.25,16.45,16.23,16.31,68438,901121
SBV25,2025-08-20,16.28,16.69,16.28,16.57,110091,910477
SBV25,2025-08-21,16.59,16.62,16.35,16.35,70384,914040
SBV25,2025-08-22,16.34,16.51,16.27,16.48,70384,917840
SBV25,2025-08-25,16.44,16.57,16.3,16.4,49797,914586
SBV25,2025-08-26,16.36,16.51,16.31,16.41,67242,915782
SBV25,2025-08-27,16.45,16.53,16.35,16.47,80957,917959
SBV25,2025-08-28,16.45,16.53,16.31,16.48,113320,922612
SBV25,2025-08-29,16.49,16.52,16.33,16.37,112877,932257
SBV25,2025-09-01,16.37,16.37,16.37,16.37,112877,0
SBV25,2025-09-02,16.51,16.52,16.12,16.15,155915,940447
SBV25,2025-09-03,16.17,16.23,16.01,16.03,157270,944173
SBV25,2025-09-04,16.06,16.09,15.66,15.69,195899,954780
SBV25,2025-09-05,15.73,15.74,15.51,15.55,222277,963241
SBV25,2025-09-08,15.6,15.7,15.38,15.63,218516,961453
SBV25,2025-09-09,15.65,15.92,15.62,15.84,254829,954758
SBV25,2025-09-10,15.88,16.02,15.7,15.93,195259,944664
SBV25,2025-09-11,15.93,15.99,15.72,15.82,200868,937892
SBV25,2025-09-12,15.78,15.87,15.67,15.79,210641,946250
SBV25,2025-09-15,15.84,16.13,15.8,16,247193,938447
SBV25,2025-09-16,15.95,16.1,15.82,15.9,202566,918579
SBV25,2025-09-17,15.84,15.93,15.5,15.54,115192,916550
SBV25,2025-09-18,15.53,15.54,15.16,15.38,178914,912532
SBV25,2025-09-19,15.38,15.65,15.31,15.46,120496,907144
SBV25,2025-09-22,15.5,15.72,15.17,15.25,150593,912848
SBV25,2025-09-23,15.21,15.7,15.1,15.66,198214,898935
SBV25,2025-09-24,15.67,15.75,15.56,15.64,134774,895501
SBV25,2025-09-25,15.62,15.79,15.44,15.76,140376,893648
SBV25,2025-09-26,15.75,15.96,15.68,15.87,129044,869563
SBV25,2025-09-29,15.86,16.05,15.78,16.02,122905,856529
SBH26,2025-09-30,16.42,16.69,16.31,16.6,98513,829683
SBH26,2025-10-01,16.59,16.63,16.04,16.13,129993,834338
SBH26,2025-10-02,16.17,16.54,16.16,16.4,108430,833543
SBH26,2025-10-03,16.44,16.6,16.4,16.47,65644,830394
SBH26,2025-10-06,16.51,16.83,16.48,16.81,80433,832561
SBH26,2025-10-07,16.75,16.88,16.39,16.63,96909,834349
SBH26,2025-10-08,16.66,16.74,16.26,16.29,89332,836401
SBH26,2025-10-09,16.33,16.4,16.16,16.26,72727,842823
SBH26,2025-10-10,16.28,16.35,15.97,16.1,78094,846670
SBH26,2025-10-13,16.19,16.21,15.53,15.61,142085,859132
SBH26,2025-10-14,15.59,15.94,15.36,15.88,148102,867493
SBH26,2025-10-15,15.9,15.91,15.53,15.69,89883,867343
SBH26,2025-10-16,15.67,15.87,15.58,15.8,85659,870087
SBH26,2025-10-17,15.86,15.88,15.45,15.5,73797,873039
SBH26,2025-10-20,15.53,15.78,15.51,15.72,69796,876840
SBH26,2025-10-21,15.77,15.82,15.1,15.24,124044,880454
SBH26,2025-10-22,15.28,15.44,15.03,15.1,88715,884423
SBH26,2025-10-23,15.25,15.44,15.18,15.29,75401,890239
SBH26,2025-10-24,15.2,15.34,14.93,14.97,95398,894161
SBH26,2025-10-27,15.01,15.04,14.34,14.46,151424,893606
SBH26,2025-10-28,14.5,14.59,14.28,14.37,112670,898257
SBH26,2025-10-29,14.4,14.56,14.21,14.42,110282,896550
SBH26,2025-10-30,14.35,14.42,14.07,14.28,113438,904264
SBH26,2025-10-31,14.4,14.49,14.2,14.43,117157,916784
SBH26,2025-11-03,14.49,14.73,14.36,14.65,123321,923144
SBH26,2025-11-04,14.65,14.72,14.13,14.22,133157,929991
SBH26,2025-11-05,14.22,14.32,14.05,14.11,97018,933625
SBH26,2025-11-06,14.08,14.44,14.04,14.19,93524,937026
SBH26,2025-11-07,14.2,14.37,14.07,14.1,80069,940888
SBH26,2025-11-10,14.17,14.42,14.08,14.2,112175,938758
SBH26,2025-11-11,14.27,14.48,14.17,14.25,69648,942730
SBH26,2025-11-12,14.27,14.57,14.18,14.52,98700,950653
SBH26,2025-11-13,14.53,14.77,14.37,14.44,80090,953797
SBH26,2025-11-14,14.44,15.05,14.35,14.96,131813,951140
SBH26,2025-11-17,14.86,14.94,14.65,14.8,100111,949047
SBH26,2025-11-18,14.8,14.88,14.63,14.7,93109,941444
SBH26,2025-11-19,14.65,15.05,14.62,14.66,105798,936814
SBH26,2025-11-20,14.69,14.8,14.58,14.66,71889,936667
SBH26,2025-11-21,14.72,14.83,14.56,14.78,66727,941303
SBH26,2025-11-24,14.8,14.96,14.7,14.82,67882,941771
SBH26,2025-11-25,14.84,14.97,14.79,14.91,70638,946665
SBH26,2025-11-26,14.9,15.19,14.86,15.14,106433,946014
SBH26,2025-11-28,15.11,15.29,15.08,15.21,90295,945996
SBH26,2025-12-01,15.2,15.2,14.73,14.76,138317,949135
SBH26,2025-12-02,14.75,15.07,14.72,14.98,103679,951437
SBH26,2025-12-03,14.98,15.1,14.86,14.93,80074,946976
SBH26,2025-12-04,14.92,15,14.78,14.88,62113,944225
SBH26,2025-12-05,14.88,15.02,14.73,14.8,82638,943558
SBH26,2025-12-08,14.81,14.93,14.72,14.82,69504,941901
SBH26,2025-12-09,14.82,14.89,14.52,14.67,132685,941986
SBH26,2025-12-10,14.7,15.02,14.66,14.91,111588,942434
SBH26,2025-12-11,14.9,14.99,14.82,14.85,49950,936843
SBH26,2025-12-12,14.83,15.27,14.83,15.1,108614,937102
SBH26,2025-12-15,15.09,15.13,14.78,14.95,91618,942747
SBH26,2025-12-16,14.95,15.07,14.78,14.82,77252,942193
SBH26,2025-12-17,14.88,14.89,14.72,14.76,74155,940885
SBH26,2025-12-18,14.73,14.8,14.38,14.48,99769,944207
SBH26,2025-12-19,14.47,14.87,14.45,14.82,74799,944944
SBH26,2025-12-22,14.87,15.09,14.83,14.99,85553,942272
SBH26,2025-12-23,15,15.24,14.96,15.2,102082,0
SBH26,2025-12-24,15.16,15.34,15.16,15.29,71072,0