ZWH21,2020-12-24,631,633.75,623.5,627,57826,394667
ZWH21,2020-12-28,627,631.5,607,614.25,85027,391102
ZWH21,2020-12-29,614.25,623.25,611.5,618.5,57120,389901
ZWH21,2020-12-30,620,643.5,614,640.75,116409,402018
ZWH21,2020-12-31,640,644.5,632.5,640.5,71757,402606
ZWH21,2021-01-04,643,650.25,634,642,122268,405872
ZWH21,2021-01-05,641.5,664.5,639.5,654,159735,418227
ZWH21,2021-01-06,654,660.25,646,647.5,134299,425517
ZWH21,2021-01-07,646.75,648.25,638,642.25,85362,422211
ZWH21,2021-01-08,644.75,649.5,634,638.75,98573,421778
ZWH21,2021-01-11,639,651.5,628.75,634.75,99203,417777
ZWH21,2021-01-12,636.25,670,634,665,157577,424127
ZWH21,2021-01-13,665,680.75,656.25,660.5,152144,426838
ZWH21,2021-01-14,660,673.25,653,670,124724,433943
ZWH21,2021-01-15,671,693,664.5,675.5,164782,434733
ZWH21,2021-01-19,683.75,691.25,668.75,672.25,129333,440898
ZWH21,2021-01-20,675.25,676,656.5,667.75,150251,444342
ZWH21,2021-01-21,666.5,674.75,657.75,660.75,91392,446562
ZWH21,2021-01-22,658.5,659,633,634.5,151548,443085
ZWH21,2021-01-25,633,651.5,624.25,648.5,122875,445567
ZWH21,2021-01-26,646.75,667.75,641.25,665.25,132931,452142
ZWH21,2021-01-27,663.25,672.75,652.5,658.25,110213,451306
ZWH21,2021-01-28,655,664.5,643.5,647,136087,450611
ZWH21,2021-01-29,646.25,664.75,643,663,117363,452911
ZWH21,2021-02-01,663.5,671,646,651,110002,452013
ZWH21,2021-02-02,655,656.75,640.5,644.75,96588,447487
ZWH21,2021-02-03,646.25,649.75,625.75,648.25,186346,450278
ZWH21,2021-02-04,647.25,650.5,633,637.5,143357,450261
ZWH21,2021-02-05,634.75,647.5,632.25,641.25,173607,445918
ZWH21,2021-02-08,643,657.5,642.5,655.75,210270,439016
ZWH21,2021-02-09,657.75,660.5,639.75,649.5,260124,438015
ZWH21,2021-02-10,649.5,650.5,626.75,635.5,204612,435465
ZWH21,2021-02-11,636.5,644.75,632,633.5,172280,442598
ZWH21,2021-02-12,632.5,643,632,636.75,151539,431902
ZWH21,2021-02-16,648,660.25,640.5,657.5,144048,439815
ZWH21,2021-02-17,660,661.25,638.5,644,132788,439999
ZWH21,2021-02-18,644,665.75,641.5,662.5,189986,444479
ZWH21,2021-02-19,665,669,649,650.75,156562,436771
ZWH21,2021-02-22,653.75,665.25,651,664,106866,434878
ZWH21,2021-02-23,666.5,667.75,656.5,665.75,105829,430668
ZWH21,2021-02-24,665.5,683.5,664.5,680.25,138623,430018
ZWH21,2021-02-25,677.25,680.5,658.75,671.75,123710,421532
ZWH21,2021-02-26,665,665.75,653,655,99741,416739
ZWH21,2021-03-01,661,661,643,643.75,84364,415814
ZWH21,2021-03-02,645.5,663.25,640,663.25,97872,418842
ZWH21,2021-03-03,658.25,658.25,645.75,652,76850,417748
ZWH21,2021-03-04,653,658,648.75,649.75,93853,416916
ZWH21,2021-03-05,649.5,657.75,647,654,81027,415756
ZWH21,2021-03-08,659.5,659.5,642.5,646.5,112847,415937
ZWH21,2021-03-09,654.75,656.5,650.75,656.5,107727,411862
ZWH21,2021-03-10,653.25,653.75,643.5,650.75,78294,414601
ZWH21,2021-03-11,650,650,636.25,636.25,93546,417879
ZWK21,2021-03-12,643.75,645.75,637.5,638.5,62129,418196
ZWK21,2021-03-15,637.75,647.75,636,645,66225,417920
ZWK21,2021-03-16,645.5,648,631.75,647,87066,419121
ZWK21,2021-03-17,646.25,649.5,639.25,640,63576,419494
ZWK21,2021-03-18,640,641,629,630.5,74800,421172
ZWK21,2021-03-19,629,635.5,621.75,627,85542,423537
ZWK21,2021-03-22,627.5,630.75,621.25,627.25,64203,420847
ZWK21,2021-03-23,628,644.5,621,634.75,123575,420748
ZWK21,2021-03-24,635,638.75,624,624.75,84397,424658
ZWK21,2021-03-25,624.75,625.5,609,612.5,113393,424591
ZWK21,2021-03-26,611,619,608.25,613.25,84279,417308
ZWK21,2021-03-29,615.75,617.75,607.25,616.75,73189,419794
ZWK21,2021-03-30,616.25,616.75,600.5,601.75,101666,422256
ZWK21,2021-03-31,603.25,631.75,593.25,618,180956,422097
ZWK21,2021-04-01,623,625.75,601.25,611,155546,425246
ZWK21,2021-04-05,607,625,607,618,114875,417315
ZWK21,2021-04-06,622,627.5,613.75,615.5,115979,412959
ZWK21,2021-04-07,615,619.75,609.75,616.25,162567,421712
ZWK21,2021-04-08,618,631.5,616,628.75,197834,430951
ZWK21,2021-04-09,628.75,646.5,627.25,638.75,252882,426404
ZWK21,2021-04-12,638,639,623,628,229817,431104
ZWK21,2021-04-13,630.25,637.25,628.25,629.75,178279,436431
ZWK21,2021-04-14,630.75,655.75,630.75,648,277067,434515
ZWK21,2021-04-15,647.25,657.75,639,653.75,173303,434268
ZWK21,2021-04-16,652.5,659.75,648.25,652.5,111366,439385
ZWK21,2021-04-19,653,660.75,651,652.25,96176,437523
ZWK21,2021-04-20,651.5,679,650.25,659.75,163999,441233
ZWK21,2021-04-21,662.75,678.75,658.75,673.25,144204,441664
ZWK21,2021-04-22,673.75,713.25,672,710.25,256836,444324
ZWK21,2021-04-23,709.75,714.75,701,710.25,185420,439266
ZWK21,2021-04-26,712.75,745.25,712.75,739.5,211313,429571
ZWK21,2021-04-27,737,773,726.75,733.75,220045,425045
ZWK21,2021-04-28,734.25,743.75,713.5,725.25,176339,426023
ZWK21,2021-04-29,722.25,738.75,712.75,737.5,127944,421600
ZWK21,2021-04-30,741,745.5,728.5,742.5,100765,423742
ZWK21,2021-05-03,753.25,759.25,725.5,725.5,126233,423078
ZWK21,2021-05-04,731.25,737.5,730,737,99384,420013
ZWK21,2021-05-05,737.75,755.75,737.5,755.75,90855,422524
ZWK21,2021-05-06,761,764.25,745,764.25,133043,421845
ZWK21,2021-05-07,771,773.5,760.5,773.5,106003,422063
ZWK21,2021-05-10,768.5,769,742.5,742.5,121890,418084
ZWK21,2021-05-11,742.75,765,742.75,759.75,116910,413615
ZWK21,2021-05-12,763,763,746.5,754.75,97320,409684
ZWK21,2021-05-13,750,756.5,726.5,726.5,145850,404878
ZWN21,2021-05-14,706.25,724.25,699.5,707.25,125121,406138
ZWN21,2021-05-17,704,707.5,692,699.75,81827,407928
ZWN21,2021-05-18,702.5,718.5,692.5,698,98682,411192
ZWN21,2021-05-19,698,699,671.5,679.25,127730,409128
ZWN21,2021-05-20,682.25,688,672.25,675.25,89853,411560
ZWN21,2021-05-21,675.5,677.5,665.75,674.25,103234,412481
ZWN21,2021-05-24,667,668.75,653.25,662.25,95161,410183
ZWN21,2021-05-25,663.25,667.5,646.75,656.5,116258,406006
ZWN21,2021-05-26,657,657.75,639.5,648.5,105557,402701
ZWN21,2021-05-27,648.25,679.5,648,676.25,108298,399229
ZWN21,2021-05-28,676,679.75,661.25,663.5,93239,397113
ZWN21,2021-06-01,673.25,702,672,693.5,136751,397450
ZWN21,2021-06-02,692,701.5,681.5,687.5,125817,397096
ZWN21,2021-06-03,689.5,699.25,669.25,676.25,123035,400718
ZWN21,2021-06-04,678.5,690.25,676.25,687.75,115722,404026
ZWN21,2021-06-07,694.25,704,678.5,680,219999,404770
ZWN21,2021-06-08,682.5,699.25,680.25,685,195403,410761
ZWN21,2021-06-09,685,686,673.5,682.25,184609,416193
ZWN21,2021-06-10,684,689.25,672.75,683.75,217394,417253
ZWN21,2021-06-11,682.25,688,669.5,680.75,168064,426868
ZWN21,2021-06-14,680.5,680.75,657,674.5,147092,422498
ZWN21,2021-06-15,674.5,676.25,649,661.5,146745,422754
ZWN21,2021-06-16,662,672.75,658.75,662.75,141432,415004
ZWN21,2021-06-17,663.75,667,637.25,639,167473,404231
ZWN21,2021-06-18,639,668.5,639,662.75,151536,401634
ZWN21,2021-06-21,657,673.5,646.5,661.5,128830,395027
ZWN21,2021-06-22,666.25,672.75,650.75,651,128879,388631
ZWN21,2021-06-23,653.25,668.25,653.25,661.25,129582,378947
ZWN21,2021-06-24,660.25,660.75,642,651.25,130350,370031
ZWN21,2021-06-25,650.5,656.75,634.5,637,130198,359775
ZWN21,2021-06-28,638,655,637,646,129342,352796
ZWN21,2021-06-29,651,657.75,638.25,639.75,126374,344269
ZWN21,2021-06-30,640.5,673,627.5,671.5,159795,347573
ZWN21,2021-07-01,667.75,683,658.5,658.5,145574,338412
ZWN21,2021-07-02,661,662,643.75,645.75,113810,337414
ZWN21,2021-07-06,634.75,634.75,611,620,151923,335780
ZWN21,2021-07-07,626,626,613.75,614.75,89682,337161
ZWN21,2021-07-08,615,618,611.75,612.25,85425,335913
ZWN21,2021-07-09,608,612.25,606.5,608.5,87060,335359
ZWN21,2021-07-12,610.75,635,604.5,635,144196,337678
ZWN21,2021-07-13,636.5,639.5,626,628.75,113768,336285
ZWU21,2021-07-14,635,657.5,632.5,654.25,103319,335952
ZWU21,2021-07-15,653.75,673.5,651.25,672,96604,332718
ZWU21,2021-07-16,671.75,696.25,670.75,692.5,151904,336683
ZWU21,2021-07-19,702.75,709.5,694.25,697.75,143734,337581
ZWU21,2021-07-20,698.75,718,698.25,700.5,122037,341070
ZWU21,2021-07-21,701,712,700,710.75,93643,342642
ZWU21,2021-07-22,708.25,709,681.75,692.25,120745,346003
ZWU21,2021-07-23,688,696.75,677.5,684,78688,349039
ZWU21,2021-07-26,684,684,665.5,677,78682,349141
ZWU21,2021-07-27,680.25,690,671.75,674.5,88796,348122
ZWU21,2021-07-28,675,696.25,673.75,688.75,86798,349182
ZWU21,2021-07-29,689.75,706.75,689,705.25,83640,352947
ZWU21,2021-07-30,705,711.5,695,703.75,104384,359960
ZWU21,2021-08-02,704,731.75,704,729.5,118686,368782
ZWU21,2021-08-03,727.5,734.75,717.75,724.5,144640,373529
ZWU21,2021-08-04,724.25,738.75,714.5,717.25,154692,372871
ZWU21,2021-08-05,714.75,725.5,709.75,712.75,133555,376143
ZWU21,2021-08-06,712.75,724.75,709.25,719,181048,379009
ZWU21,2021-08-09,719,723.75,708.25,711.25,179408,380818
ZWU21,2021-08-10,711,730,708.5,727,187672,382959
ZWU21,2021-08-11,726.75,732.25,718.75,727,201103,379377
ZWU21,2021-08-12,724,762,723,753.5,233452,388781
ZWU21,2021-08-13,753,774.75,747.5,762.25,192074,392636
ZWU21,2021-08-16,762.5,770.25,757.75,760.5,146229,397656
ZWU21,2021-08-17,762.5,763.75,732.25,734.5,172850,390322
ZWU21,2021-08-18,734.25,740.5,721.75,737.25,107348,392964
ZWU21,2021-08-19,737,737,716,727.5,113096,398469
ZWU21,2021-08-20,727.5,732.75,709.25,714.25,123606,395785
ZWU21,2021-08-23,712.75,730.75,710.25,719.75,83497,398356
ZWU21,2021-08-24,722.75,723.25,710.75,718,108885,396979
ZWU21,2021-08-25,718,719.75,704.25,711.25,103571,396073
ZWU21,2021-08-26,712.5,727,709.25,725.25,95991,395842
ZWU21,2021-08-27,725.75,731.25,717.75,718.5,110763,379055
ZWU21,2021-08-30,720.5,728.5,707.5,708.75,100482,374385
ZWU21,2021-08-31,706.5,707.5,690.25,706.75,160971,374928
ZWU21,2021-09-01,708.25,710.75,699.25,701,112833,380398
ZWU21,2021-09-02,694,708,694,704,88748,374776
ZWU21,2021-09-03,702,715,701,714.5,87697,369380
ZWU21,2021-09-07,718.5,718.5,704.25,708.75,86717,369310
ZWU21,2021-09-08,704.5,704.5,698.25,698.25,74814,369220
ZWU21,2021-09-09,700,700,681.5,681.5,106351,368422
ZWU21,2021-09-10,682.5,683.75,673.25,675,110260,365902
ZWU21,2021-09-13,671.5,674.5,671.5,674.5,77403,361342
ZWZ21,2021-09-14,686.75,701.5,685.25,700.75,83121,359605
ZWZ21,2021-09-15,700,714.75,695.25,712.25,83276,358937
ZWZ21,2021-09-16,711.25,716.75,705,713,61127,354694
ZWZ21,2021-09-17,713.75,716,706.5,708.75,47663,352860
ZWZ21,2021-09-20,708,710.75,695.75,700.75,54741,351742
ZWZ21,2021-09-21,700.25,701,686,690.25,61704,353551
ZWZ21,2021-09-22,689.5,706.75,688,705.75,61576,354123
ZWZ21,2021-09-23,708.5,719.5,704,717.75,67937,358083
ZWZ21,2021-09-24,718.5,725.75,711.5,723.75,74468,353592
ZWZ21,2021-09-27,723.5,728.5,720.25,722.25,51463,355890
ZWZ21,2021-09-28,722,726.75,706,706.5,86003,358631
ZWZ21,2021-09-29,709.25,717.75,708.25,710.25,64780,359197
ZWZ21,2021-09-30,711.25,732.75,701.25,725.5,114281,356654
ZWZ21,2021-10-01,725,758.5,722.75,755.25,141315,365995
ZWZ21,2021-10-04,752.25,763.5,748.5,756.5,95857,370712
ZWZ21,2021-10-05,756.25,757,743.75,744.75,79004,373320
ZWZ21,2021-10-06,744.75,756.75,742.25,746,73141,377551
ZWZ21,2021-10-07,746,752.5,739.5,741.25,77687,381839
ZWZ21,2021-10-08,739.25,746.5,731.75,734,86181,383960
ZWZ21,2021-10-11,734,739.5,731,731.75,55482,385301
ZWZ21,2021-10-12,731.75,743.75,718,734,98581,385204
ZWZ21,2021-10-13,736,737.75,712.75,718.75,97087,394197
ZWZ21,2021-10-14,718.75,729.5,718.5,724.75,71288,395408
ZWZ21,2021-10-15,725,740.5,722.25,734,69603,394613
ZWZ21,2021-10-18,734,738.75,728.5,736.25,54316,394776
ZWZ21,2021-10-19,736,745.25,735.25,736,62794,394949
ZWZ21,2021-10-20,737,750,736.5,749.25,63927,395546
ZWZ21,2021-10-21,749.75,752.5,738.25,741.25,56766,397267
ZWZ21,2021-10-22,743.75,759.5,743.5,756,85226,397030
ZWZ21,2021-10-25,759.75,767,753.25,759.5,79758,401548
ZWZ21,2021-10-26,763,765,747.5,752.25,97857,405625
ZWZ21,2021-10-27,750.5,762.75,745,759.75,89282,405741
ZWZ21,2021-10-28,760,780,751.5,772.5,98198,405648
ZWZ21,2021-10-29,773.25,780,763.5,772.75,91741,407965
ZWZ21,2021-11-01,774.5,800.5,768.25,797.25,132540,413268
ZWZ21,2021-11-02,798.5,807,789.75,791.5,121853,409137
ZWZ21,2021-11-03,790.5,796.75,777.5,781,98886,407224
ZWZ21,2021-11-04,782,794.25,772.25,773.75,102339,409072
ZWZ21,2021-11-05,774.75,781.5,765.5,766.5,173578,410092
ZWZ21,2021-11-08,768.25,773,762.5,768,159166,404951
ZWZ21,2021-11-09,769.25,783.25,764.5,778.5,164745,405438
ZWZ21,2021-11-10,783,803.75,778,803,181160,411554
ZWZ21,2021-11-11,803,824.75,798.25,812.5,230535,418793
ZWZ21,2021-11-12,814.25,826.75,805.5,817,136873,423231
ZWZ21,2021-11-15,819.75,829.5,813.25,826.25,142576,424572
ZWZ21,2021-11-16,827.5,827.5,810,810.25,147434,427786
ZWZ21,2021-11-17,812,835,810.5,822.25,155862,430087
ZWZ21,2021-11-18,824.25,843.25,819.25,820,168477,428537
ZWZ21,2021-11-19,821,830.75,813.5,823,123298,425628
ZWZ21,2021-11-22,827.5,848.5,826,845.75,135308,424980
ZWZ21,2021-11-23,846.5,856.5,838.25,856,106943,425301
ZWZ21,2021-11-24,856.5,863.25,833.5,836.75,159932,422084
ZWZ21,2021-11-26,821.25,830.5,810,825.5,98736,388016
ZWZ21,2021-11-29,837.75,840.5,805,807.5,118268,378867
ZWZ21,2021-11-30,808.25,808.25,770.5,773.75,139248,371575
ZWZ21,2021-12-01,784,785.5,774.75,778.5,89564,366391
ZWZ21,2021-12-02,779.5,809.25,779.5,806.5,113205,361077
ZWZ21,2021-12-03,809.5,814.75,794,794.5,96658,361528
ZWZ21,2021-12-06,799.75,799.75,784.5,797,66318,358828
ZWZ21,2021-12-07,811,812,796,799.25,59045,359186
ZWZ21,2021-12-08,799.25,801.5,787.75,791.25,65636,360895
ZWZ21,2021-12-09,793.5,793.5,773.5,773.5,106354,360110
ZWZ21,2021-12-10,769.25,783.25,769,782,61990,359616
ZWZ21,2021-12-13,779.25,791,779.25,785.5,63264,359201
ZWH22,2021-12-14,789.5,792.25,777.5,787,51961,361469
ZWH22,2021-12-15,787,787,751,756,119037,364204
ZWH22,2021-12-16,757.5,773,751.25,770.5,79569,360118
ZWH22,2021-12-17,770,780.25,765.25,775,61088,355719
ZWH22,2021-12-20,777.5,778.75,757.75,777.75,62293,355868
ZWH22,2021-12-21,778.5,799.75,772.5,799,81582,357381
ZWH22,2021-12-22,796.75,817,792,814,77196,360049
ZWH22,2021-12-23,812.5,820.5,808.25,814.75,59245,357720
ZWH22,2021-12-27,817.5,824,802.5,804,47372,358309
ZWH22,2021-12-28,805.75,808,781.75,783.5,67194,356439
ZWH22,2021-12-29,785.25,793,774,787.75,61589,353262
ZWH22,2021-12-30,789.5,791.75,776,779.75,45941,353515
ZWH22,2021-12-31,782.5,787.75,769.5,770.75,44703,353764
ZWH22,2022-01-03,774,782.25,752.75,758,66303,356521
ZWH22,2022-01-04,758,771.5,756.25,770,75435,359139
ZWH22,2022-01-05,771,771.5,756,760.75,66311,361136
ZWH22,2022-01-06,761.75,762,736,746,101100,370624
ZWH22,2022-01-07,748,760.75,735.5,758.5,102815,371556
ZWH22,2022-01-10,760.75,767.5,748,762,81955,370992
ZWH22,2022-01-11,761.75,770.5,758.25,770.25,77549,369218
ZWH22,2022-01-12,768,770,753.5,757.75,95256,368276
ZWH22,2022-01-13,757,757.75,741,746.75,98012,374504
ZWH22,2022-01-14,746,747.25,737,741.5,80275,375181
ZWH22,2022-01-18,742.25,771.5,741.25,769,119023,378456
ZWH22,2022-01-19,772,797.25,769.5,796.5,131166,381043
ZWH22,2022-01-20,794,802.75,783.75,790.25,113558,385085
ZWH22,2022-01-21,788,791,778,780,84024,381230
ZWH22,2022-01-24,794,802.5,775.75,800.5,101961,378607
ZWH22,2022-01-25,801,831.5,800.5,818,147663,390266
ZWH22,2022-01-26,817.25,817.5,787,795,121520,393927
ZWH22,2022-01-27,794.25,795.5,774,777,92788,393229
ZWH22,2022-01-28,777.25,793.5,774.75,786.25,77415,393205
ZWH22,2022-01-31,793,798.5,756.75,761.25,111997,390629
ZWH22,2022-02-01,762.5,776.75,760.5,769,92108,391162
ZWH22,2022-02-02,770,778.5,749.25,755,115636,392996
ZWH22,2022-02-03,754,756.5,740,751.75,97039,392492
ZWH22,2022-02-04,754.75,767.25,748.25,763.25,100255,393256
ZWH22,2022-02-07,776,776.5,760,768.75,160777,389227
ZWH22,2022-02-08,771.25,782,754,778.75,197022,385172
ZWH22,2022-02-09,779.5,788.25,770.5,785,205328,391680
ZWH22,2022-02-10,785.5,801.75,765.75,771.5,197254,397153
ZWH22,2022-02-11,770.25,806.25,764.75,797.75,201949,400019
ZWH22,2022-02-14,801.5,813.5,780.75,799.25,156208,402777
ZWH22,2022-02-15,801.25,801.75,773,779.75,133162,402232
ZWH22,2022-02-16,779.75,786.75,773.25,780.5,88033,400307
ZWH22,2022-02-17,780,799.25,775.5,798,134538,397026
ZWH22,2022-02-18,797.5,812.25,790,797,126618,384454
ZWH22,2022-02-22,815,846.25,803,844.25,206557,379308
ZWH22,2022-02-23,841,880,834,876,208437,385031
ZWH22,2022-02-24,882.75,926,877.25,926,293290,377712
ZWH22,2022-02-25,923.25,952.5,841.5,843,214162,367968
ZWH22,2022-02-28,920.25,930.5,885.5,928,213099,372678
ZWH22,2022-03-01,951,1004.5,951,1001.75,151435,372124
ZWH22,2022-03-02,1009.25,1132,997.5,1058.5,387819,356624
ZWH22,2022-03-03,1124.25,1289.25,1119,1289,265441,349625
ZWH22,2022-03-04,1340,1350,1201.5,1348,222815,344061
ZWH22,2022-03-07,1311.25,1425.25,1311.25,1425.25,161166,344727
ZWH22,2022-03-08,1319.25,1319.25,1273,1273,268681,342996
ZWH22,2022-03-09,1199.5,1199.5,1199.5,1199.5,134263,343146
ZWH22,2022-03-10,1073.75,1073.75,1073.75,1073.75,166064,336460
ZWH22,2022-03-11,1035.75,1090,1030.75,1090,118683,336705
ZWK22,2022-03-14,1126.25,1148.75,1064,1096.25,101317,338671
ZWK22,2022-03-15,1106,1160.75,1088.25,1154.25,80115,339904
ZWK22,2022-03-16,1157.25,1159.5,1069.25,1069.25,92177,336884
ZWK22,2022-03-17,1051,1108.25,1031.75,1098,78912,339644
ZWK22,2022-03-18,1095,1106,1055.75,1063.75,49888,339659
ZWK22,2022-03-21,1075,1148.75,1061.75,1119.25,86469,343697
ZWK22,2022-03-22,1119.25,1169.25,1102.25,1118.25,68603,345345
ZWK22,2022-03-23,1119.25,1139,1101,1105.75,54426,345130
ZWK22,2022-03-24,1105.75,1115,1080.5,1085.75,58797,345871
ZWK22,2022-03-25,1089.5,1109,1064.75,1102.25,63902,343864
ZWK22,2022-03-28,1092.75,1096,1047,1057,64697,344004
ZWK22,2022-03-29,1047,1068.25,972,1014.25,103000,341224
ZWK22,2022-03-30,1015,1041.75,1002.25,1027.25,67803,343658
ZWK22,2022-03-31,1030.25,1075,1003.5,1006,84290,344105
ZWK22,2022-04-01,1007.25,1032.75,982.5,984.5,78268,344461
ZWK22,2022-04-04,989.5,1014.5,984.75,1010.25,72542,344331
ZWK22,2022-04-05,1020.5,1074,1020,1045.25,79401,344615
ZWK22,2022-04-06,1049.5,1056.25,1023.5,1038.25,77657,345968
ZWK22,2022-04-07,1040.25,1044.5,1017.75,1020,126046,342192
ZWK22,2022-04-08,1020,1054.25,1017,1051.5,129626,341639
ZWK22,2022-04-11,1056,1091.75,1055,1081.25,157311,339487
ZWK22,2022-04-12,1077.75,1117.5,1075,1103.75,142328,338271
ZWK22,2022-04-13,1102.5,1124.25,1078,1113.5,158682,339092
ZWK22,2022-04-14,1113,1127.5,1094.25,1096.5,80144,339477
ZWK22,2022-04-18,1099.25,1134.75,1098.25,1120.5,66021,339365
ZWK22,2022-04-19,1123.25,1135,1096,1099,81339,337038
ZWK22,2022-04-20,1094.75,1109.75,1066.75,1088,79943,336093
ZWK22,2022-04-21,1094.25,1094.25,1052.5,1068,71363,336372
ZWK22,2022-04-22,1070,1076,1052.5,1065.5,67807,329432
ZWK22,2022-04-25,1065.75,1080,1045.75,1062,77192,327218
ZWK22,2022-04-26,1069.75,1096.5,1066.75,1083.25,66642,325594
ZWK22,2022-04-27,1081.25,1087,1067.75,1080,50151,324889
ZWK22,2022-04-28,1082.5,1094,1070,1074,57347,321693
ZWK22,2022-04-29,1071.25,1085,1043.75,1043.75,68731,322552
ZWK22,2022-05-02,1037.5,1052.5,1029.25,1043.5,72662,321148
ZWK22,2022-05-03,1045,1057,1033.75,1033.75,62745,319233
ZWK22,2022-05-04,1042.25,1069.75,1042.25,1066,84900,318545
ZWK22,2022-05-05,1084.5,1103.75,1084.5,1096,86788,318168
ZWK22,2022-05-06,1098.5,1109,1097,1097,83120,313562
ZWK22,2022-05-09,1084,1109.25,1081.5,1083.25,73082,311613
ZWK22,2022-05-10,1096.75,1098.5,1083.25,1083.25,61330,308326
ZWK22,2022-05-11,1109.25,1115,1100,1108.75,67688,307267
ZWK22,2022-05-12,1107.75,1174.5,1103.25,1174.5,112891,313455
ZWN22,2022-05-13,1172.75,1198.5,1158.5,1177.5,73202,315578
ZWN22,2022-05-16,1234.25,1247.5,1222.25,1247.5,126767,320115
ZWN22,2022-05-17,1268,1284,1200.75,1277.5,142076,326651
ZWN22,2022-05-18,1278.5,1280,1211.5,1230.75,103547,327539
ZWN22,2022-05-19,1222,1247.75,1193.5,1200.5,93566,329437
ZWN22,2022-05-20,1208,1208,1168,1168.75,70042,327488
ZWN22,2022-05-23,1181.75,1196.75,1174.75,1190,70813,330008
ZWN22,2022-05-24,1196,1208.75,1138,1154.75,97561,326607
ZWN22,2022-05-25,1154.5,1158.5,1114.5,1148.25,95936,326803
ZWN22,2022-05-26,1133,1160.25,1115,1143.25,69315,329543
ZWN22,2022-05-27,1143.25,1170.25,1133.5,1157.5,47665,330001
ZWN22,2022-05-31,1157,1157.25,1087.5,1087.5,130523,331136
ZWN22,2022-06-01,1091,1098,1027.25,1041.25,155797,327661
ZWN22,2022-06-02,1043.25,1075,1037.25,1058.25,128933,325984
ZWN22,2022-06-03,1061.5,1069.25,1036.25,1040,100912,330272
ZWN22,2022-06-06,1060,1108.75,1060,1093,132406,331551
ZWN22,2022-06-07,1093,1101,1058.5,1071.75,195357,333705
ZWN22,2022-06-08,1073,1089,1061.75,1074.75,152959,335146
ZWN22,2022-06-09,1076.25,1082,1044.25,1071.25,158215,333955
ZWN22,2022-06-10,1074.5,1081.25,1053,1070.75,131044,330790
ZWN22,2022-06-13,1073,1093.5,1053.5,1071,136563,337286
ZWN22,2022-06-14,1071,1072.75,1046.5,1050.25,82249,336890
ZWN22,2022-06-15,1055,1058.75,1036.5,1050,79488,332683
ZWN22,2022-06-16,1050.25,1084.75,1047,1078.25,93112,329398
ZWN22,2022-06-17,1078.25,1083.75,1030.25,1034.25,99004,324127
ZWN22,2022-06-21,1032,1033.25,973.5,975.25,152356,320326
ZWN22,2022-06-22,977.25,1007.25,960,976.5,122288,317785
ZWN22,2022-06-23,973.25,974.5,934.5,937.25,112681,319102
ZWN22,2022-06-24,936.25,962.5,921.75,923.75,102882,308651
ZWN22,2022-06-27,922,940,900.5,904,103756,300903
ZWN22,2022-06-28,908,935.25,907.25,921.25,110492,291041
ZWN22,2022-06-29,922,940,913.75,915.5,98388,290994
ZWN22,2022-06-30,914.25,917.75,868.75,868.75,132795,290317
ZWN22,2022-07-01,876,878,831.25,831.25,104789,292825
ZWN22,2022-07-05,829,829,793.75,793.75,105957,288754
ZWN22,2022-07-06,791,816.5,779,792.25,110097,287325
ZWN22,2022-07-07,816,825.25,816,824.5,93298,285978
ZWN22,2022-07-08,843.5,879.25,841.75,879.25,92881,284676
ZWN22,2022-07-11,888,888,843.75,843.75,97723,285765
ZWN22,2022-07-12,835,839.25,801.5,801.5,92228,288182
ZWN22,2022-07-13,810,819.25,798.25,798.25,91933,290815
ZWU22,2022-07-14,812.75,829.5,792,795,104154,291642
ZWU22,2022-07-15,798,804.75,765.75,776.75,86817,291588
ZWU22,2022-07-18,787.25,825,778.5,812.75,76057,290864
ZWU22,2022-07-19,808.5,822.25,792.5,812.25,83282,292700
ZWU22,2022-07-20,810.25,843.5,801,819.5,72346,294384
ZWU22,2022-07-21,819.5,834,795.5,806.25,75703,298407
ZWU22,2022-07-22,803.25,807.25,754,759,120431,303170
ZWU22,2022-07-25,787,793.5,760.5,770,84656,302936
ZWU22,2022-07-26,773,806,772.25,803.75,78217,301674
ZWU22,2022-07-27,802.5,818.75,782,790.25,77450,305658
ZWU22,2022-07-28,786.25,824.25,786.25,817,67255,307421
ZWU22,2022-07-29,817,845.75,801,807.75,95791,309976
ZWU22,2022-08-01,812.75,820.25,781.25,800.25,76620,312511
ZWU22,2022-08-02,795,795.75,772.75,774.75,98061,316244
ZWU22,2022-08-03,774,790.25,752,763.75,112699,316141
ZWU22,2022-08-04,768,789.5,758.25,782.5,98520,318243
ZWU22,2022-08-05,782,796.75,769.75,775.75,116953,316152
ZWU22,2022-08-08,776.5,793.75,760.75,779.75,140003,317766
ZWU22,2022-08-09,785.75,801.25,772.75,781.5,134396,320767
ZWU22,2022-08-10,781.5,808.5,780.25,799.75,149756,320184
ZWU22,2022-08-11,800,820.75,794.5,810.75,141591,321724
ZWU22,2022-08-12,811.25,811.25,782.25,806,102433,318728
ZWU22,2022-08-15,802,804.5,778,800.75,72691,314455
ZWU22,2022-08-16,799,810.5,782.5,786,64906,313237
ZWU22,2022-08-17,785.25,797,759.5,763.25,88589,318467
ZWU22,2022-08-18,764.75,766.5,725.75,731.5,127917,323372
ZWU22,2022-08-19,733,756.75,727.25,753.25,76478,323647
ZWU22,2022-08-22,754,774,744.5,770.5,87216,322184
ZWU22,2022-08-23,770,802.5,767.25,782.75,110103,320495
ZWU22,2022-08-24,782.25,799.75,775,795,93041,317873
ZWU22,2022-08-25,794.75,803.5,766.5,769.75,85263,311388
ZWU22,2022-08-26,764.5,792.25,764,784.75,107199,300206
ZWU22,2022-08-29,785.75,827,774.75,820,116993,291337
ZWU22,2022-08-30,818.5,824,793.75,798.25,94514,288545
ZWU22,2022-08-31,794.75,812.25,788.75,809,78224,290785
ZWU22,2022-09-01,802.75,806.75,773,775.5,82731,290037
ZWU22,2022-09-02,793.75,795.25,790,793,51840,289607
ZWU22,2022-09-06,795.5,800.75,794.25,800,54811,289329
ZWU22,2022-09-07,802.25,855,802.25,826.5,137883,291130
ZWU22,2022-09-08,815,816.5,805.5,810.5,82831,289972
ZWU22,2022-09-09,810,853.25,810,853.25,90863,291972
ZWU22,2022-09-12,852.5,852.5,837,841.25,93983,287688
ZWU22,2022-09-13,850,850,839,842.75,88693,287046
ZWZ22,2022-09-14,862.5,874.75,849.25,872.25,71681,286051
ZWZ22,2022-09-15,874,884.75,843.25,845,82206,286449
ZWZ22,2022-09-16,846.75,866.5,830.75,859.75,72183,284443
ZWZ22,2022-09-19,857.25,861.25,819.25,830.5,67384,285024
ZWZ22,2022-09-20,827.75,896.75,825.5,893.75,113372,285567
ZWZ22,2022-09-21,886.5,919.5,873,903.75,154979,288320
ZWZ22,2022-09-22,896.5,922.5,891,910.75,102157,294361
ZWZ22,2022-09-23,908.75,913,876,880.5,84239,290600
ZWZ22,2022-09-26,877,890.75,854.25,858,67892,287955
ZWZ22,2022-09-27,857.5,894.5,857,871.5,74800,290771
ZWZ22,2022-09-28,874.25,905,862,903.25,76636,295898
ZWZ22,2022-09-29,902.5,914.5,887.75,896.25,64981,293290
ZWZ22,2022-09-30,899.75,945.75,892.75,921.5,126770,295483
ZWZ22,2022-10-03,930,938.75,908.5,912,90858,295082
ZWZ22,2022-10-04,916.25,927,897.5,903,87344,291614
ZWZ22,2022-10-05,903.25,919.75,894.25,902,66536,291740
ZWZ22,2022-10-06,905.75,907.75,873.25,879,79038,294791
ZWZ22,2022-10-07,883.25,896.75,872.5,880.25,68112,298218
ZWZ22,2022-10-10,895.25,949.75,891.5,938,135141,303009
ZWZ22,2022-10-11,934,936.75,898,901,110866,307901
ZWZ22,2022-10-12,902,903.75,876.25,882.25,81689,308515
ZWZ22,2022-10-13,883.75,906.25,863,892.25,98506,309813
ZWZ22,2022-10-14,894.25,898.75,857.25,859.75,77508,310211
ZWZ22,2022-10-17,860,877.75,855.25,861,74408,307137
ZWZ22,2022-10-18,862,866,832.75,849.5,79531,309429
ZWZ22,2022-10-19,847,862.75,835.5,841.25,68042,309477
ZWZ22,2022-10-20,844.5,855.75,836.75,849.25,75050,313929
ZWZ22,2022-10-21,850.25,863,833,850.75,66219,313454
ZWZ22,2022-10-24,853.75,856.5,833.5,838.75,63618,316858
ZWZ22,2022-10-25,840,844.75,826.75,834.75,80644,324137
ZWZ22,2022-10-26,836.25,846.5,824,840.5,69324,324517
ZWZ22,2022-10-27,843.5,858,833.5,838.5,71600,328840
ZWZ22,2022-10-28,839.75,840.25,822.5,829.25,62799,332745
ZWZ22,2022-10-31,884.5,893.25,853.75,882.25,190594,329100
ZWZ22,2022-11-01,878.5,904,867.75,902.5,139004,333061
ZWZ22,2022-11-02,898.5,902,837.75,846,168597,338875
ZWZ22,2022-11-03,844.75,849,827.75,840.5,92629,341473
ZWZ22,2022-11-04,842,855.5,834,847.75,92561,343945
ZWZ22,2022-11-07,851,863.75,834,845.75,164223,348911
ZWZ22,2022-11-08,847.75,855,824.75,827.75,145726,350843
ZWZ22,2022-11-09,829.25,834,805.25,806.5,199855,353004
ZWZ22,2022-11-10,806.75,815.75,795.5,803.5,170152,354292
ZWZ22,2022-11-11,804.25,819.5,799.5,813.75,159055,355500
ZWZ22,2022-11-14,813,828.75,804.75,818.5,101124,349244
ZWZ22,2022-11-15,818.5,843,799.25,828.25,174526,350091
ZWZ22,2022-11-16,829.5,829.75,801.5,817.5,111598,344619
ZWZ22,2022-11-17,818.25,818.25,793.75,806.75,98832,345869
ZWZ22,2022-11-18,806.75,816.5,800.25,803.25,89912,348413
ZWZ22,2022-11-21,805.25,808.75,786,799.25,91020,351381
ZWZ22,2022-11-22,799,806.75,790,791.5,79675,352395
ZWZ22,2022-11-23,791.75,797.5,781.25,793.5,85874,349435
ZWZ22,2022-11-25,790.75,799.75,771,775.5,69137,334254
ZWZ22,2022-11-28,771.25,774.25,750.25,756.75,148325,317611
ZWZ22,2022-11-29,755.5,769,753.75,757.75,88566,310667
ZWZ22,2022-11-30,760,772.75,757.25,771.5,73246,312768
ZWZ22,2022-12-01,767.5,767.5,757.25,758.75,71484,317767
ZWZ22,2022-12-02,750,750,737.25,737.25,83853,322759
ZWZ22,2022-12-05,730.5,730.5,715.5,715.5,79386,328263
ZWZ22,2022-12-06,715.75,715.75,702.5,705.5,86540,334760
ZWZ22,2022-12-07,727.25,728.75,727,727,79854,334456
ZWZ22,2022-12-08,721,726.75,721,724.25,58612,334472
ZWZ22,2022-12-09,712.75,712.75,712.75,712.75,53860,336992
ZWZ22,2022-12-12,733,733,733,733,77597,334509
ZWZ22,2022-12-13,741,742.5,728.75,728.75,84623,335354
ZWH23,2022-12-14,750,751.75,737.75,749.25,62923,336240
ZWH23,2022-12-15,749.75,767,745,757.25,76078,334774
ZWH23,2022-12-16,758.25,764.25,750.75,753.5,56167,333748
ZWH23,2022-12-19,755,759.75,738.75,748.5,66066,331211
ZWH23,2022-12-20,747.25,761.5,744.75,750.5,63116,332182
ZWH23,2022-12-21,750,774.5,748.75,767.75,82629,331760
ZWH23,2022-12-22,766.75,777,758,762.25,54357,335382
ZWH23,2022-12-23,762,778,758,776,39693,333743
ZWH23,2022-12-27,781.25,784.5,769,774.5,38633,331562
ZWH23,2022-12-28,774.5,787.5,770.75,785.5,50939,333465
ZWH23,2022-12-29,785,786.5,765.5,774,51296,336015
ZWH23,2022-12-30,775.5,799,771.5,792,53693,333740
ZWH23,2023-01-03,786,794.5,769.75,775.5,76978,331577
ZWH23,2023-01-04,780.5,780.5,744.25,745.5,82032,333570
ZWH23,2023-01-05,746,752,736,746.75,60450,334222
ZWH23,2023-01-06,748.5,756.75,742.5,743.5,44774,333163
ZWH23,2023-01-09,748,758,740.25,741.5,73485,332381
ZWH23,2023-01-10,741.25,742.5,720.5,731,94856,334538
ZWH23,2023-01-11,730.25,742.25,724.5,740,66838,337190
ZWH23,2023-01-12,739,747.25,723,742.75,115806,341478
ZWH23,2023-01-13,743.5,748.5,737.25,743.75,76190,341288
ZWH23,2023-01-17,742.5,755.75,728.75,751.75,84080,340830
ZWH23,2023-01-18,749,760.25,740.25,742.5,79022,341190
ZWH23,2023-01-19,741.75,748.75,733.5,734.5,78369,341313
ZWH23,2023-01-20,735,743,727.75,741.5,64186,343517
ZWH23,2023-01-23,738,740.5,712.5,720,101993,353876
ZWH23,2023-01-24,720.5,739,719.75,734.5,75509,350331
ZWH23,2023-01-25,735,746.5,734.75,741.25,76107,347345
ZWH23,2023-01-26,741,758,738,752.5,83042,346732
ZWH23,2023-01-27,752.25,753.25,744.25,750,69298,344386
ZWH23,2023-01-30,753,762.5,743.5,752.5,77236,347742
ZWH23,2023-01-31,752.5,766.75,742,761.25,103862,350871
ZWH23,2023-02-01,760.75,762.5,744.5,759.75,108278,353737
ZWH23,2023-02-02,757.5,770.75,750.5,761,119923,357681
ZWH23,2023-02-03,759.75,776.5,750.75,756.75,140028,353306
ZWH23,2023-02-06,758,766.5,745.5,750.25,108822,353718
ZWH23,2023-02-07,750,757,744.25,749.75,144124,358162
ZWH23,2023-02-08,750,766,747.75,764.75,177089,362431
ZWH23,2023-02-09,764.75,770.5,754.75,757.25,152607,363440
ZWH23,2023-02-10,755,790,755,786,219346,366091
ZWH23,2023-02-13,789,796,776,792,190024,365225
ZWH23,2023-02-14,790,797.5,783.5,786,155035,370508
ZWH23,2023-02-15,786,787.25,766.75,769.25,142460,369351
ZWH23,2023-02-16,767.5,771.5,762.25,765,90543,365763
ZWH23,2023-02-17,765,771.5,759.5,765.5,86194,362525
ZWH23,2023-02-21,765.75,773.25,749.5,750.5,148835,359360
ZWH23,2023-02-22,751.75,754.25,733,736.5,149227,355379
ZWH23,2023-02-23,735.5,745,734.25,738.25,127176,339893
ZWH23,2023-02-24,740.5,741,703,708.25,160784,334062
ZWH23,2023-02-27,708.25,710,691.25,696,144075,332063
ZWH23,2023-02-28,694,699.5,687,691.5,100826,341154
ZWH23,2023-03-01,691.25,698.75,691.25,697,97366,346408
ZWH23,2023-03-02,702.5,706.5,701.25,701.25,84416,347555
ZWH23,2023-03-03,698.75,698.75,695.75,695.75,75651,352489
ZWH23,2023-03-06,690.75,692.25,682.5,682.5,78207,356688
ZWH23,2023-03-07,684.75,684.75,684.75,684.75,80776,360791
ZWH23,2023-03-08,674.5,674.5,674.5,674.5,103710,365134
ZWH23,2023-03-09,653.5,653.5,653.5,653.5,146442,377815
ZWH23,2023-03-10,662.25,666.75,662.25,666.75,106669,378336
ZWH23,2023-03-13,660.5,675.75,660.5,672.25,127108,377931
ZWK23,2023-03-14,683,699.75,677.5,696.25,97346,374635
ZWK23,2023-03-15,697.25,706,692.75,702.75,90921,370475
ZWK23,2023-03-16,704,704,691.5,699,72043,366308
ZWK23,2023-03-17,697.25,712.5,697.25,710.5,101756,364810
ZWK23,2023-03-20,708.5,708.5,695.25,700.75,112539,365684
ZWK23,2023-03-21,700,705.5,680.25,683.25,120110,370297
ZWK23,2023-03-22,682.5,684,654,663.5,155669,381492
ZWK23,2023-03-23,663,675.5,657.25,662,101580,386257
ZWK23,2023-03-24,660.25,700.5,656.25,688.5,203994,376740
ZWK23,2023-03-27,691,706.5,680.25,698,101570,377859
ZWK23,2023-03-28,698.5,704.75,691.5,699.75,88684,373926
ZWK23,2023-03-29,698.25,724,696.5,704.75,137929,375323
ZWK23,2023-03-30,705.25,710,690.25,692.25,87556,377093
ZWK23,2023-03-31,692.5,701.25,681,692.25,107700,377148
ZWK23,2023-04-03,697,710,691.5,693.5,110017,376381
ZWK23,2023-04-04,697,701.5,688,691.5,93654,375999
ZWK23,2023-04-05,693,693.25,675,682,116348,386278
ZWK23,2023-04-06,682.25,685,671.25,675.5,116349,391554
ZWK23,2023-04-10,684.5,687.5,668.25,678.5,145689,384812
ZWK23,2023-04-11,680.25,686,666.25,674,234040,391899
ZWK23,2023-04-12,673,683.75,673,679.5,247812,381364
ZWK23,2023-04-13,680.75,680.75,664.5,667,217132,384587
ZWK23,2023-04-14,668.75,685.25,661.25,682.5,195055,391830
ZWK23,2023-04-17,686.25,697,674.5,696.5,174660,382511
ZWK23,2023-04-18,693.5,707,689.25,698,134913,378531
ZWK23,2023-04-19,699,699,680.75,681.75,110572,378314
ZWK23,2023-04-20,683,684.75,666.5,667.75,119858,376205
ZWK23,2023-04-21,667.75,673.25,658,661.75,131163,376542
ZWK23,2023-04-24,669.25,669.5,643.25,643.5,140807,371777
ZWK23,2023-04-25,643.5,646.75,628.25,638.75,151904,366390
ZWK23,2023-04-26,639.75,643,626.5,627.25,110478,363741
ZWK23,2023-04-27,628.75,630.75,610.5,614.75,151913,362537
ZWK23,2023-04-28,611.75,623,610.25,619.75,98974,365418
ZWK23,2023-05-01,620,620,599.5,603.75,94159,372036
ZWK23,2023-05-02,612,612.75,595.5,595.5,109880,373634
ZWK23,2023-05-03,596,626.25,596,626.25,156240,373338
ZWK23,2023-05-04,624,632.75,620.75,631.5,120605,370224
ZWK23,2023-05-05,647,647,647,647,120657,369612
ZWK23,2023-05-08,647.5,651.25,641,641,108006,368597
ZWK23,2023-05-09,628,630.5,624.75,630.5,108693,367130
ZWK23,2023-05-10,628.25,628.25,621.5,628.25,103245,367763
ZWK23,2023-05-11,617.5,617.5,614.25,614.25,92972,371623
ZWN23,2023-05-12,628,654,626,635,119457,374924
ZWN23,2023-05-15,635,663.75,632.5,660.75,104901,372832
ZWN23,2023-05-16,661.75,664.25,640,647.5,111758,372181
ZWN23,2023-05-17,646.75,654.25,616,625.5,168349,371308
ZWN23,2023-05-18,626.25,626.5,605.5,611.75,97920,372563
ZWN23,2023-05-19,611,620.75,602,605,106230,375233
ZWN23,2023-05-22,607.75,613.75,596.25,606.25,107666,377522
ZWN23,2023-05-23,607.5,624.75,594.25,622.25,91771,379453
ZWN23,2023-05-24,621,624.5,602.25,606.25,98957,384360
ZWN23,2023-05-25,607,616.5,599,604.25,94137,389509
ZWN23,2023-05-26,606,618.5,602.5,616,90254,388935
ZWN23,2023-05-30,616.75,616.75,588.75,591,141719,395158
ZWN23,2023-05-31,591.5,595,573.25,594.25,135268,393707
ZWN23,2023-06-01,594.25,617.5,593,610.75,154935,394678
ZWN23,2023-06-02,610.25,622.5,602.25,619,138751,399234
ZWN23,2023-06-05,621.5,631.5,615.5,624,138534,399658
ZWN23,2023-06-06,624.25,648,621.25,627.75,227816,405201
ZWN23,2023-06-07,626.5,635.5,613.25,616.75,179322,397117
ZWN23,2023-06-08,616,629,611.25,626.25,210373,401042
ZWN23,2023-06-09,624.5,632.25,618.5,630.25,247765,392583
ZWN23,2023-06-12,629.75,638.75,622.25,633.75,182751,387466
ZWN23,2023-06-13,634.5,649.25,626.75,636.25,214373,382620
ZWN23,2023-06-14,638,639,625,630.25,157692,380773
ZWN23,2023-06-15,629,665.25,628.25,661.5,176234,377684
ZWN23,2023-06-16,659.75,697,656,688,248932,365199
ZWN23,2023-06-20,687,700,676.25,695.75,188923,353865
ZWN23,2023-06-21,700.5,735.5,699.25,734.5,177181,347233
ZWN23,2023-06-22,730.25,747,725.5,739,183656,337768
ZWN23,2023-06-23,737,737.75,718.75,733.25,190220,316800
ZWN23,2023-06-26,734.25,756.75,719,724.25,191482,313754
ZWN23,2023-06-27,724.25,725.75,681.5,685,136594,299609
ZWN23,2023-06-28,684.75,692.5,653.25,655.75,124376,295354
ZWN23,2023-06-29,655.5,663.75,650.75,653,99604,289938
ZWN23,2023-06-30,654,663.75,634.25,636.25,119736,292139
ZWN23,2023-07-03,630,642.25,628.25,628.5,91993,297933
ZWN23,2023-07-05,640,662,635,662,133364,297132
ZWN23,2023-07-06,654.5,654.75,640.75,647,96565,298235
ZWN23,2023-07-07,642.75,646.75,639.5,639.5,82961,297540
ZWN23,2023-07-10,641.75,645.75,636.25,636.25,76954,298274
ZWN23,2023-07-11,645,650,642.75,649.5,76641,297146
ZWN23,2023-07-12,645,645,621.25,621.25,117200,298994
ZWN23,2023-07-13,614.25,627.5,614.25,627.5,103564,302260
ZWU23,2023-07-14,639.5,663.25,637.75,661.5,92078,304504
ZWU23,2023-07-17,666,689.25,651,653.75,119790,305085
ZWU23,2023-07-18,649.25,675,642.25,670.75,93057,303407
ZWU23,2023-07-19,669,730.75,664,727.75,261411,304794
ZWU23,2023-07-20,725,750.75,711.25,727,248992,307803
ZWU23,2023-07-21,724.75,733.25,693.5,697.5,164218,308624
ZWU23,2023-07-24,702,757.5,698.75,757.5,187967,310672
ZWU23,2023-07-25,754.25,777.25,736.5,760.25,189596,311339
ZWU23,2023-07-26,757,757.5,709,720,177118,313676
ZWU23,2023-07-27,723.25,740,711.75,712.75,131669,312620
ZWU23,2023-07-28,714.75,720.25,689,704.25,135721,314876
ZWU23,2023-07-31,702.5,703,660.25,665.75,208246,317037
ZWU23,2023-08-01,670,675,643.25,652.25,140394,324589
ZWU23,2023-08-02,654.5,684,636,640,167661,329677
ZWU23,2023-08-03,639.25,648.25,626.25,627,140511,339398
ZWU23,2023-08-04,627.75,653.75,627.25,633,147061,344086
ZWU23,2023-08-07,646,663.75,636,657.5,215208,345010
ZWU23,2023-08-08,657.5,662.25,643,656.25,165671,343982
ZWU23,2023-08-09,655.5,658.25,633.5,635,153893,347617
ZWU23,2023-08-10,637.25,644,635,637.75,162647,349441
ZWU23,2023-08-11,638,639.75,624.25,626.75,179228,360127
ZWU23,2023-08-14,632.75,635,605.25,616,137299,365228
ZWU23,2023-08-15,618.5,619,595.75,598.5,143502,374839
ZWU23,2023-08-16,598.75,607.5,591.5,597.75,134389,386089
ZWU23,2023-08-17,599.75,601.25,586.25,589.5,94208,387214
ZWU23,2023-08-18,589,615.75,588.5,613.25,100876,386212
ZWU23,2023-08-21,618,620.75,595.75,599.25,83846,385140
ZWU23,2023-08-22,599,610.75,594.5,601.75,85001,385630
ZWU23,2023-08-23,604.25,617,598.25,612.5,83617,385159
ZWU23,2023-08-24,614.75,615,598.25,604,75393,379959
ZWU23,2023-08-25,604.5,609.75,587.5,593.25,108304,362754
ZWU23,2023-08-28,593.5,599.25,584,588,84187,359696
ZWU23,2023-08-29,588,589,568.75,569.75,131765,357990
ZWU23,2023-08-30,572.75,579.5,564.5,576.75,113825,358377
ZWU23,2023-08-31,574,582.75,566,573,108171,364105
ZWU23,2023-09-01,574,585,567.5,567.5,79708,369852
ZWU23,2023-09-05,569.25,575,567,572.5,80713,376770
ZWU23,2023-09-06,577.5,587,576.5,581,79217,377473
ZWU23,2023-09-07,578.25,585,571.5,571.5,69486,379901
ZWU23,2023-09-08,567.25,567.25,567,567.25,71750,383542
ZWU23,2023-09-11,561.5,561.5,556,556,79892,387416
ZWU23,2023-09-12,557.25,560.25,548,560.25,102007,391669
ZWU23,2023-09-13,562.5,569,562.5,569,104005,396714
ZWZ23,2023-09-14,595.5,597.75,583.5,593.75,86363,397415
ZWZ23,2023-09-15,594.25,607.5,591.75,604.25,106060,398294
ZWZ23,2023-09-18,604,604.25,587,591.25,106026,401346
ZWZ23,2023-09-19,588,592.75,581,584,91606,403737
ZWZ23,2023-09-20,585.25,596.25,581.5,588.75,104327,408569
ZWZ23,2023-09-21,589,590.25,575,575.75,77011,410930
ZWZ23,2023-09-22,576.5,582.5,572.75,579.5,70326,412575
ZWZ23,2023-09-25,577,590,573.75,589,68532,412626
ZWZ23,2023-09-26,589,596.75,583.25,589,78061,415761
ZWZ23,2023-09-27,589.25,594.5,578.5,579.5,94295,416761
ZWZ23,2023-09-28,580.5,583.5,575.25,578.75,77616,421448
ZWZ23,2023-09-29,579.5,585.5,540,541.5,221960,434160
ZWZ23,2023-10-02,545,567,541.25,564.75,166680,436642
ZWZ23,2023-10-03,568.25,575,562.75,568.5,139024,429333
ZWZ23,2023-10-04,567.5,569.75,551.75,560,123868,433297
ZWZ23,2023-10-05,559.75,580.25,559,578.25,128097,427226
ZWZ23,2023-10-06,576,580.25,566.5,568.25,88978,423310
ZWZ23,2023-10-09,573.25,581.5,570,572.75,81214,423640
ZWZ23,2023-10-10,573.75,574.75,555.5,558.5,86825,426659
ZWZ23,2023-10-11,559,560.75,551,556,84273,432564
ZWZ23,2023-10-12,557.25,574.5,547.25,571.5,155267,438954
ZWZ23,2023-10-13,572,586.25,569.5,579.75,162483,433084
ZWZ23,2023-10-16,580,588.5,575.25,577.25,106164,428499
ZWZ23,2023-10-17,577,582.25,568.5,570.5,99716,431791
ZWZ23,2023-10-18,572.5,584,571.25,580.25,92890,436333
ZWZ23,2023-10-19,579.75,594.5,576.5,594,114197,439737
ZWZ23,2023-10-20,594,604.5,583.25,586,142017,434155
ZWZ23,2023-10-23,586.5,595.25,582,587.25,76615,435866
ZWZ23,2023-10-24,587.75,588,572.75,580.5,81845,435685
ZWZ23,2023-10-25,580,586.25,567,568.5,106582,444797
ZWZ23,2023-10-26,569.25,580.5,563.25,579.5,129713,448390
ZWZ23,2023-10-27,580.25,582.5,571,575.5,92575,451007
ZWZ23,2023-10-30,576,577,565.25,566,114568,454769
ZWZ23,2023-10-31,568.25,568.5,554.5,556.25,135267,460210
ZWZ23,2023-11-01,557.5,564.75,554.75,561.75,108994,460273
ZWZ23,2023-11-02,562.25,569.5,557.25,565.5,99370,456099
ZWZ23,2023-11-03,565.75,574.5,563.75,572.5,79272,455133
ZWZ23,2023-11-06,573,577.75,566.5,575.75,131031,459997
ZWZ23,2023-11-07,574,582.25,564.5,570.25,211101,453312
ZWZ23,2023-11-08,571.5,598.75,570.25,592.25,288927,437948
ZWZ23,2023-11-09,590,592.5,573,580.75,168981,429368
ZWZ23,2023-11-10,581.75,583,570.75,575.25,141276,434165
ZWZ23,2023-11-13,575,582,567.25,579,180989,444180
ZWZ23,2023-11-14,581,585,570.25,572,147447,436959
ZWZ23,2023-11-15,572.75,579.25,557,560.5,194631,438174
ZWZ23,2023-11-16,562.25,562.5,547,553.5,165769,439751
ZWZ23,2023-11-17,555.75,557.75,547,550.75,139580,440614
ZWZ23,2023-11-20,550.75,554,541,543.5,124654,443566
ZWZ23,2023-11-21,544,557,541.75,555,143891,446260
ZWZ23,2023-11-22,556,563.5,554.5,555.75,115099,442875
ZWZ23,2023-11-24,555,555.75,546.5,548.75,94140,430318
ZWZ23,2023-11-27,550,552.75,527.5,534.25,184581,428251
ZWZ23,2023-11-28,534,545.5,528,543.75,151356,411837
ZWZ23,2023-11-29,544.5,559,542.75,556,127265,402703
ZWZ23,2023-11-30,557.5,570.25,555.5,570.25,126152,402399
ZWZ23,2023-12-01,569.25,578.25,566.5,577,113691,406910
ZWZ23,2023-12-04,583,595.75,583,595.75,163162,406941
ZWZ23,2023-12-05,601,620.75,597.75,620.75,177334,405309
ZWZ23,2023-12-06,625.75,634,615.75,615.75,199350,385020
ZWZ23,2023-12-07,622.75,626,611.5,626,175675,367329
ZWZ23,2023-12-08,618.75,619,615,615,129589,357933
ZWZ23,2023-12-11,591.25,591.25,591.25,591.25,112845,351617
ZWZ23,2023-12-12,607,607,607,607,86181,347460
ZWZ23,2023-12-13,585.25,585.25,585.25,585.25,103076,354436
ZWH24,2023-12-14,608,619.5,606.5,615.75,79191,353050
ZWH24,2023-12-15,616,630,610.75,629.25,94448,350216
ZWH24,2023-12-18,629.75,632,614.75,617,66299,351701
ZWH24,2023-12-19,618.25,624.25,611.25,622.75,66894,351349
ZWH24,2023-12-20,622.5,625.25,609,610,72259,353643
ZWH24,2023-12-21,611.5,617.25,610.25,612.5,58590,356953
ZWH24,2023-12-22,612.5,618.25,610.75,616.25,46005,357665
ZWH24,2023-12-26,615,639.75,611.5,636.25,80044,362050
ZWH24,2023-12-27,636,637.5,619.25,623,59609,361007
ZWH24,2023-12-28,624.25,636.25,621.75,631.5,49051,357222
ZWH24,2023-12-29,631,633.5,621.5,628,56732,360259
ZWH24,2024-01-02,628.75,628.75,604.75,606.75,102043,366307
ZWH24,2024-01-03,608,609.75,598.25,600.25,116923,372944
ZWH24,2024-01-04,601.5,614.5,591.25,613.5,110865,369806
ZWH24,2024-01-05,613,621.5,611.5,616,72932,367827
ZWH24,2024-01-08,617,617.25,593,596.25,116821,377595
ZWH24,2024-01-09,596,613.75,594,610,93898,373687
ZWH24,2024-01-10,610.25,612,603.75,610.75,75007,377853
ZWH24,2024-01-11,610,614.75,602,603.75,68072,382262
ZWH24,2024-01-12,604,611.75,587.25,596,145668,390419
ZWH24,2024-01-16,596,602.25,576.75,582,101950,400325
ZWH24,2024-01-17,581.5,595.75,577.75,582.5,121512,403918
ZWH24,2024-01-18,583.5,587,573.25,585.5,93101,410061
ZWH24,2024-01-19,586.25,598,584.75,593.25,87622,409549
ZWH24,2024-01-22,593.5,600.25,587,596.5,65735,410456
ZWH24,2024-01-23,596,606.75,593.75,596.5,77218,409879
ZWH24,2024-01-24,598,612.25,596.5,610.75,97027,407914
ZWH24,2024-01-25,611.5,617.25,606.5,612.25,105104,400920
ZWH24,2024-01-26,612,614,592.25,600.25,115763,407230
ZWH24,2024-01-29,601.25,601.75,587.5,593.5,76302,407577
ZWH24,2024-01-30,593.5,606.75,584.5,605.5,91772,409982
ZWH24,2024-01-31,605,605,591.75,595.25,79227,413750
ZWH24,2024-02-01,595.25,603,587,601.5,118826,416253
ZWH24,2024-02-02,601.5,611.5,595.75,599.75,132062,410025
ZWH24,2024-02-05,600,601.75,586.75,590.25,99317,417212
ZWH24,2024-02-06,590.5,597.5,588,595,98976,419546
ZWH24,2024-02-07,594.75,606.75,590.75,602,169755,412468
ZWH24,2024-02-08,601.25,602,583.75,588.5,160862,405068
ZWH24,2024-02-09,591.25,605.5,588,596.75,217330,399539
ZWH24,2024-02-12,596.25,603,588.5,597.5,168563,401257
ZWH24,2024-02-13,597,603.5,592.25,597.5,203086,396009
ZWH24,2024-02-14,597.25,597.75,577.5,585.5,207129,399030
ZWH24,2024-02-15,585.75,585.75,565.25,567,198709,396976
ZWH24,2024-02-16,566,571.75,556.75,560.5,152227,404434
ZWH24,2024-02-20,558.5,585,555.25,582.75,179333,396470
ZWH24,2024-02-21,581.75,584.75,574,583.25,126154,395458
ZWH24,2024-02-22,582,600,579.75,583.25,167032,394433
ZWH24,2024-02-23,584.75,592.5,572.5,573.5,119770,387377
ZWH24,2024-02-26,573.5,578.75,562,577.25,133863,379209
ZWH24,2024-02-27,576,591.75,575.5,586,115465,373389
ZWH24,2024-02-28,586.5,588,569.75,571,100918,370785
ZWH24,2024-02-29,570,582,567,577.5,92341,375452
ZWH24,2024-03-01,577.75,577.75,558.25,560,114997,384115
ZWH24,2024-03-04,564,564.75,563.5,563.5,78417,387802
ZWH24,2024-03-05,554.75,554.75,545.75,545.75,118973,401311
ZWH24,2024-03-06,519.75,521.25,519.75,521.25,217713,406304
ZWH24,2024-03-07,526.5,526.5,520.75,520.75,211477,400265
ZWH24,2024-03-08,528.5,528.5,526.75,526.75,131496,397312
ZWH24,2024-03-11,526.75,537.5,526,537.5,151814,395876
ZWH24,2024-03-12,541,544.75,535.5,535.5,116683,396389
ZWH24,2024-03-13,534.5,535.25,532.25,532.25,103648,399359
ZWK24,2024-03-14,542.75,543,528.25,532.25,128033,407012
ZWK24,2024-03-15,532,537.5,526.75,528.5,77432,410247
ZWK24,2024-03-18,531.25,544,527,542.75,102339,408799
ZWK24,2024-03-19,542.75,553.75,539,552.5,96911,407696
ZWK24,2024-03-20,551.75,553,537,545,100173,413269
ZWK24,2024-03-21,546,552.5,540.25,546.75,78488,411864
ZWK24,2024-03-22,548.5,559.25,539.5,554.75,105805,412603
ZWK24,2024-03-25,559,567,549.5,555,112103,409425
ZWK24,2024-03-26,555,557.5,542.75,543.5,77480,410277
ZWK24,2024-03-27,543.25,549.5,538.5,547.5,86225,412411
ZWK24,2024-03-28,546.5,568.5,544.5,560.25,162735,404197
ZWK24,2024-04-01,562,562.75,547.25,557,93419,410980
ZWK24,2024-04-02,557.5,562.75,543.5,545.25,137383,416265
ZWK24,2024-04-03,545,559.75,540.25,556,118384,420293
ZWK24,2024-04-04,556,562.5,549.5,556.25,136541,420162
ZWK24,2024-04-05,556,574.75,555,567.25,214024,411574
ZWK24,2024-04-08,570.25,573.75,559.5,565.75,189759,407083
ZWK24,2024-04-09,563,564.25,553.5,557.75,158941,398356
ZWK24,2024-04-10,558.5,567.25,555.75,558.5,145577,395719
ZWK24,2024-04-11,558,559.75,548.25,551.75,160158,396945
ZWK24,2024-04-12,552.5,562.5,549.5,556,148764,390021
ZWK24,2024-04-15,555.25,556,544.25,551.75,114586,389791
ZWK24,2024-04-16,550.75,557,542.5,549.75,137816,391304
ZWK24,2024-04-17,550.5,555,536,537,119913,393010
ZWK24,2024-04-18,538,544,534.25,536.75,113212,395414
ZWK24,2024-04-19,536.75,558.75,536,550.25,108706,392492
ZWK24,2024-04-22,549,579.5,548.75,570.25,205809,389398
ZWK24,2024-04-23,572,586,565.75,585,187128,375644
ZWK24,2024-04-24,583.25,598.5,578.75,594.5,175336,371109
ZWK24,2024-04-25,594,605,593.5,602.25,182681,377742
ZWK24,2024-04-26,602,614.5,598.25,603.25,186142,364627
ZWK24,2024-04-29,595.75,604.75,582.75,590.25,174092,363021
ZWK24,2024-04-30,587,587,577.75,585,163025,362572
ZWK24,2024-05-01,580.25,582.25,579,581.5,107992,362146
ZWK24,2024-05-02,592.75,592.75,580.75,586.5,106185,363257
ZWK24,2024-05-03,606,609.25,606,606,150944,364218
ZWK24,2024-05-06,627.5,632.25,627.5,632.25,170277,367209
ZWK24,2024-05-07,635,635,624.75,624.75,153734,369477
ZWK24,2024-05-08,616,616,616,616,126227,372035
ZWK24,2024-05-09,624.25,624.25,619.75,619.75,116737,375854
ZWK24,2024-05-10,645.25,647,645.25,645.75,170749,385699
ZWK24,2024-05-13,648,671,645.75,670.25,181725,392548
ZWN24,2024-05-14,686,696,667.75,672.5,156536,394761
ZWN24,2024-05-15,674.25,697,662.25,665.75,158927,395479
ZWN24,2024-05-16,664.25,681.5,656.75,663.25,107804,393316
ZWN24,2024-05-17,662.5,676.5,650.25,651.25,102185,393383
ZWN24,2024-05-20,654,691.25,654,688.75,160433,400484
ZWN24,2024-05-21,687.5,700.75,682,697.5,158541,405252
ZWN24,2024-05-22,697.25,716.75,688.5,693,169326,416169
ZWN24,2024-05-23,694,702.5,682.5,698,122482,418440
ZWN24,2024-05-24,701.25,706,689,697.25,127393,422016
ZWN24,2024-05-28,713,720,693.75,700.25,134179,427563
ZWN24,2024-05-29,701.5,706.25,688.5,692.75,122873,430379
ZWN24,2024-05-30,692.75,693.75,673.25,681,126164,436717
ZWN24,2024-05-31,680.5,691.5,673.75,678.5,106617,438742
ZWN24,2024-06-03,678,697.75,667.5,672.75,161440,439339
ZWN24,2024-06-04,672.5,681.25,657.75,658.25,166210,434569
ZWN24,2024-06-05,659.25,664.25,642.75,646.75,178195,430171
ZWN24,2024-06-06,649.75,654,638.25,639.5,170741,429137
ZWN24,2024-06-07,639.5,639.5,618.25,627.5,280935,413364
ZWN24,2024-06-10,626,627,606.25,607.5,253230,421028
ZWN24,2024-06-11,606.75,633,605.5,626.5,290399,395778
ZWN24,2024-06-12,626,627.75,610.5,617,186110,393234
ZWN24,2024-06-13,614.5,627.25,612.5,620,186150,396840
ZWN24,2024-06-14,618.25,622.5,611,612.75,181594,393135
ZWN24,2024-06-17,607.75,610.25,590.25,591.5,179700,397502
ZWN24,2024-06-18,590,595.25,580,582,164723,401736
ZWN24,2024-06-20,582,582.75,565.5,572.75,217983,411844
ZWN24,2024-06-21,571.25,579.25,557.75,561.5,212381,400327
ZWN24,2024-06-24,562,563,546.5,552.5,162563,398899
ZWN24,2024-06-25,552.5,556,539.75,541.75,169908,401751
ZWN24,2024-06-26,539.75,552.75,538,541.25,140898,406147
ZWN24,2024-06-27,540.5,562.5,539.5,559.75,151311,404106
ZWN24,2024-06-28,559.25,565,547,553.5,132624,406781
ZWN24,2024-07-01,556.5,569.25,552.75,569.25,132202,404268
ZWN24,2024-07-02,562,562,561.5,561.5,95887,402777
ZWN24,2024-07-03,563.75,563.75,554.5,554.5,77472,406017
ZWN24,2024-07-05,573,573,572.25,572.25,78447,407044
ZWN24,2024-07-08,552.25,553,550,553,103618,411526
ZWN24,2024-07-09,554.25,555.25,554.25,554.25,93357,411906
ZWN24,2024-07-10,542,547.25,542,543.5,108818,409676
ZWN24,2024-07-11,543.5,561.25,543.5,554.25,121565,403324
ZWU24,2024-07-12,569.5,571.5,550,550.75,142420,406406
ZWU24,2024-07-15,551,552.5,531,532.5,129293,411271
ZWU24,2024-07-16,531.25,537.5,525.25,530.75,111058,413885
ZWU24,2024-07-17,530.5,546.5,528,539.25,86358,416352
ZWU24,2024-07-18,540.75,546.5,533,535.25,81896,418806
ZWU24,2024-07-19,534.75,556.25,530.5,542.75,109035,418761
ZWU24,2024-07-22,545.25,553.5,540.25,548,88145,420500
ZWU24,2024-07-23,547.75,552,540.5,542.75,71958,421227
ZWU24,2024-07-24,542.5,555.5,537.25,547,88943,415644
ZWU24,2024-07-25,546.75,549.75,536.25,537.75,77461,416630
ZWU24,2024-07-26,537,541.25,522,523.5,95180,423869
ZWU24,2024-07-29,523.5,532.75,514.25,531,91989,428540
ZWU24,2024-07-30,528.75,529.5,517,524,87931,432863
ZWU24,2024-07-31,523,534,515.5,527.25,120362,434799
ZWU24,2024-08-01,526.75,534.75,519.75,532,112778,439972
ZWU24,2024-08-02,532,540.5,528.5,539,98962,438976
ZWU24,2024-08-05,540.25,541.5,519.75,539.5,117245,435566
ZWU24,2024-08-06,540,548.75,531.5,543.25,110538,431547
ZWU24,2024-08-07,544,548.75,534.75,538.25,167399,423149
ZWU24,2024-08-08,537.75,544.5,532.5,537.5,154387,414959
ZWU24,2024-08-09,537.25,552,536.25,542.5,172150,408641
ZWU24,2024-08-12,542.75,547,528,536.75,185820,400352
ZWU24,2024-08-13,538,538.25,525,528.75,163421,401604
ZWU24,2024-08-14,529.25,537.25,524,534.75,201597,410420
ZWU24,2024-08-15,535.75,547.75,527,528.25,161435,412639
ZWU24,2024-08-16,527.25,533.5,523.25,530,123773,416551
ZWU24,2024-08-19,530.5,531.25,521.75,528.25,125305,416853
ZWU24,2024-08-20,528,535.5,525.75,533,121153,414351
ZWU24,2024-08-21,533.75,536.5,519,519.75,123088,415251
ZWU24,2024-08-22,521.25,524,502.5,511,146736,426416
ZWU24,2024-08-23,512,513.75,501.25,502.25,155240,415778
ZWU24,2024-08-26,505.25,506,495.5,498,140718,404913
ZWU24,2024-08-27,497.25,510.75,493.5,508.25,142942,393876
ZWU24,2024-08-28,507,516,505.5,514.25,117839,389599
ZWU24,2024-08-29,513,525,508.25,525,101471,387038
ZWU24,2024-08-30,522.5,534.75,522.5,532.75,85579,387085
ZWU24,2024-09-03,531.5,552,530.5,552,122303,380526
ZWU24,2024-09-04,551.5,568.75,551.5,565.25,131638,370187
ZWU24,2024-09-05,565.5,565.5,557,561,107007,364733
ZWU24,2024-09-06,565.75,565.75,552.25,553.25,92687,363541
ZWU24,2024-09-09,555.5,555.5,555.5,555.5,71876,361776
ZWU24,2024-09-10,554.75,560.25,554.75,558.75,83426,360092
ZWU24,2024-09-11,563.75,563.75,563.75,563.75,69870,359540
ZWU24,2024-09-12,563,569.75,563,563,111683,359336
ZWZ24,2024-09-13,579,598.75,578,594.75,150686,358011
ZWZ24,2024-09-16,594.75,596,574.25,578.5,124444,351762
ZWZ24,2024-09-17,578.5,584.25,571.25,575.75,71641,351043
ZWZ24,2024-09-18,576,582.75,573,575.75,74191,353536
ZWZ24,2024-09-19,575.75,577.25,564,565.5,81282,357328
ZWZ24,2024-09-20,566.25,575.75,565.25,568.5,89040,357007
ZWZ24,2024-09-23,570.5,586.5,569,582.5,98807,359678
ZWZ24,2024-09-24,581.25,589.25,575.25,578,82210,361387
ZWZ24,2024-09-25,579,591.25,573.75,589.25,84681,364344
ZWZ24,2024-09-26,590.5,596.25,582.75,584.25,111561,371009
ZWZ24,2024-09-27,583,583.5,575.5,580,71847,372555
ZWZ24,2024-09-30,579.75,590.75,575.5,584,105163,373967
ZWZ24,2024-10-01,584,602.5,577,599,139848,378936
ZWZ24,2024-10-02,596.25,617.25,596.25,615.25,200817,382988
ZWZ24,2024-10-03,614.25,617.25,601.25,603.5,138646,383278
ZWZ24,2024-10-04,603.75,604.25,587,589.75,125497,385624
ZWZ24,2024-10-07,590.25,595.25,584,592.5,101697,393016
ZWZ24,2024-10-08,593.75,599,587.5,594.75,108583,394347
ZWZ24,2024-10-09,594.75,604.75,594.25,599,102659,391667
ZWZ24,2024-10-10,600.75,609.25,598.5,603.75,110421,389723
ZWZ24,2024-10-11,603.75,611.25,592.5,599,134254,393471
ZWZ24,2024-10-14,598.5,601,584.25,585.25,92562,394941
ZWZ24,2024-10-15,585.5,586.75,578,579.5,127744,398544
ZWZ24,2024-10-16,581.25,587.5,575.25,585,103876,395665
ZWZ24,2024-10-17,584.25,591.75,576.25,589.5,129103,394922
ZWZ24,2024-10-18,590,595.5,570.25,572.75,137414,405720
ZWZ24,2024-10-21,572.75,584.25,570.75,572.25,120118,406389
ZWZ24,2024-10-22,574,578.75,565.75,576,83898,410803
ZWZ24,2024-10-23,575.75,582.75,566.25,578.5,98356,406629
ZWZ24,2024-10-24,579,584.25,575,581.5,95230,404959
ZWZ24,2024-10-25,581.25,585.5,566,569,129178,410137
ZWZ24,2024-10-28,564.25,571.5,557.75,558.75,108772,416570
ZWZ24,2024-10-29,559,572.75,558,570.5,125918,415888
ZWZ24,2024-10-30,571.25,580.5,564,573.25,131827,419021
ZWZ24,2024-10-31,572.75,573.75,563.5,570.5,106433,426014
ZWZ24,2024-11-01,571.5,577.75,564.25,568,100721,433515
ZWZ24,2024-11-04,569,575.75,565,568.75,106812,440288
ZWZ24,2024-11-05,569.5,574.5,565.25,572.5,117846,443288
ZWZ24,2024-11-06,571,577.75,562,573.25,122495,446340
ZWZ24,2024-11-07,574.5,579.5,565,571.5,213948,447566
ZWZ24,2024-11-08,572.5,578.75,566.5,572.5,237928,439481
ZWZ24,2024-11-11,572.75,572.75,551.75,565.5,246487,438244
ZWZ24,2024-11-12,564.75,568.75,549,552.25,228035,446947
ZWZ24,2024-11-13,553.25,553.75,536.25,541,254188,459964
ZWZ24,2024-11-14,540,544.25,528,530.25,214673,466900
ZWZ24,2024-11-15,532,541.25,530.5,536.5,183994,466282
ZWZ24,2024-11-18,541,551,536.75,547.25,165919,457283
ZWZ24,2024-11-19,547.75,558.75,545.5,549.75,146615,448073
ZWZ24,2024-11-20,549.5,555.25,543.5,552.5,123605,437197
ZWZ24,2024-11-21,552.5,557.5,547.75,548.75,115146,436535
ZWZ24,2024-11-22,548,550.5,542.5,544.25,126141,424774
ZWZ24,2024-11-25,544.75,547.5,529.5,535.75,149967,415303
ZWZ24,2024-11-26,535.75,543.5,532.75,539.5,144733,413395
ZWZ24,2024-11-27,538.25,542.75,531,537.75,127823,411116
ZWZ24,2024-11-29,535,545.25,531.75,532.25,77666,414756
ZWZ24,2024-12-02,536.25,539.5,531.25,537.5,88498,422085
ZWZ24,2024-12-03,539,544.75,536.75,536.75,79239,423678
ZWZ24,2024-12-04,537.25,541,533.75,538,82431,424104
ZWZ24,2024-12-05,537.5,546.75,535.5,546.75,80716,421759
ZWZ24,2024-12-06,544.75,546,542.5,542.5,90290,424725
ZWZ24,2024-12-09,541.25,541.25,541.25,541.25,74812,421608
ZWZ24,2024-12-10,545,545,542,542,80135,425812
ZWZ24,2024-12-11,544,552.5,543.5,543.5,83431,422921
ZWZ24,2024-12-12,535,538.75,533.25,538.75,80178,427360
ZWH25,2024-12-13,558.75,561,551.25,552.25,75346,430853
ZWH25,2024-12-16,552.25,559.25,548.5,550,116452,435408
ZWH25,2024-12-17,550.75,552.5,542.5,545,115032,444238
ZWH25,2024-12-18,545,554.25,540,541.25,95662,445172
ZWH25,2024-12-19,541,541.75,530.5,533,133756,458286
ZWH25,2024-12-20,532.5,537.25,529.25,533,89380,459410
ZWH25,2024-12-23,533,544,533,540.5,88722,456600
ZWH25,2024-12-24,539.5,541.5,533.5,534.75,43645,460438
ZWH25,2024-12-26,534.75,544,533.75,541,48526,463390
ZWH25,2024-12-27,542,547.75,537.25,546.5,68077,463511
ZWH25,2024-12-30,547.25,554.75,544.5,548.25,76256,461579
ZWH25,2024-12-31,548.75,552.75,546.75,551.5,53151,460417
ZWH25,2025-01-02,551.75,552.75,542.5,545.75,79465,463955
ZWH25,2025-01-03,545.5,547,527.5,529.25,145044,475855
ZWH25,2025-01-06,530.25,543.75,530.25,540.5,99853,472161
ZWH25,2025-01-07,540.5,544.25,535.25,542.5,78668,471935
ZWH25,2025-01-08,542.75,544.75,534.5,536.25,111156,473588
ZWH25,2025-01-09,535.5,539.25,529.25,534,85469,480398
ZWH25,2025-01-10,533,541.25,526,530.75,200717,484211
ZWH25,2025-01-13,530.5,545.75,528.5,545,139758,481895
ZWH25,2025-01-14,546.25,552.25,542.75,546.25,117742,475561
ZWH25,2025-01-15,546.75,551.5,542,547,94582,472686
ZWH25,2025-01-16,547,547,536.75,537.5,82980,472975
ZWH25,2025-01-17,537.5,542,533.25,538.75,82980,476251
ZWH25,2025-01-21,542,561.75,542,558.75,177698,472269
ZWH25,2025-01-22,558.5,566.75,551.5,554,152030,472503
ZWH25,2025-01-23,554,559,548,554,105497,473324
ZWH25,2025-01-24,550,552.25,541.25,544,139008,482019
ZWH25,2025-01-27,543,543,532,535.5,116881,494827
ZWH25,2025-01-28,535.75,548.5,533.5,545.25,141411,494400
ZWH25,2025-01-29,544.5,564.75,544.5,562.5,156282,489695
ZWH25,2025-01-30,560.75,569.75,559,566.5,171177,482380
ZWH25,2025-01-31,569,569,551.75,559.5,152544,470755
ZWH25,2025-02-03,555,573.75,550.5,566.75,160580,474863
ZWH25,2025-02-04,566.5,579,558,577,165539,475180
ZWH25,2025-02-05,577.25,584.25,569.5,572.25,205397,476593
ZWH25,2025-02-06,572.25,588.75,566.5,587.75,204798,475816
ZWH25,2025-02-07,587.75,592.5,579.75,582.75,226885,461068
ZWH25,2025-02-10,581.25,586,576.25,579.5,219264,453753
ZWH25,2025-02-11,579,588,575.75,577,240464,448461
ZWH25,2025-02-12,576.25,584.5,572.75,574.25,246424,444311
ZWH25,2025-02-13,574,581,571.5,577.75,212724,447083
ZWH25,2025-02-14,577.25,602.75,577.25,600,242294,444562
ZWH25,2025-02-18,598.25,609,593.25,604.75,243036,437417
ZWH25,2025-02-19,605,608.25,588.5,592,184290,431027
ZWH25,2025-02-20,592,595.5,583.5,585.5,125079,430081
ZWH25,2025-02-21,585.5,593,585.25,590,125243,412459
ZWH25,2025-02-24,589.5,589.5,574.75,579,142078,407939
ZWH25,2025-02-25,578.75,581,564.5,572.75,160598,401806
ZWH25,2025-02-26,574.25,577.25,563.75,566,133605,399238
ZWH25,2025-02-27,566,566.5,544,546.75,138533,406826
ZWH25,2025-02-28,547.25,554.5,537,537,116470,406727
ZWH25,2025-03-03,545.5,545.75,531.25,532,160095,417134
ZWH25,2025-03-04,516,518.75,515.5,518.5,200662,427699
ZWH25,2025-03-05,534.5,534.5,527.75,530.75,155321,437644
ZWH25,2025-03-06,537,541.75,537,537,145572,436154
ZWH25,2025-03-07,533.75,533.75,532.75,533.75,109572,438709
ZWH25,2025-03-10,548.25,548.25,545,545.25,128269,433001
ZWH25,2025-03-11,543.75,544.25,541,541,100483,437310
ZWH25,2025-03-12,534,538.75,534,538.75,135025,443943
ZWH25,2025-03-13,549,551.25,547.25,547.25,145982,440453
ZWK25,2025-03-14,562,565,555.25,557,108006,448161
ZWK25,2025-03-17,559,575.25,559,568.5,142851,442104
ZWK25,2025-03-18,568.75,574.75,563.5,565,110746,446942
ZWK25,2025-03-19,564.25,568.5,558,563.5,106622,450081
ZWK25,2025-03-20,565.25,568,552.25,557.25,113349,454644
ZWK25,2025-03-21,557.75,563,553.25,558.25,82017,457011
ZWK25,2025-03-24,561.25,563,545.25,548.25,102199,463271
ZWK25,2025-03-25,548,549.5,541,543.25,108283,464889
ZWK25,2025-03-26,544,545.75,535,535.25,112445,467478
ZWK25,2025-03-27,536.25,537.25,526.5,532,142302,476789
ZWK25,2025-03-28,531.75,533,517.5,528.25,167938,487207
ZWK25,2025-03-31,529.5,539.25,523.5,537,156259,488277
ZWK25,2025-04-01,539,544,533.25,540.5,125107,487607
ZWK25,2025-04-02,541.75,543,532.5,539.25,113344,487756
ZWK25,2025-04-03,526.75,542,525.25,536,160910,487243
ZWK25,2025-04-04,536.75,539.5,520.5,529,161114,490830
ZWK25,2025-04-07,530.75,546.5,525.75,536.5,205484,479855
ZWK25,2025-04-08,537.5,545.75,533.75,540,205868,474640
ZWK25,2025-04-09,539.75,546,536.5,542.25,178696,473793
ZWK25,2025-04-10,543.75,547.5,534.5,538,243215,477459
ZWK25,2025-04-11,537.5,556.75,536.5,555.75,263132,464833
ZWK25,2025-04-14,553,555.25,542.75,547.5,188688,470960
ZWK25,2025-04-15,547.5,551,540.25,542,161331,466135
ZWK25,2025-04-16,542.75,550.5,537,547.75,158857,461864
ZWK25,2025-04-17,548.25,555.75,548,548.75,114599,456707
ZWK25,2025-04-21,549.25,552.75,537.25,538.5,87833,458150
ZWK25,2025-04-22,540,540.75,531.5,535.5,125332,454265
ZWK25,2025-04-23,535.75,537.5,527.75,528.25,102565,450310
ZWK25,2025-04-24,528.75,530.5,524.25,529.25,114202,456164
ZWK25,2025-04-25,529.5,534.75,527.5,530,110550,447662
ZWK25,2025-04-28,529,529,511.5,515.5,177747,446741
ZWK25,2025-04-29,518,521,505,505.75,139288,447242
ZWK25,2025-04-30,507.25,520,505,513,147635,447682
ZWK25,2025-05-01,518.75,523.5,515,515.25,99856,454857
ZWK25,2025-05-02,520.75,530.75,520.75,526.5,107944,450878
ZWK25,2025-05-05,525.25,525.25,514.25,514.25,104797,452369
ZWK25,2025-05-06,520.5,520.5,519,519,89848,456016
ZWK25,2025-05-07,517,518.5,517,518,103279,455919
ZWK25,2025-05-08,511.25,513,511,513,91621,461520
ZWK25,2025-05-09,505.5,505.5,505.5,505.5,99123,471244
ZWK25,2025-05-12,499,499,499,499,140619,474922
ZWK25,2025-05-13,501.5,501.5,501.5,501.5,135615,481487
ZWN25,2025-05-14,518.25,525.5,510.75,524.75,105109,484387
ZWN25,2025-05-15,524.5,533.25,521.75,532.75,121797,482178
ZWN25,2025-05-16,533.5,533.5,523.5,525,87026,482560
ZWN25,2025-05-19,527,536,524.5,529,117870,481880
ZWN25,2025-05-20,530,547.5,528.75,546,142508,478028
ZWN25,2025-05-21,546,556.25,545,549.25,145726,467863
ZWN25,2025-05-22,548.25,552,541.25,544.5,164332,462046
ZWN25,2025-05-23,545,548.5,538.5,542.5,118272,472088
ZWN25,2025-05-27,543.5,544,527.5,528.5,125838,475725
ZWN25,2025-05-28,531,535.75,526.75,530.25,118789,475841
ZWN25,2025-05-29,533,534.75,527.25,534,91225,477189
ZWN25,2025-05-30,534.25,538.5,531.25,534,101128,474623
ZWN25,2025-06-02,534,549.5,533.25,539,156491,474981
ZWN25,2025-06-03,538,545.5,531.75,536,157203,471829
ZWN25,2025-06-04,535.5,547.5,533.5,543.25,145648,471933
ZWN25,2025-06-05,543.5,549.25,540.5,545.5,132312,472044
ZWN25,2025-06-06,545.25,555.75,540.25,554.75,194123,462193
ZWN25,2025-06-09,556,557.75,540,542,210349,452470
ZWN25,2025-06-10,540,542,530.75,534.5,193171,441963
ZWN25,2025-06-11,535,539.25,532,534.25,158921,436739
ZWN25,2025-06-12,534.25,537,526,526.5,189533,431809
ZWN25,2025-06-13,526.75,544.75,522.25,543.75,219301,421077
ZWN25,2025-06-16,545,546.75,531.75,536.5,188299,417271
ZWN25,2025-06-17,536.25,552.25,536.25,549,174196,419798
ZWN25,2025-06-18,549,575,547,574.25,286746,413367
ZWN25,2025-06-20,573,578.25,565.5,567.75,183561,384373
ZWN25,2025-06-23,567,570,549.5,552.75,190638,373983
ZWN25,2025-06-24,552,553,535,535.75,171241,373204
ZWN25,2025-06-25,535,537,526.5,528.25,121865,372160
ZWN25,2025-06-26,528.25,531.5,520.5,521,141571,371523
ZWN25,2025-06-27,521,529.5,520.5,524.75,109010,370002
ZWN25,2025-06-30,530,531.75,523.5,528.75,112144,372071
ZWN25,2025-07-01,527,540.75,526.5,537.25,184927,382143
ZWN25,2025-07-02,546,556,544.75,556,161884,379658
ZWN25,2025-07-03,558,558,547.75,547.75,153177,377583
ZWN25,2025-07-07,538.5,541.75,538,539.75,122824,384128
ZWN25,2025-07-08,547,547,543,543,107262,391310
ZWN25,2025-07-09,545,545,542.75,542.75,87731,392979
ZWN25,2025-07-10,542.75,550.5,542.75,550.25,92829,396963
ZWN25,2025-07-11,548.5,548.5,540.75,540.75,131675,403686
ZWU25,2025-07-14,543,551.5,538.5,541.5,88144,406927
ZWU25,2025-07-15,541.5,545.25,535.5,538,90999,413231
ZWU25,2025-07-16,538.25,543.5,533.5,541.25,104235,418081
ZWU25,2025-07-17,541,542.75,532,533.5,98391,431574
ZWU25,2025-07-18,533.5,550.25,533,546.25,142684,431164
ZWU25,2025-07-21,546,549.5,541,542.25,78027,433411
ZWU25,2025-07-22,541.75,552.75,536.75,549.5,116705,435642
ZWU25,2025-07-23,548.25,552.25,540,540.5,94763,436695
ZWU25,2025-07-24,540.75,546,535,541.5,106794,442286
ZWU25,2025-07-25,541,544,534,538.25,65905,440076
ZWU25,2025-07-28,536.5,540,532.25,538.5,78741,443433
ZWU25,2025-07-29,538.25,539,526,529.75,142151,445847
ZWU25,2025-07-30,529.75,532,523.25,523.75,125671,455819
ZWU25,2025-07-31,523.25,525.75,516.75,523.25,151111,466070
ZWU25,2025-08-01,523,526,516.25,516.75,125656,474480
ZWU25,2025-08-04,517.5,523,513,516.75,137950,492226
ZWU25,2025-08-05,516.75,517.5,507,508.25,132159,494130
ZWU25,2025-08-06,508.25,509.5,504,508.5,144143,507268
ZWU25,2025-08-07,508.5,520,508.5,518.25,182508,503088
ZWU25,2025-08-08,518,521.75,513.75,514.5,172351,493667
ZWU25,2025-08-11,516.5,523.25,513.25,515,186982,483539
ZWU25,2025-08-12,514.25,515,503.25,505,264798,487569
ZWU25,2025-08-13,505,510.75,502.25,507.25,188341,494746
ZWU25,2025-08-14,506.25,508.75,500.75,503.5,174456,490457
ZWU25,2025-08-15,504,508.25,502.25,506.5,140119,487170
ZWU25,2025-08-18,506.25,508.75,500.75,502.75,177167,493876
ZWU25,2025-08-19,502.5,502.5,497.5,498.5,155233,492954
ZWU25,2025-08-20,498,508,494.5,505.5,194636,488685
ZWU25,2025-08-21,506,511.5,502,507,195956,487864
ZWU25,2025-08-22,506.25,509.75,503.5,504.75,144452,473417
ZWU25,2025-08-25,504.75,512.25,504.25,506.75,129311,466942
ZWU25,2025-08-26,506.5,512,504,509.5,131312,451551
ZWU25,2025-08-27,508.25,510.25,500.75,502.25,156485,437118
ZWU25,2025-08-28,502,511,499,510.25,123698,426487
ZWU25,2025-08-29,510,518.25,508.75,518,123080,415818
ZWU25,2025-09-02,513.75,513.75,508.5,513,140442,425549
ZWU25,2025-09-03,511,513.5,504,504,116679,441213
ZWU25,2025-09-04,504,504,495.25,502.25,112738,450299
ZWU25,2025-09-05,506.5,506.5,501,501,62938,450920
ZWU25,2025-09-08,503.25,505.5,502,505.5,81392,451730
ZWU25,2025-09-09,503.75,506.75,500.75,500.75,56129,451108
ZWU25,2025-09-10,498,498,495,495,55339,453845
ZWU25,2025-09-11,501.75,503,496.25,503,107834,461374
ZWZ25,2025-09-12,520.75,524,515.25,523.5,84156,459071
ZWZ25,2025-09-15,522.75,529.25,520.25,525,82503,459283
ZWZ25,2025-09-16,525,534.5,524,534,74933,458420
ZWZ25,2025-09-17,533.5,535.75,526,528.25,90982,456383
ZWZ25,2025-09-18,528.25,532.25,523,524.25,65530,458582
ZWZ25,2025-09-19,525,526.75,520.25,522.5,73461,460134
ZWZ25,2025-09-22,522.25,523,508.5,510.75,135658,467316
ZWZ25,2025-09-23,511,521,507.25,520.5,112052,464988
ZWZ25,2025-09-24,520.5,524.5,519,519.5,87266,459074
ZWZ25,2025-09-25,520.5,527.5,518.25,527,88058,459894
ZWZ25,2025-09-26,526.25,527.75,518.75,519.75,86024,457934
ZWZ25,2025-09-29,519,522.5,516.75,519.5,74877,461845
ZWZ25,2025-09-30,519.5,519.75,506.75,508,162154,472182
ZWZ25,2025-10-01,508,510.25,502,509.25,141532,485322
ZWZ25,2025-10-02,509,516,508.25,514.75,100607,485295
ZWZ25,2025-10-03,514,518.5,512.75,515.25,85045,484424
ZWZ25,2025-10-06,515.25,518.25,512,512.75,89999,488736
ZWZ25,2025-10-07,513,514.25,505.75,506.75,93929,494791
ZWZ25,2025-10-08,507,508.75,503.75,507.25,82838,500138
ZWZ25,2025-10-09,508,513.5,506.5,506.5,168533,510886
ZWZ25,2025-10-10,508.5,509.5,496.75,498.5,106039,525824
ZWZ25,2025-10-13,499.25,501.75,494.5,496.75,100473,535253
ZWZ25,2025-10-14,498.5,501.75,492.25,500.25,113268,540599
ZWZ25,2025-10-15,501,501.25,494.75,498.75,104882,540728
ZWZ25,2025-10-16,500,503.75,495.25,502.5,96933,540304
ZWZ25,2025-10-17,502.25,505,500.25,503.75,70905,536619
ZWZ25,2025-10-20,505,507.25,502,504.75,70967,537080
ZWZ25,2025-10-21,504.75,506.25,498,500.25,75970,539975
ZWZ25,2025-10-22,501.75,505.5,498.25,503.75,80669,540057
ZWZ25,2025-10-23,504.75,513.5,502.5,513,102983,537665
ZWZ25,2025-10-24,512,515.5,509.75,512.5,105046,526213
ZWZ25,2025-10-27,517,530.5,516.75,526,187126,520018
ZWZ25,2025-10-28,524,535,524,529,197730,513537
ZWZ25,2025-10-29,528.5,533.75,526.75,532.25,207293,508539
ZWZ25,2025-10-30,533.25,535.5,520.25,524.25,202609,500271
ZWZ25,2025-10-31,524.25,534.25,517.25,534,226170,508675
ZWZ25,2025-11-03,534,545,531.25,543.5,283949,507513
ZWZ25,2025-11-04,542.75,550.5,539.75,550.25,231538,504049
ZWZ25,2025-11-05,549.5,555,546.25,554.75,142745,505956
ZWZ25,2025-11-06,552.75,554.5,534.5,535.5,248508,488205
ZWZ25,2025-11-07,535.5,537.5,526.25,527.75,260951,467600
ZWZ25,2025-11-10,528,537.25,527.5,535.75,222299,455733
ZWZ25,2025-11-11,535.75,539,531.25,536,201651,452246
ZWZ25,2025-11-12,536,536.75,527.5,536,225969,437017
ZWZ25,2025-11-13,536.25,539.25,530.75,535.75,235293,435047
ZWZ25,2025-11-14,535.75,544.5,524.5,527.25,227024,427373
ZWZ25,2025-11-17,526.75,545.75,525.75,544.25,204364,424956
ZWZ25,2025-11-18,544.5,549.75,540.5,546.5,155817,419415
ZWZ25,2025-11-19,546,550.5,535,536.75,141585,416928
ZWZ25,2025-11-20,537,543.25,526,527,155404,415500
ZWZ25,2025-11-21,528.25,532.5,522.75,527,138363,409870
ZWZ25,2025-11-24,528.5,529,519.5,522.25,116367,407904
ZWZ25,2025-11-25,522.5,528.25,520.25,527.25,125406,400363
ZWZ25,2025-11-26,526.75,533.75,523.75,529,123551,394244
ZWZ25,2025-11-28,529.5,532.25,527.25,531,40048,396108
ZWZ25,2025-12-01,535,535,527.5,530.25,106465,400851
ZWZ25,2025-12-02,536,539,529,537.75,126171,405251
ZWZ25,2025-12-03,542.25,542.25,536.5,537.75,82974,407254
ZWZ25,2025-12-04,533,541.75,532.5,541,97902,414752
ZWZ25,2025-12-05,539,540.75,537,537.5,79094,414995
ZWZ25,2025-12-08,536,541.25,536,536,85353,417091
ZWZ25,2025-12-09,535.5,536.25,535,536.25,92143,423535
ZWZ25,2025-12-10,526.5,531.25,526.5,531.25,110885,428865
ZWZ25,2025-12-11,534.5,534.5,534.5,534.5,118059,432837
ZWH26,2025-12-12,534.75,536,529,529.25,88833,434541
ZWH26,2025-12-15,529.5,529.5,519.5,520.75,144525,448579
ZWH26,2025-12-16,521,522.25,507.5,509.5,222711,465597
ZWH26,2025-12-17,510.75,511.5,504,506.25,174739,472142
ZWH26,2025-12-18,507.75,510.75,505.5,507.75,150936,476715
ZWH26,2025-12-19,507.75,511.25,505.5,509.75,112577,488644
ZWH26,2025-12-22,511,518.25,510,515.5,75525,488395
ZWH26,2025-12-23,514.25,518.75,513.75,517,75821,488297
ZWH26,2025-12-24,518.5,525,518,521.75,49692,0